[{"model": "admin_interface.theme", "pk": 1, "fields": {"name": "Django", "active": true, "title": "Django administration", "title_color": "#F5DD5D", "title_visible": true, "logo": "", "logo_color": "#FFFFFF", "logo_max_width": 400, "logo_max_height": 100, "logo_visible": true, "favicon": "", "env_name": "", "env_color": "#E74C3C", "env_visible_in_header": true, "env_visible_in_favicon": true, "language_chooser_active": true, "language_chooser_control": "default-select", "language_chooser_display": "code", "css_header_background_color": "#0C4B33", "css_header_text_color": "#44B78B", "css_header_link_color": "#FFFFFF", "css_header_link_hover_color": "#C9F0DD", "css_module_background_color": "#44B78B", "css_module_background_selected_color": "#FFFFCC", "css_module_text_color": "#FFFFFF", "css_module_link_color": "#FFFFFF", "css_module_link_selected_color": "#FFFFFF", "css_module_link_hover_color": "#C9F0DD", "css_module_rounded_corners": true, "css_generic_link_color": "#0C3C26", "css_generic_link_hover_color": "#156641", "css_generic_link_active_color": "#29B864", "css_save_button_background_color": "#0C4B33", "css_save_button_background_hover_color": "#0C3C26", "css_save_button_text_color": "#FFFFFF", "css_delete_button_background_color": "#BA2121", "css_delete_button_background_hover_color": "#A41515", "css_delete_button_text_color": "#FFFFFF", "related_modal_active": true, "related_modal_background_color": "#000000", "related_modal_background_opacity": "0.3", "related_modal_rounded_corners": true, "related_modal_close_button_visible": true, "list_filter_highlight": true, "list_filter_dropdown": true, "list_filter_sticky": true, "list_filter_removal_links": false, "foldable_apps": true, "show_fieldsets_as_tabs": false, "show_inlines_as_tabs": false, "collapsible_stacked_inlines": false, "collapsible_stacked_inlines_collapsed": true, "collapsible_tabular_inlines": false, "collapsible_tabular_inlines_collapsed": true, "recent_actions_visible": true, "form_submit_sticky": false, "form_pagination_sticky": false}}, {"model": "auth.user", "pk": 1, "fields": {"password": "pbkdf2_sha256$600000$bDmNNsM8EqSDnfwrfKCLfD$pyx+8je2CRbNDgznSXNqa7I9OetVAV9iqcCLtoYALxc=", "last_login": "2023-09-19T06:53:11.261Z", "is_superuser": true, "username": "aahaaglobal", "first_name": "", "last_name": "", "email": "", "is_staff": true, "is_active": true, "date_joined": "2023-09-14T06:50:46Z", "groups": [], "user_permissions": []}}, {"model": "auth.user", "pk": 6, "fields": {"password": "pbkdf2_sha256$600000$Oi7QkpblVRhprCFotp6Sgr$BW8aYUJeepVQZYsQwPlzb5IH078EbAWHQPwPfL7JEnM=", "last_login": "2023-09-19T10:27:36.376Z", "is_superuser": false, "username": "manoj", "first_name": "", "last_name": "", "email": "manoj@gmail.com", "is_staff": true, "is_active": true, "date_joined": "2023-09-14T07:08:47.288Z", "groups": [], "user_permissions": []}}, {"model": "auth.user", "pk": 7, "fields": {"password": "pbkdf2_sha256$600000$fxXMvuqRQn5yNMNR0I48la$hQqGF84ZR0JRTyG3NagDdUA6mR4D89sGUCRRPgiVgzA=", "last_login": "2023-09-14T07:09:38.574Z", "is_superuser": false, "username": "asha", "first_name": "", "last_name": "", "email": "asha@gmail.com", "is_staff": true, "is_active": true, "date_joined": "2023-09-14T07:09:37.562Z", "groups": [], "user_permissions": []}}, {"model": "auth.user", "pk": 8, "fields": {"password": "pbkdf2_sha256$600000$JwuHev547b5EDlMowARKBp$/SIjAERsLjrSF+2uWNEtDjZ5c8U7euFLcHwCgCMIzos=", "last_login": "2023-09-14T09:29:23.002Z", "is_superuser": false, "username": "demo", "first_name": "", "last_name": "", "email": "shabeebgedexo@gmail.com", "is_staff": true, "is_active": true, "date_joined": "2023-09-14T09:13:54.738Z", "groups": [], "user_permissions": []}}, {"model": "auth.user", "pk": 9, "fields": {"password": "pbkdf2_sha256$600000$5LyN17WDb6sGqwv8bVo7dc$VGRAEOJz4NhCY/8cK9SwpX1HnwuuL0+JNmJ8Z+G/Uek=", "last_login": "2023-09-14T09:29:08.226Z", "is_superuser": false, "username": "qwert", "first_name": "", "last_name": "", "email": "gejiko3073@recutv.com", "is_staff": true, "is_active": true, "date_joined": "2023-09-14T09:29:07.781Z", "groups": [], "user_permissions": []}}, {"model": "auth.user", "pk": 10, "fields": {"password": "pbkdf2_sha256$600000$aipJu3WvAa5nsmEAkQlS2k$JhHI/43MRZMdZn9DL4Pn2ulUr0O7COnjDtU+kQ6g978=", "last_login": "2023-09-15T08:53:09.930Z", "is_superuser": false, "username": "Magic999", "first_name": "", "last_name": "", "email": "hsjsj@gmail.com", "is_staff": true, "is_active": true, "date_joined": "2023-09-15T06:58:34.375Z", "groups": [], "user_permissions": []}}, {"model": "auth.user", "pk": 12, "fields": {"password": "pbkdf2_sha256$600000$syxknUPoEFqHDYBuaqEeYR$i1mgBH07xIdpUfjyFR9eRkw3po5XUpMPDT6qKNflIjU=", "last_login": "2023-09-17T15:12:44.207Z", "is_superuser": false, "username": "msfhyy", "first_name": "", "last_name": "", "email": "iljamaslovoe9871@rambler.ru", "is_staff": true, "is_active": true, "date_joined": "2023-09-17T15:12:39.958Z", "groups": [], "user_permissions": []}}, {"model": "auth.user", "pk": 13, "fields": {"password": "pbkdf2_sha256$600000$7PmAGowitY9acQYZ8ow5L5$wDFnEX4sJBUlVGyKNF4tJA7YdO3mbQPrxQGVSRuvvqo=", "last_login": "2023-09-19T17:29:25.513Z", "is_superuser": false, "username": "Oxo@", "first_name": "", "last_name": "", "email": "Jimjamagic999@gmail.com", "is_staff": true, "is_active": true, "date_joined": "2023-09-19T05:58:07.578Z", "groups": [], "user_permissions": []}}, {"model": "auth.user", "pk": 14, "fields": {"password": "pbkdf2_sha256$600000$3EELNBhi7DyxRLgBcihWfI$q2lUNU6RcJW9i9Ztk6oG4S9AStx/XCN4A8yOw0IkMik=", "last_login": "2023-09-20T20:30:16.655Z", "is_superuser": false, "username": "Andrewdruff", "first_name": "", "last_name": "", "email": "anomarzen1979@mail.ru", "is_staff": true, "is_active": true, "date_joined": "2023-09-20T20:30:16.194Z", "groups": [], "user_permissions": []}}, {"model": "sessions.session", "pk": "00bwrdfr0foypwb10q3ckgi663f4kigm", "fields": {"session_data": "e30:1qijcj:6QS5MdG0a15aK1kl8DlaoP2qUlTWUXP66wa4s5acOx4", "expire_date": "2023-10-03T22:55:17.838Z"}}, {"model": "sessions.session", "pk": "0210zggqe6ldjmgwbmzoo2ndwqn9ot3l", "fields": {"session_data": "e30:1qgjNE:Jf15SmryFC12zTP77GW_Q3AWR_aJjRDIjYvbvG1YTzA", "expire_date": "2023-09-28T10:15:00.512Z"}}, {"model": "sessions.session", "pk": "081c95bkkm0okc0jdwhgvxivglmp8to0", "fields": {"session_data": "e30:1qiAQ9:QmCeIGc4u32uabm2wqFDg2xjMjXIay8ynmDoFAly0Qs", "expire_date": "2023-10-02T09:19:57.144Z"}}, {"model": "sessions.session", "pk": "0clcg5t850tonq4n8nkergl2g49mp9sp", "fields": {"session_data": "e30:1qgew1:HBwi12LT1AccI7-GIbT-HorjDTJqd_WbLs2SZC5pAik", "expire_date": "2023-09-28T05:30:37.252Z"}}, {"model": "sessions.session", "pk": "0dnuhrasaiglbbq15xr3gitdf32qm3ms", "fields": {"session_data": "e30:1qjTWj:VfrpcBd7TiLhwScLHz8k5yZAO8TvMBO0romuh9AAzII", "expire_date": "2023-10-05T23:56:09.386Z"}}, {"model": "sessions.session", "pk": "0e2egx7uzck5ra8u97rmy5zj9m037a4u", "fields": {"session_data": "e30:1qi4f4:HsyPBmfJe-pWEVkQBac2Sj0AGSVpeb4W_E_A0mkniI0", "expire_date": "2023-10-02T03:10:58.609Z"}}, {"model": "sessions.session", "pk": "0fh5gjao8y5bn6dwfm8dzdn58wzkrz2u", "fields": {"session_data": "e30:1qgf8W:__K0uxBbG6RV-aoztYKY6_HEhjRsr9GIsRV0t5HNd0g", "expire_date": "2023-09-28T05:43:32.605Z"}}, {"model": "sessions.session", "pk": "0fu6nrduwhmnxio9xxvidur75crga9vl", "fields": {"session_data": "e30:1qkBd2:Cq4VZpYaS9UdJK34-79Xc11n3HAwM8zIkFkh5JIlUNI", "expire_date": "2023-10-07T23:01:36.657Z"}}, {"model": "sessions.session", "pk": "0g0k2i8sojm7fir6c71j9fe30vqesjuq", "fields": {"session_data": "e30:1qjAWO:pGeWWyVTUUB1TIOvvKmr1pdr_T7cPO3Vpyq4Jrv1OZo", "expire_date": "2023-10-05T03:38:32.732Z"}}, {"model": "sessions.session", "pk": "0gmkrco1eulbcq7y2zkuczypk7ezv395", "fields": {"session_data": "e30:1qhLEi:86LYh2SfBqXSfdPeeZrbnJ9PltcdayTiN51GUY_liEI", "expire_date": "2023-09-30T02:40:44.073Z"}}, {"model": "sessions.session", "pk": "0hnkxba5yr7763aa89t8sa666g3wumnz", "fields": {"session_data": "e30:1qjd74:A_xyE0HLXuykNl4pU6DKHoVR-OKli-F-PeF9yneyBgU", "expire_date": "2023-10-06T10:10:18.237Z"}}, {"model": "sessions.session", "pk": "0i01lp9891jv5bd2cwc0tatpmaobkn7z", "fields": {"session_data": "e30:1qjU9n:RMMBpUxqu-PdrE20ZTE4cIz-TAfHb6gvoiBx0zWYofE", "expire_date": "2023-10-06T00:36:31.631Z"}}, {"model": "sessions.session", "pk": "0i7j7uofxpzkbdlfdxu2yg9hi2qa6mv6", "fields": {"session_data": "e30:1qgjeo:8bAS65hBYYyDqSzod6P9pZzcCdKrP-WY_fGLK-7RfWk", "expire_date": "2023-09-28T10:33:10.498Z"}}, {"model": "sessions.session", "pk": "0lbt54v22jywj2q2eiz9j8lnmvmr1ioy", "fields": {"session_data": "e30:1qjBvK:Iu1HIo-N6rUWZb4SmKgWidGQCQF2QhtfC_bSiSX2NJQ", "expire_date": "2023-10-05T05:08:22.453Z"}}, {"model": "sessions.session", "pk": "0me2mucgf6v2bxbi3yx3nmdemeqlb94e", "fields": {"session_data": "e30:1qgeyw:F069NgX9GgtiHmv6vujhWFhK3nXA8dd40T8re2nk3NI", "expire_date": "2023-09-28T05:33:38.436Z"}}, {"model": "sessions.session", "pk": "0o972wgg9g33rtazrf7loslku94w83i8", "fields": {"session_data": "e30:1qkSvf:hNrp8zCIiikrTnWjsGZK7Z-EofcGSh5L0C1UQNux--o", "expire_date": "2023-10-08T17:29:59.881Z"}}, {"model": "sessions.session", "pk": "0prp0y84hl08vglhrbkgt2tkrykk27yv", "fields": {"session_data": "e30:1qgN03:ZapsXK2WMJZXbBLxCJWlNZyp4Ezu1H9TN7jUp0foYKM", "expire_date": "2023-09-27T10:21:35.730Z"}}, {"model": "sessions.session", "pk": "12d6jj58x9pswacncdv2qmky9rnyjd7q", "fields": {"session_data": "e30:1qjXBy:EU8wgYVW6Zs2ooAc-xtHaAd7JiiIw0k_01UT_1cthnY", "expire_date": "2023-10-06T03:50:58.355Z"}}, {"model": "sessions.session", "pk": "143yj3buoo6ti0tafaow14m0nj37a4np", "fields": {"session_data": "e30:1qgq8Y:6BpGJ-wJsAVQTktvApF3ZLP8ZDCgrPvldfb8TWE2jac", "expire_date": "2023-09-28T17:28:18.654Z"}}, {"model": "sessions.session", "pk": "18whqfa0xjwo5u8twim9st2xy4nfyrr7", "fields": {"session_data": "e30:1qjd9f:9XUFoqLTgRoTg9kGwBmjHhg8gYysaTiZZUbl4c1abe8", "expire_date": "2023-10-06T10:12:59.714Z"}}, {"model": "sessions.session", "pk": "1b5f7m7o8f6mhjnqbj8kq0dx3r8x65y0", "fields": {"session_data": "e30:1qiAQI:iS460aRNl8MjxTXeAjgEu4uRR-T3w_EMRrnlw3eumwo", "expire_date": "2023-10-02T09:20:06.394Z"}}, {"model": "sessions.session", "pk": "1bry5pvfdel4aylxrprdpzrz58aqmuk4", "fields": {"session_data": "e30:1qgerP:WnxKu8wlDuhUA2uQP3hspVBXG9hbS5pKYJfz53khIw4", "expire_date": "2023-09-28T05:25:51.001Z"}}, {"model": "sessions.session", "pk": "1oxo54u20on59k1cua7wlf7h7aj34uog", "fields": {"session_data": "e30:1qgjRr:n0MZ1UtwcXNh4QozRzcQ5yxy2PkB9RIE8e8daE2Qasc", "expire_date": "2023-09-28T10:19:47.599Z"}}, {"model": "sessions.session", "pk": "1qs0eu8hlz5dk4kuroyq06ru7xtvephr", "fields": {"session_data": "e30:1qgj9b:Y9USWkVFUOjL3As5NbnqvMQSAqOqEosZVVSzxF_m7JE", "expire_date": "2023-09-28T10:00:55.339Z"}}, {"model": "sessions.session", "pk": "1x2uiaem0praou1kjwc40dpys3v8qcoy", "fields": {"session_data": "e30:1qiAS1:YNaJyLRlhNAYh_nebWh8IOQh6exjw0RXu9kSSjWEJ0Y", "expire_date": "2023-10-02T09:21:53.159Z"}}, {"model": "sessions.session", "pk": "1z5494rchdwanow1ygr1qazdxps90acf", "fields": {"session_data": "e30:1qkUF4:QB2lAyABa9GYBhYM6u2XDP2HHJb21sNoyONlwncgXFA", "expire_date": "2023-10-08T18:54:06.539Z"}}, {"model": "sessions.session", "pk": "21bjk9qcx8rq3dg8aqwpvfwmkd8toy2y", "fields": {"session_data": "e30:1qk7k0:UMb8jWZ56wOHqNuroj_HqYPwC1FJy2YDIztG1E5vaY8", "expire_date": "2023-10-07T18:52:32.026Z"}}, {"model": "sessions.session", "pk": "25zttwiuypx7z7yesmdw8s85d46qbnk4", "fields": {"session_data": ".eJxVjMEOwiAQRP-FsyFAXUCP3vsNBHYXqRpISnsy_rtt0oOeJpn3Zt4ixHUpYe08h4nEVXhx-u1SxCfXHdAj1nuT2OoyT0nuijxol2Mjft0O9--gxF62NTvKWSkL0WYFPHi6DIjZkTZ-sICgkjJmC0Dvz-wMYyJtdQatOAKLzxftmTf_:1qgif5:5vUWcgjZV7C5XVnyDtk-zclF4CDbCiwBD3mNUwLHgMA", "expire_date": "2023-09-28T09:29:23.003Z"}}, {"model": "sessions.session", "pk": "2bdxawd33jysz6kdmt9ga0qgbu4w5vdp", "fields": {"session_data": "e30:1qjlTQ:rnAof2-QiepUjYV4zWcU061xV-URK8I5-HdD9_7B4w0", "expire_date": "2023-10-06T19:05:56.637Z"}}, {"model": "sessions.session", "pk": "2gx8kj17d72eikpwyea69nt6jgqyb3u8", "fields": {"session_data": "e30:1qjhVK:bj7u26-9NvcdIuuqdrgshhrcNW_ppBgMbRs7uAGvLKI", "expire_date": "2023-10-06T14:51:38.632Z"}}, {"model": "sessions.session", "pk": "2h2zbwxmy4t644cu0m92se2w24r0wsaw", "fields": {"session_data": "e30:1qhENV:jNeed1al7xacdheuY9oINGgPaPP_ZHoBi8tasA_bB5Y", "expire_date": "2023-09-29T19:21:21.482Z"}}, {"model": "sessions.session", "pk": "2op5rd0w6xtvygd59od8d6lu3vvx2ueu", "fields": {"session_data": "e30:1qgf4y:8LumKB0ezDj0HbtIbYnWGx3VKx941uZeyUh2zyko5zI", "expire_date": "2023-09-28T05:39:52.739Z"}}, {"model": "sessions.session", "pk": "2p33e19y0n0nyz4ggj7h9jp1ttdbnknn", "fields": {"session_data": "e30:1qieYm:Lf40Gvw4cayiMK8be2Jkq-yJ7Dmlmhy96NrRuk2u39g", "expire_date": "2023-10-03T17:30:52.851Z"}}, {"model": "sessions.session", "pk": "2rrjm52lz1lp8eybr0tk3w4ekkl2t1q5", "fields": {"session_data": "e30:1qhRaB:le-WgDq2ndX-gGs7icEvKS17HRRuRAnBXt-JtxHx6PI", "expire_date": "2023-09-30T09:27:19.529Z"}}, {"model": "sessions.session", "pk": "2xb057l6l4zmeyafnr4hnu260k9einmb", "fields": {"session_data": "e30:1qjhVP:9Q3qWS8gHPtuNYir7qixdQ4nJcrJVxLusPV39k08zn8", "expire_date": "2023-10-06T14:51:43.347Z"}}, {"model": "sessions.session", "pk": "34322tp9vhq0eiuxoobqegtf1ajlaqvr", "fields": {"session_data": "e30:1qgjQB:YoU7dOymhhi_Dz0aE1AKdaKQ-Xp2js5DLs4v44ZvhrM", "expire_date": "2023-09-28T10:18:03.846Z"}}, {"model": "sessions.session", "pk": "372738t0eq30ye53ajyh8gjasg804tdp", "fields": {"session_data": "e30:1qk2j4:AtxuUQhnizw3QipmmCsayhGsQrlubnjuSd-fVqKF-1g", "expire_date": "2023-10-07T13:31:14.026Z"}}, {"model": "sessions.session", "pk": "3b3swafjrqzu1swa9ecdffp8wd1f4ygv", "fields": {"session_data": "e30:1qk7ju:fD185PEDJ7-C_4ySI8YvVRp2Mxi759xP_JKjSizhB5U", "expire_date": "2023-10-07T18:52:26.855Z"}}, {"model": "sessions.session", "pk": "3j1b6ey8vaxlyrkz8f1zvdwklzxhxhb8", "fields": {"session_data": "e30:1qgerK:6-ha6lPrgJjWXnaPrD_9Sx38QyyW_K19vIeKv5yvkrE", "expire_date": "2023-09-28T05:25:46.496Z"}}, {"model": "sessions.session", "pk": "3m69nl308fzt69tf00f5wjh8491ovqky", "fields": {"session_data": "e30:1qgjND:mkZ-oel3ZV9Un-uFCST32xABX0EJsNM1e_h1ZkfchD4", "expire_date": "2023-09-28T10:14:59.707Z"}}, {"model": "sessions.session", "pk": "3n6yja4xsyqfp7tz6wkfmw58m8s09bbi", "fields": {"session_data": "e30:1qk7ju:fD185PEDJ7-C_4ySI8YvVRp2Mxi759xP_JKjSizhB5U", "expire_date": "2023-10-07T18:52:26.292Z"}}, {"model": "sessions.session", "pk": "3qv6lb1bq9j12ifp8tt47c5jrjbkoft3", "fields": {"session_data": "e30:1qkevA:1wM2l5QlJe7PpN__nBNDlUPlO9crJ0ru3HsMkm0BP3M", "expire_date": "2023-10-09T06:18:16.127Z"}}, {"model": "sessions.session", "pk": "3su3lnwr207l16xyx455jwnxzke1rgcz", "fields": {"session_data": ".eJxVjDEOwjAMRe-SGUWmcRPDyM4ZIrt2aQGlUtNOiLtDpQ6w_vfef7nM6zLktdqcR3VnF93hdxPuHlY2oHcut8l3U1nmUfym-J1Wf53Unpfd_TsYuA7fWhAC9USJGpWeUmsdg0HA0PTxBK0BMjMpJkVIrGgBo0YRAiXRo3t_AN_eOAQ:1qgik4:SK3a8CKz7q9TBAO1pyYRR4NUGJYH1F9hdQQUGKcVWsc", "expire_date": "2023-09-28T09:34:32.427Z"}}, {"model": "sessions.session", "pk": "3u94vr34hrjl6pjkoccvzc8vyb6cjuay", "fields": {"session_data": "e30:1qgvFG:r-TIF05yjrPA75UNP_ZLb1cjSq2crpvn2uzSD2_kNOA", "expire_date": "2023-09-28T22:55:34.420Z"}}, {"model": "sessions.session", "pk": "400pk2poz6yjuzxc4ufukv223g01uace", "fields": {"session_data": "e30:1qiFgN:K91KA2netZV_a6F_x07meOUs2GLsXEHU31C6YvqJ3Ck", "expire_date": "2023-10-02T14:57:03.547Z"}}, {"model": "sessions.session", "pk": "43n115qfohc7p00cbcum0ctoc19zsokf", "fields": {"session_data": "e30:1qgfDI:-z3UVZbyJRAXR4W_W4tNIMX3-dpRQSLV6s6hYf2xstI", "expire_date": "2023-09-28T05:48:28.727Z"}}, {"model": "sessions.session", "pk": "45cir9jmzakumlltvyy341v6wmrinn7j", "fields": {"session_data": "e30:1qkFXt:AwLfrjNlHIaV1M0YyxYupxWD7Z2-4kXx4zkGDLHP-N0", "expire_date": "2023-10-08T03:12:33.603Z"}}, {"model": "sessions.session", "pk": "46pl51zcvnrnp9brzublvjaokhuut3l8", "fields": {"session_data": "e30:1qivn5:f_M4qZKOuuCo2ithf3VoeS-z-d644mXF92ztItZ3v68", "expire_date": "2023-10-04T11:54:47.547Z"}}, {"model": "sessions.session", "pk": "4gk6nhk847kebwm314q4zmjudbninn6m", "fields": {"session_data": "e30:1qiaNY:_ZLl2ZKOCMMlpA_6c1ic4D6E7MLlrr4oSQnZerPURK4", "expire_date": "2023-10-03T13:03:00.614Z"}}, {"model": "sessions.session", "pk": "4iimj6ip7i8mlajhrqlo0hzgoiiyv6tb", "fields": {"session_data": "e30:1qgfil:TZrf7BbQ24_KSz09JTyhKyiXp1JGxASxqak903YKekw", "expire_date": "2023-09-28T06:20:59.178Z"}}, {"model": "sessions.session", "pk": "4jytxy76tih5dl8dlyyeq7bwlnjtvupu", "fields": {"session_data": "e30:1qho7M:nRHcGHszL1zgDcPpPms0N-L1zpnuXM46RFshFwuEzQw", "expire_date": "2023-10-01T09:31:04.717Z"}}, {"model": "sessions.session", "pk": "4qis3nbo91rywprfatkjienq1503lvbn", "fields": {"session_data": "e30:1qhb8F:sYsOr3yA6rnEpAL6XkFIgqePkMdqDzk1tti7zh6TlW4", "expire_date": "2023-09-30T19:39:07.199Z"}}, {"model": "sessions.session", "pk": "4su2wr4c2u5czpiu1ctd1kvfmcoh6uno", "fields": {"session_data": "e30:1qger5:AQWpUEg26jmxv6crFu3SJkEhqOUMS6c3zjS1MxoU0XI", "expire_date": "2023-09-28T05:25:31.501Z"}}, {"model": "sessions.session", "pk": "54hy0f0e5hervrcwy7a2692q21zvcsic", "fields": {"session_data": "e30:1qger3:IprF9rnJpntfaWfGa3tNsFmTfRmYQOyyWY7GnUD24E4", "expire_date": "2023-09-28T05:25:29.680Z"}}, {"model": "sessions.session", "pk": "5907rhhkdz1lvun1qg8uy9qp3u4rr9u7", "fields": {"session_data": "e30:1qk7jy:MwQ3kCNqCzoxLRimoSQoYHd2WYIc4nzc-lFIF9yYvNY", "expire_date": "2023-10-07T18:52:30.667Z"}}, {"model": "sessions.session", "pk": "5g1vltst4nl8kzoddcigmkz4747etfyn", "fields": {"session_data": "e30:1qivXe:orKvLcqhlIAtkNZqCYtg_9BSezVVHbMeaLegGlywaHg", "expire_date": "2023-10-04T11:38:50.537Z"}}, {"model": "sessions.session", "pk": "5gfzpu8kkojbqersg2x86yanfpsmna0c", "fields": {"session_data": "e30:1qhRd3:EUklvYcfVlrmh5TyPiQIpyorMlZMpF-XR5V54F3RZ6s", "expire_date": "2023-09-30T09:30:17.448Z"}}, {"model": "sessions.session", "pk": "5gg4eh0lmm6feq27ri6y4pn7l4m2mono", "fields": {"session_data": "e30:1qkhl7:9R6MAO_Bs8Tj6JwQuYgUf7NIuU0JmaeeGHfG9TipjUQ", "expire_date": "2023-10-09T09:20:05.879Z"}}, {"model": "sessions.session", "pk": "5lk7xt2yxyb4z8yc289mwa7fahls9tn5", "fields": {"session_data": ".eJxVjDEOwjAMRe-SGUWmcRPDyM4ZIrt2aQGlUtNOiLtDpQ6w_vfef7nM6zLktdqcR3VnF93hdxPuHlY2oHcut8l3U1nmUfym-J1Wf53Unpfd_TsYuA7fWhAC9USJGpWeUmsdg0HA0PTxBK0BMjMpJkVIrGgBo0YRAiXRo3t_AN_eOAQ:1qgig7:1h6C3Zp0saLlH6INgYmEwL5ewEcDdzA8eFAwyn5Qd2g", "expire_date": "2023-09-28T09:30:27.875Z"}}, {"model": "sessions.session", "pk": "5mbgxx6yvfv8hezojynjf1ou50f5ofwq", "fields": {"session_data": "e30:1qhRbY:f7Je3duZYRZ7KL5jayS6Lj-ieLFhIDdnKibh2aLCEDk", "expire_date": "2023-09-30T09:28:44.028Z"}}, {"model": "sessions.session", "pk": "5omhnjsysnlq4kbcs9q2mvbhhgj1kyo7", "fields": {"session_data": "e30:1qiwWu:UbJmd1tMPMpHzuBQNR50rTPZV6N_VhpbCeBejmto924", "expire_date": "2023-10-04T12:42:08.091Z"}}, {"model": "sessions.session", "pk": "5t5hpv7kbg69m8822m7uo2nu8hbmkhrj", "fields": {"session_data": "e30:1qkhO7:jOl9S87yLx4OVx9yDagTCif1LoFATjjbgwp3GoWgdJI", "expire_date": "2023-10-09T08:56:19.707Z"}}, {"model": "sessions.session", "pk": "5uf4940bb9bqk3ldvxpoqru7070qh38t", "fields": {"session_data": "e30:1qiXop:ghoZraWnBj-j5iF44l6I1FrZhwd1K9Kf69eyse3P5MQ", "expire_date": "2023-10-03T10:18:59.029Z"}}, {"model": "sessions.session", "pk": "5uobi45nbz77r435ppk6xkexeiqmet91", "fields": {"session_data": "e30:1qkc9k:9c2ht-BjIU4ZJvD1vQE9NSXpFsFB4S2VrJppTKvjrsY", "expire_date": "2023-10-09T03:21:08.767Z"}}, {"model": "sessions.session", "pk": "5up6l2ys0si007mqytfxk0v97dr1auzm", "fields": {"session_data": "e30:1qiQHg:Nq3EwwWNU2eqIz5vUGXWHjAG0OAIFf4CebqcY8GSrWY", "expire_date": "2023-10-03T02:16:16.931Z"}}, {"model": "sessions.session", "pk": "5wbx9mkhp34v3hjsjin25sw0lqz8t4q6", "fields": {"session_data": "e30:1qiBBr:WOgt6l9udvuP0i-j_0VE5y9V9pyHKjDAZC6VD1Nvc7c", "expire_date": "2023-10-02T10:09:15.266Z"}}, {"model": "sessions.session", "pk": "5xagbp4oqs5yxtube7ygjcre1toecvbi", "fields": {"session_data": "e30:1qkSvI:760SrHIXqxoDrcZGpou475uXryqAFT-QvHHNckuHRBI", "expire_date": "2023-10-08T17:29:36.776Z"}}, {"model": "sessions.session", "pk": "5xtms4orzgbroa5je4pc30ll0q5akhad", "fields": {"session_data": "e30:1qjTIN:mxIPS3J6TXlB96MiB4GN5-mov6DXWexLBhlbU4cN_VI", "expire_date": "2023-10-05T23:41:19.532Z"}}, {"model": "sessions.session", "pk": "5yv10wggsowwx80pjw257h7j93vwodfa", "fields": {"session_data": "e30:1qjGdQ:gO1lbEKIWiCQ4eDZFjOIjUjz6mGppvpW-5By-7XJOF8", "expire_date": "2023-10-05T10:10:12.376Z"}}, {"model": "sessions.session", "pk": "693xdenspierz8ve75jlz3fb9gfk9cbz", "fields": {"session_data": "e30:1qiB4e:NygFTy-fQzSfyWn7_Nebk1LVR33QRMyxlLxluzValAA", "expire_date": "2023-10-02T10:01:48.278Z"}}, {"model": "sessions.session", "pk": "695h48w2azt67f5orm8t47x81l8fvq7l", "fields": {"session_data": "e30:1qjVsF:oAMn6j_w8niJ_tGuXyH4d4k4gHDNfpVjiC6uXB_lxHk", "expire_date": "2023-10-06T02:26:31.257Z"}}, {"model": "sessions.session", "pk": "6d6mmqsq8i6oc4wishyo740xy3r87n56", "fields": {"session_data": "e30:1qjvtl:iUoXrSdXEILKOFXmX7GbCeKRXMVwv1iodBjEStdIKcY", "expire_date": "2023-10-07T06:13:49.382Z"}}, {"model": "sessions.session", "pk": "6irxuka5sc7584i3fh4emr0sxpglt9pw", "fields": {"session_data": "e30:1qjd7N:5VgbTyVUCs0kTI_SEMmfi2gJidqsoJ6Bz1paLRcais0", "expire_date": "2023-10-06T10:10:37.008Z"}}, {"model": "sessions.session", "pk": "6jwhr6pihdowtaqli35d24ju4lgyro69", "fields": {"session_data": "e30:1qk7k0:UMb8jWZ56wOHqNuroj_HqYPwC1FJy2YDIztG1E5vaY8", "expire_date": "2023-10-07T18:52:32.620Z"}}, {"model": "sessions.session", "pk": "6k3mvdh9rxpyh7krvyyu2yqasxlat16e", "fields": {"session_data": "e30:1qiyZo:XmgWSeAie5sF013zoyyGF3dtlzorCi0zE8ycvD6SfSU", "expire_date": "2023-10-04T14:53:16.293Z"}}, {"model": "sessions.session", "pk": "6l5zr1taik1k855piks4tq4w58iwzhpe", "fields": {"session_data": "e30:1qhFDc:awKV2MNVudOu-2r72BTHmxn772QD7ExqgrQPqoVMYGw", "expire_date": "2023-09-29T20:15:12.219Z"}}, {"model": "sessions.session", "pk": "6s2aapbvdqc6k2mkhrx3c2yrd7xdltzy", "fields": {"session_data": "e30:1qghll:o0mAm_B4sEEwmPW5T6hhtdSf96DaBIVKiOSd6ce_Zis", "expire_date": "2023-09-28T08:32:13.837Z"}}, {"model": "sessions.session", "pk": "6xzuiajc6s81fqtmfs052vj9ux26wyrb", "fields": {"session_data": "e30:1qjd7R:R1KIvhI_kRuMgAtNNmH4wO3hf41b3YL-roiop0Oj1Q0", "expire_date": "2023-10-06T10:10:41.590Z"}}, {"model": "sessions.session", "pk": "6y0lyljtmxml78xl0bopxmk33n2c1nmf", "fields": {"session_data": "e30:1qgjKj:ny3q4SfX2s9mAH9XjpXx3giBUZH1BZX6eClg682DAPs", "expire_date": "2023-09-28T10:12:25.665Z"}}, {"model": "sessions.session", "pk": "6yjhsmf02exqqjgr9pg1hbxnt72vnl7q", "fields": {"session_data": "e30:1qgfEZ:6j0hXOKlb0rmxh31_OdIcMd93k_BPlQI0lOivhSDfpA", "expire_date": "2023-09-28T05:49:47.184Z"}}, {"model": "sessions.session", "pk": "6yvqrpq8q8iyzz90a4xrubwf4kiqn1nu", "fields": {"session_data": ".eJxVjDEOwjAMRe-SGUWmcRPDyM4ZIrt2aQGlUtNOiLtDpQ6w_vfef7nM6zLktdqcR3VnF93hdxPuHlY2oHcut8l3U1nmUfym-J1Wf53Unpfd_TsYuA7fWhAC9USJGpWeUmsdg0HA0PTxBK0BMjMpJkVIrGgBo0YRAiXRo3t_AN_eOAQ:1qgjDV:X_JxsbTdBRZxXei_o66JjwESL2vCqkAirsG5fScs0zU", "expire_date": "2023-09-28T10:04:57.343Z"}}, {"model": "sessions.session", "pk": "74q6nbvrb051ac4js14ax3wfzge81mhd", "fields": {"session_data": "e30:1qgfRz:aXSbeqo0kUp5sWX8bkORVxD1wDGrjOfbw-90IEoMtfs", "expire_date": "2023-09-28T06:03:39.489Z"}}, {"model": "sessions.session", "pk": "7k10yhgux09f37s5rsj13zicw253u253", "fields": {"session_data": "e30:1qkLoI:t7el34Zum_tl3d-oQGhWjHWhFIE5OimwtwmQygJr_Ug", "expire_date": "2023-10-08T09:53:54.996Z"}}, {"model": "sessions.session", "pk": "7smnsrv4q8j9gslrrrkjoz9qmj50tt0e", "fields": {"session_data": "e30:1qhRbX:81R-kfQJgzUZ-R6YjiwGM0ZNfz7CTUFz1jLZf9KPMoQ", "expire_date": "2023-09-30T09:28:43.208Z"}}, {"model": "sessions.session", "pk": "85sz6jd8sxjek56xf24g5zbjgx6a8vxu", "fields": {"session_data": "e30:1qiezt:DlxOS3Zco3uFUSlA8e-VLhaCEoViCqgT4Wjx-MS2rZA", "expire_date": "2023-10-03T17:58:53.969Z"}}, {"model": "sessions.session", "pk": "87kqk550lyi8uh0uiwa4k8a3pcjlro24", "fields": {"session_data": "e30:1qjDi4:Ns5XbkSCbsXRBYttA5rP0PC6t_l_joY_V54d2J6c3NI", "expire_date": "2023-10-05T07:02:48.886Z"}}, {"model": "sessions.session", "pk": "884zj3kks51yo4h9es7ovchckb1c8vvj", "fields": {"session_data": "e30:1qkZFF:q5Vsi-2DIwiH3_CTkN_ujTsKD8ucbbhZkrIDA2tda6g", "expire_date": "2023-10-09T00:14:37.402Z"}}, {"model": "sessions.session", "pk": "8cr956req0s5vgb2wjytto4z3xo2f976", "fields": {"session_data": "e30:1qgfq3:K366b3TE_IJ1M1UOTupAHySlwvAMOOJd-avJc06jS60", "expire_date": "2023-09-28T06:28:31.115Z"}}, {"model": "sessions.session", "pk": "8e89lckxezqvputuvrba6zwpepettok5", "fields": {"session_data": "e30:1qk7k2:-KmX2tkaFx7kTu1JdWJ5mi2dfrVVuuu_WDR8y-0Lvrk", "expire_date": "2023-10-07T18:52:34.311Z"}}, {"model": "sessions.session", "pk": "8im0ramrginw2r31qz0itwj534muu3d0", "fields": {"session_data": "e30:1qgi34:DcnGvRGCTnL3QpjbZSBzBgJhmyeJ55hTD85PKCICZdE", "expire_date": "2023-09-28T08:50:06.631Z"}}, {"model": "sessions.session", "pk": "8iqqgpajdbod6ryu70m6pe61w9ywgrxh", "fields": {"session_data": "e30:1qj30W:DQPAHd22Qpv8UdJNNsmtiOPEFr-J9XZj4eEtEVW4iNI", "expire_date": "2023-10-04T19:37:08.623Z"}}, {"model": "sessions.session", "pk": "8pfdefxrtedbxzrwajxpkefrxwrozehg", "fields": {"session_data": "e30:1qh9X9:WBMxcDRIxBHxZNBiza6e9MhpzWCKRiMda4XE1iDUTO8", "expire_date": "2023-09-29T14:10:59.783Z"}}, {"model": "sessions.session", "pk": "8uwcikti10qjztvn7gj4uff4cwudj7ed", "fields": {"session_data": "e30:1qk7jr:po4WHSpHxamheCxEjuttXRefEM5G4jiX4zykK_c06sY", "expire_date": "2023-10-07T18:52:23.012Z"}}, {"model": "sessions.session", "pk": "952s8twqh6kiz3tp1qritlnhne43f0jz", "fields": {"session_data": "e30:1qgj2O:OVrVwi2HPkmpmuXXOmIgCtru_NCA7tVeXyga30ELpIM", "expire_date": "2023-09-28T09:53:28.668Z"}}, {"model": "sessions.session", "pk": "95qrc1fe47d2uda3xy3afznr9yljxljp", "fields": {"session_data": "e30:1qgiUe:Xjr799UJlsfx2rMjGyHSX-us3wWTgg7M9srLdJLLs00", "expire_date": "2023-09-28T09:18:36.677Z"}}, {"model": "sessions.session", "pk": "9jqumf41c0pgf3mbmhgheblr7vwuzbh5", "fields": {"session_data": "e30:1qho9X:8HkQTWwzstzWoqKX3tUjxeSRTM3ozzD4x2i-Ugi2URg", "expire_date": "2023-10-01T09:33:19.571Z"}}, {"model": "sessions.session", "pk": "9ltebmskhy6rli766aaq6n1f62iyzus9", "fields": {"session_data": "e30:1qgeyp:ovBE_gFuO2RGNX_8FM9SXt00bNECPUitkqfPYFIO7DA", "expire_date": "2023-09-28T05:33:31.136Z"}}, {"model": "sessions.session", "pk": "9p076l6c3dsii480rvfhoup7a47mrr2i", "fields": {"session_data": "e30:1qggVP:dWHkhFeZOz7XAP32d8hWZNZKYx0k9jA7E8NNdk2m38M", "expire_date": "2023-09-28T07:11:15.879Z"}}, {"model": "sessions.session", "pk": "9qk05sibimglt24dul0m7nw5ik00gfpl", "fields": {"session_data": "e30:1qgjNE:Jf15SmryFC12zTP77GW_Q3AWR_aJjRDIjYvbvG1YTzA", "expire_date": "2023-09-28T10:15:00.471Z"}}, {"model": "sessions.session", "pk": "9regrz0hq938my9wn5fih0qwryb8fj5w", "fields": {"session_data": "e30:1qimox:lKAkV4TAKq2xXb0Zpz2I2snSYWjiYvxeo_S2oBbAJd4", "expire_date": "2023-10-04T02:20:07.893Z"}}, {"model": "sessions.session", "pk": "9siq3ueljsp01u7blj5c1f88aqs8h2o4", "fields": {"session_data": "e30:1qk7jr:po4WHSpHxamheCxEjuttXRefEM5G4jiX4zykK_c06sY", "expire_date": "2023-10-07T18:52:23.586Z"}}, {"model": "sessions.session", "pk": "9tgh2lcmx0yjbu0rzt06b5aa149ava5s", "fields": {"session_data": "e30:1qi4i4:y08k0zW_1qGX8Edx-fLXHK2upbMz3yNGdcpdLW90ivc", "expire_date": "2023-10-02T03:14:04.857Z"}}, {"model": "sessions.session", "pk": "a7c5afi8917om3kfu7k2z50gzz2zz5mk", "fields": {"session_data": "e30:1qjfuA:3GzX1z6WdqfPy4FBQsjpsnaYSRG0bRHlAlIPMfx7IrY", "expire_date": "2023-10-06T13:09:10.086Z"}}, {"model": "sessions.session", "pk": "a8hpessxltlw5jqbtyeozipqc7sfynps", "fields": {"session_data": "e30:1qiY7H:nxRXuuASQH8c9wkoc6wn57VVy-0mmS9IVPnVRkWKYCc", "expire_date": "2023-10-03T10:38:03.477Z"}}, {"model": "sessions.session", "pk": "a93fyletf10x1ck2mau3rggtonuz0hsc", "fields": {"session_data": "e30:1qgjKk:-f7nQqgp6LpvUUT4zlrrnfuIPjcbo7NE_yQhoPAoHdE", "expire_date": "2023-09-28T10:12:26.288Z"}}, {"model": "sessions.session", "pk": "ajqpzqlhs69tjc06fqcuy31e7v4l4st9", "fields": {"session_data": "e30:1qkfUg:BPI2pcJyTn1oXosKceWcZAStv0kzA5awKE9L4yZKDtM", "expire_date": "2023-10-09T06:54:58.184Z"}}, {"model": "sessions.session", "pk": "al0jlaxj7vuud1o2l058trvd12g726ap", "fields": {"session_data": "e30:1qiAfA:OWOwgXnnmLJnD0OE49ezmVxf28D3odM6AK5N9v8CUik", "expire_date": "2023-10-02T09:35:28.996Z"}}, {"model": "sessions.session", "pk": "amd3pxv7tuye3kq4bnqhphxaia2k76ly", "fields": {"session_data": "e30:1qj97w:hC0vtiueB4DQI-3tl-y0mLz8JA0cSc7INNSTPrDS4Lk", "expire_date": "2023-10-05T02:09:12.562Z"}}, {"model": "sessions.session", "pk": "ar03l9f5vugl11aj9mdbpjb1o0sdxywm", "fields": {"session_data": "e30:1qkVAt:gmW6WEz4aXa8RpcorE5N3oyju0BYClgIrkUgmVptHSU", "expire_date": "2023-10-08T19:53:51.496Z"}}, {"model": "sessions.session", "pk": "ar6u81c0ces11lgggg8i6sl9u7rmxtk6", "fields": {"session_data": "e30:1qk0EG:uh4zlkXudhqBediDWOOQHXLGWAZgRYFwUy6sYaYffKQ", "expire_date": "2023-10-07T10:51:16.399Z"}}, {"model": "sessions.session", "pk": "atn436ap0uz6uhppumjf1scchir56aei", "fields": {"session_data": "e30:1qkY2f:VZiY_UOzB-TCEEIvuQ3dQ9E9KPhVlmgR_wYZV03GB00", "expire_date": "2023-10-08T22:57:33.071Z"}}, {"model": "sessions.session", "pk": "axgrcjrq3osfil5g9b1y5oq6o0tapodf", "fields": {"session_data": "e30:1qk8ox:e--sIMTdxPHofftnY_THhPsOF-DllRMy4IKBZt4fMf0", "expire_date": "2023-10-07T20:01:43.209Z"}}, {"model": "sessions.session", "pk": "axrj6rp5tl1f2je9bqf3z4s8owxvvl8b", "fields": {"session_data": "e30:1qiB9s:bzL700HkTkWWlrdm1eKG2MD5Lq76IIZMWlyvfU4NFE0", "expire_date": "2023-10-02T10:07:12.904Z"}}, {"model": "sessions.session", "pk": "ayd47vynb72abjexdg8p02o4k8vy8iu2", "fields": {"session_data": "e30:1qkVAr:L0ruKMeIvPlIUhhfJvUePvDrh2Oq-VBw-Nk8enPHPLE", "expire_date": "2023-10-08T19:53:49.276Z"}}, {"model": "sessions.session", "pk": "b0ixl3grgio19a8l2x4pwiu0jwrp4bde", "fields": {"session_data": "e30:1qiQxc:uYbFAp5Cbddu-wQHR5xdhMMsY6kcXXbn1MaCcxF3JHM", "expire_date": "2023-10-03T02:59:36.759Z"}}, {"model": "sessions.session", "pk": "b1dmpvqdn9jvjl6onfuctmhef8tfs7ts", "fields": {"session_data": "e30:1qk4TP:IJnrdRhGgzTRMPdj1QKyrzsbIeTjusPwCmzk0NYjJZU", "expire_date": "2023-10-07T15:23:11.195Z"}}, {"model": "sessions.session", "pk": "b3hnidhugdls1lsxj5z4m2qiodtcgn25", "fields": {"session_data": "e30:1qjM3v:Cdzg3tT05oKb20YYQ5F-ayH_NGQJGnLpmhkXaCvaqP0", "expire_date": "2023-10-05T15:57:55.334Z"}}, {"model": "sessions.session", "pk": "bfct9eyfdscgpsiq4jukbwud5m39x8gf", "fields": {"session_data": "e30:1qhotE:9d57536OgeCyJbK3P5u-I5c7I8YwN37gLizvDNVsAxs", "expire_date": "2023-10-01T10:20:32.128Z"}}, {"model": "sessions.session", "pk": "bi42iakth07dboyn17en8bsr55e899o0", "fields": {"session_data": "e30:1qjV18:RkF0LfGLfcKGEDlejanSyCp9ijNrdXMcgCzr_Ru4qp8", "expire_date": "2023-10-06T01:31:38.174Z"}}, {"model": "sessions.session", "pk": "bsemydqq8vmg69q1jtqthv5k2ppoynpb", "fields": {"session_data": "e30:1qiBBr:WOgt6l9udvuP0i-j_0VE5y9V9pyHKjDAZC6VD1Nvc7c", "expire_date": "2023-10-02T10:09:15.584Z"}}, {"model": "sessions.session", "pk": "btoia69gp9a437k7pb5qdr16i6t82pnj", "fields": {"session_data": "e30:1qjCyE:2k3VM18n3rhsbF1w1azLrx1nxP9MuTpcndWBIhMCAFQ", "expire_date": "2023-10-05T06:15:26.281Z"}}, {"model": "sessions.session", "pk": "c13f3hy4kq23eyn45np2nhcycm5zgoi1", "fields": {"session_data": "e30:1qjDhw:BEQlPU4DQzWWQbOO5qeX-W9biuLqRCAmfRxPSeI36j0", "expire_date": "2023-10-05T07:02:40.976Z"}}, {"model": "sessions.session", "pk": "c39wrxez4vs9jfvz3qjspxkst79wndnk", "fields": {"session_data": "e30:1qjohZ:VBD_bPWycmMAONWH9S5qdRxGMzvStb-aFcSjXdzaQdM", "expire_date": "2023-10-06T22:32:45.452Z"}}, {"model": "sessions.session", "pk": "c9skhyhsfo1xndj0tllmhmeyxt82r6bl", "fields": {"session_data": "e30:1qk7js:cBbdOQQEXSl-99A8ZE2OAWsRDZkcpjz_Uezw4JE4jMA", "expire_date": "2023-10-07T18:52:24.152Z"}}, {"model": "sessions.session", "pk": "clcf0yu3qgghjrcg2nncqaqa0zz67tda", "fields": {"session_data": "e30:1qgerM:1LWdZCL1IkmxPifTHzH6T0GE03yA1-AZjBRBhUr_pt0", "expire_date": "2023-09-28T05:25:48.838Z"}}, {"model": "sessions.session", "pk": "coobumdu0zz70jchnxwelei93tklsw54", "fields": {"session_data": "e30:1qgMFM:PU3wGEYb2K5T2QrK4DR6Thz9eJtSQrGITod9dWStPZ8", "expire_date": "2023-09-27T09:33:20.858Z"}}, {"model": "sessions.session", "pk": "cp7c16kxfad9wl72f8cp4qcpcqxgw8dj", "fields": {"session_data": "e30:1qjd71:ZbjyJbV463xiW2_ozyPQGwnovpKEgRz_0x-B1X39JN4", "expire_date": "2023-10-06T10:10:15.835Z"}}, {"model": "sessions.session", "pk": "cqpkjxti4bmrjo57xdqxohblu8y3osd7", "fields": {"session_data": "e30:1qgew1:HBwi12LT1AccI7-GIbT-HorjDTJqd_WbLs2SZC5pAik", "expire_date": "2023-09-28T05:30:37.688Z"}}, {"model": "sessions.session", "pk": "cqs9p5phl2ab4nmj7865kpcvhhu45vf5", "fields": {"session_data": "e30:1qja1Y:j3W8rwgLhNJhS9ccwemE1O3XR9qAPqZQtyeDs-lrRLQ", "expire_date": "2023-10-06T06:52:24.659Z"}}, {"model": "sessions.session", "pk": "crkfxaq9cwxdsm4nmazzvfu0v5zjswsr", "fields": {"session_data": "e30:1qiAQ5:mOygqrVSmho51Ag0bHZdjvu0vIc-GyUv_K86ZMgJu14", "expire_date": "2023-10-02T09:19:53.943Z"}}, {"model": "sessions.session", "pk": "d1u70nwdkzgbvj8ojxw0jnjn9l16uw81", "fields": {"session_data": "e30:1qgjQA:rmsJzx11xNQoKTkk41FoiEbkh-3vm3CfXOZROLsulrY", "expire_date": "2023-09-28T10:18:02.969Z"}}, {"model": "sessions.session", "pk": "d39zhhljm59ujiro0voqi46luycl5o9o", "fields": {"session_data": "e30:1qhRak:lMvP0agQnUSL7wMjYhweA53zVXjvlWFFqChuhOiTgR4", "expire_date": "2023-09-30T09:27:54.556Z"}}, {"model": "sessions.session", "pk": "damiu2wgy3q1itljtcz2umkw8ymjilz0", "fields": {"session_data": "e30:1qjlGr:3hzuW1KO_FVOAdHd8W18Ia972FKTYyzRI4D5bqZOOOs", "expire_date": "2023-10-06T18:52:57.547Z"}}, {"model": "sessions.session", "pk": "dg9bcfrsjke59offm92qy1l2v8d0kj8a", "fields": {"session_data": "e30:1qjVm6:PVzBb5fM0ii5HLjkTL8G5klEFNWMknVI6ykk-6tiqeM", "expire_date": "2023-10-06T02:20:10.685Z"}}, {"model": "sessions.session", "pk": "diqteylbikltvnmodr39cd9jyvhomedv", "fields": {"session_data": "e30:1qjUaS:J8jRY8dVQnK134eudX2Z4Npiwbj7dwJ3d3tYvc-7nQY", "expire_date": "2023-10-06T01:04:04.551Z"}}, {"model": "sessions.session", "pk": "djj7vs126kwg84vp3vfd7uvoc0jz2ntn", "fields": {"session_data": "e30:1qkhl7:9R6MAO_Bs8Tj6JwQuYgUf7NIuU0JmaeeGHfG9TipjUQ", "expire_date": "2023-10-09T09:20:05.712Z"}}, {"model": "sessions.session", "pk": "dmwd0lw3tyiwkcjnx7n1x56ladezn7h0", "fields": {"session_data": "e30:1qh49r:mO8G7Qj1M8-TchTRo2flG1HqYLzueYcObMEjirN7QBY", "expire_date": "2023-09-29T08:26:35.462Z"}}, {"model": "sessions.session", "pk": "dn5sycxtz1km50mniust2k21w3s3ezgu", "fields": {"session_data": "e30:1qkZFE:boEva5pkSlFHG1AGz1VBBkG2B6-JreIbhqCtHtaq57I", "expire_date": "2023-10-09T00:14:36.101Z"}}, {"model": "sessions.session", "pk": "drjgi9bh2657r7omh72rxc9j5svel8p0", "fields": {"session_data": "e30:1qjDhn:GwER7uu0ZFl8ygRSJEkw_LUfs7LmhGFOFqaZgMe3_Dg", "expire_date": "2023-10-05T07:02:31.719Z"}}, {"model": "sessions.session", "pk": "drzxjx24vho1uq1jmp7h4knutk1cukkf", "fields": {"session_data": "e30:1qhFuc:zc1nSsNqF9X0Gqu37MDltmfD62CxW8fiLn2F-CdMcZM", "expire_date": "2023-09-29T20:59:38.143Z"}}, {"model": "sessions.session", "pk": "dscljm7ixeb0yrwh354qyrc2zy4horo6", "fields": {"session_data": "e30:1qgjON:DmiBVS8gK6D8jLoWVcCTzleAgc9Fk-y5jERFn3-HAEE", "expire_date": "2023-09-28T10:16:11.817Z"}}, {"model": "sessions.session", "pk": "dtg1o4fyy4ck3o89t5t1xoyxrdu2rpjp", "fields": {"session_data": ".eJxVjEsOAiEQBe_C2hBoaBpduvcME5qPjBpI5rMy3t2ZZBa6rar33mII61KHdc7TMCZxEdqI0y_kEJ-57SY9Qrt3GXtbppHlnsjDzvLWU35dj_bvoIa5bmtGVp6czZCLUa4gRXCgNZvoPZoCnIDOmgHZ48aJ0FuyyoHDmAOJzxfkRza4:1qieXN:S2aNlMzpPL5ZPWyR-biBGly_3WdCAuG7YEwykboKoyI", "expire_date": "2023-10-03T17:29:25.515Z"}}, {"model": "sessions.session", "pk": "dw70kdz1v1k9nc84buv1kj69m90svdrp", "fields": {"session_data": "e30:1qjIfy:vY80CiLM5i4NIRuwEWywGuL1xwxk-7Ml0DkqffErYRc", "expire_date": "2023-10-05T12:20:58.930Z"}}, {"model": "sessions.session", "pk": "dwcfydfbfdaneg8n5l0nhn5da6mceu8z", "fields": {"session_data": "e30:1qkY2d:WmVJAhy2A2E9oo1LM94IkV0g_f8VEvrPriW17MwjCeE", "expire_date": "2023-10-08T22:57:31.912Z"}}, {"model": "sessions.session", "pk": "e2icp7jlz3iy85stoivwxxt83kqd754m", "fields": {"session_data": "e30:1qkFcq:m3-OhFyCTbObpgilSITqezAAYCPHHuLz0KiH8RjvZpU", "expire_date": "2023-10-08T03:17:40.136Z"}}, {"model": "sessions.session", "pk": "e4utr1kq1qw4mdn9sssgpu25hjlb3631", "fields": {"session_data": "e30:1qjDht:caratiaj1FrmWyujJCVQ5cJw5WBsi14cB-4yRzPthfo", "expire_date": "2023-10-05T07:02:37.114Z"}}, {"model": "sessions.session", "pk": "e5fdz8p5x1ce1l354wby823se1eipyg2", "fields": {"session_data": "e30:1qhFDb:Enc_ZV1O9wUYL0NnoigPsHibfK_IM7Pgw1dZER75sY0", "expire_date": "2023-09-29T20:15:11.519Z"}}, {"model": "sessions.session", "pk": "e8i66etxcp6fwmqhboopef8ck167sclj", "fields": {"session_data": "e30:1qkLnZ:ZrucYc7S0_qBIe6WlQg5HykuCwJ-DuEG_6gPYvPg2zc", "expire_date": "2023-10-08T09:53:09.869Z"}}, {"model": "sessions.session", "pk": "ehprtszvoas2ilpha18cqgpdnvhe9692", "fields": {"session_data": "e30:1qgerO:M4QRzage5nJTAFNatTo1-tQuHYwYMbjJLMbI6H_p5bM", "expire_date": "2023-09-28T05:25:50.120Z"}}, {"model": "sessions.session", "pk": "ek7hwmnj323v3a1h29tvfnpkvswg8hmb", "fields": {"session_data": "e30:1qiQxX:p3kp8XB0M55trY85EiGm6HWWT4UUn0XZRjTDLN6eO0A", "expire_date": "2023-10-03T02:59:31.661Z"}}, {"model": "sessions.session", "pk": "ekzp31pvlrgc5noctz490i83bjrr2mve", "fields": {"session_data": "e30:1qkgWL:3g71KwT61JFKEgDtBDnn_Gwz9unq9ZmDWE9KE4scpCk", "expire_date": "2023-10-09T08:00:45.100Z"}}, {"model": "sessions.session", "pk": "eron2fud0kmai7mzhmfrhefpq079blo7", "fields": {"session_data": "e30:1qjStG:GYkjnCblrwqWPUPJ8KjXfgS6WfIXK4of3kbdnbOQa6I", "expire_date": "2023-10-05T23:15:22.748Z"}}, {"model": "sessions.session", "pk": "etfgt3mzpgsb0hrnkfkxzf5ndpdeoa1o", "fields": {"session_data": "e30:1qkGRX:5auqrKaGGw7sDWerJY_7EtioqLk-i73nGn0_XDkdxcU", "expire_date": "2023-10-08T04:10:03.616Z"}}, {"model": "sessions.session", "pk": "exlomq9xide2g35lsduv7ucn9tobo6mz", "fields": {"session_data": "e30:1qh4M1:UHew7AE0KyFCF0Nl1NsOngtXZf_XvcWFmwDPnYnhfjA", "expire_date": "2023-09-29T08:39:09.186Z"}}, {"model": "sessions.session", "pk": "f0rqpuxtydw01m89mw32ww9uondzvj9l", "fields": {"session_data": "e30:1qiBHR:0M9J6WmPyaebYd39exkUVdCD2JzoC8wpNCLUJE235EI", "expire_date": "2023-10-02T10:15:01.122Z"}}, {"model": "sessions.session", "pk": "f2arjno5bjqxh2u04oodirigrfjx4vvp", "fields": {"session_data": "e30:1qigbH:yq4ssDSA_x4RIktdhmPHE--HOGU3dLYiyBIemzZsQ_g", "expire_date": "2023-10-03T19:41:35.711Z"}}, {"model": "sessions.session", "pk": "f2zf67hmre983pzj7plbklwcqq6m6887", "fields": {"session_data": "e30:1qiwWs:rGpTMSmBqroZb2O8ccQUlG-d6hB5ATGsjC0j3_ePq-4", "expire_date": "2023-10-04T12:42:06.893Z"}}, {"model": "sessions.session", "pk": "f7rn5w4driwllprtarqpposrg4gmzsmh", "fields": {"session_data": "e30:1qgerL:jM2dzgx8hPhPiIAE8LyaBH0U7kbHo4TvsBkkkUcV2iI", "expire_date": "2023-09-28T05:25:47.301Z"}}, {"model": "sessions.session", "pk": "f8b3l00lz1n4j8xu53wd66pkktwfmlc3", "fields": {"session_data": "e30:1qkbmp:OeGG0k8zMBTLcdpUWYclNg23kz3q274E__-HVfC9xRM", "expire_date": "2023-10-09T02:57:27.171Z"}}, {"model": "sessions.session", "pk": "f96lpw13jvnk1u54wrzgwoyc5ntych7f", "fields": {"session_data": "e30:1qii9Q:8K4TjzUGbmtK_aflG1RGc6A-tHsaOCgnQIMnUmP-798", "expire_date": "2023-10-03T21:20:56.914Z"}}, {"model": "sessions.session", "pk": "fhq73ge344184lkmtud9kkxmghxqc3w7", "fields": {"session_data": "e30:1qjVRi:v_Vhlxwtt1o-RlGzgcXb95NvD6qgPgOT8WuoVK71d68", "expire_date": "2023-10-06T01:59:06.499Z"}}, {"model": "sessions.session", "pk": "fkcmq3viiomvc59q683wl639xz9y0r4i", "fields": {"session_data": "e30:1qgjKn:G0VIgabV_feyPj8UfSdAkR4W9fT7GWkzBtU8s6uw7QM", "expire_date": "2023-09-28T10:12:29.553Z"}}, {"model": "sessions.session", "pk": "fmtrvjmyhy6my0rxmpgj2g7r38a3yyac", "fields": {"session_data": "e30:1qivn2:dQVG3sbqaLXFHh2acP_TiXTefO4HH81hBUi4Ou9YSmY", "expire_date": "2023-10-04T11:54:44.231Z"}}, {"model": "sessions.session", "pk": "fp2mnlg21tc6jtwi3shiwa5yr54vxoiu", "fields": {"session_data": "e30:1qh492:fLSoUmt0Btu6mye89xRNz-opzJ3WQ0qKsVMAPxj2dSQ", "expire_date": "2023-09-29T08:25:44.988Z"}}, {"model": "sessions.session", "pk": "fwp6geme8kl043vx8scxpxnb73e2ezhh", "fields": {"session_data": "e30:1qjyKo:QuhJz5mmCGXtvQ-goySDew_GOVsYYPvFaqiXIA56ZRA", "expire_date": "2023-10-07T08:49:54.003Z"}}, {"model": "sessions.session", "pk": "fx4izntswn6br4qnb0gyhv6p8lqqd8s4", "fields": {"session_data": "e30:1qkQLK:xXdLLYHnSARnmOmjs8G4EvE9PJvi0XK6L5GU9ofMMH8", "expire_date": "2023-10-08T14:44:18.356Z"}}, {"model": "sessions.session", "pk": "g146r1u7v1c6q8fqmxu2arezo2k5u0xt", "fields": {"session_data": "e30:1qgjRq:1CGYyG7JS9hTk8ITtr7wOYbe4rziDqzhzKo4Hacw5vk", "expire_date": "2023-09-28T10:19:46.754Z"}}, {"model": "sessions.session", "pk": "g1et8kcust3xl5adeobj37tldth8ihr0", "fields": {"session_data": "e30:1qh89m:xCO-wz4dEn1vPVWMZNRJTP5ViWittGoNAgFqChqLYM0", "expire_date": "2023-09-29T12:42:46.704Z"}}, {"model": "sessions.session", "pk": "gb6iggcz3ipamg56i7yt7d8qxhhlk8qx", "fields": {"session_data": "e30:1qggJo:8lPKOR324HnxViB6-8fzU8qCoCKBA6Ek6rawUKOgav0", "expire_date": "2023-09-28T06:59:16.024Z"}}, {"model": "sessions.session", "pk": "gbrppb3ho5f7xc74erzp1ritq92izqe2", "fields": {"session_data": "e30:1qjZuQ:_gFbciy0UnCBqYtCxvPdXZXjO1cHcAfQH86VdQkAy3o", "expire_date": "2023-10-06T06:45:02.912Z"}}, {"model": "sessions.session", "pk": "geql7gu30etp496lma05dxpqe802kqy7", "fields": {"session_data": "e30:1qj30Z:_StSgmRxlt3oGtWpvKLLhAbzwZEkvo0GV3ThYwksKHk", "expire_date": "2023-10-04T19:37:11.838Z"}}, {"model": "sessions.session", "pk": "ghhuna776ytec5c54wlj6g0xj4qmtitk", "fields": {"session_data": ".eJxVzk0KwyAQBeC7uC6ShNFJuird9wwy_iSxTRTUrErvXoUs2uW89_iYN1N0lFUd2SXlLbsyZJffTJN5udAK-6SwRG5iKMlr3ib8bDN_ROu2-7n9A1bKa2PF0EsSIMHouXMjQS9HoVFgR5IAREeGELUFnGECsj0SIIw4wWCcMxVNbvG5JCo-BuV28lt1q063pR31s519vhLcRUE:1qggTq:_2pYYE5tk12qLJ3GKz83Ywn7HHpLEIKNFhIjRhMwCR8", "expire_date": "2023-09-28T07:09:38.580Z"}}, {"model": "sessions.session", "pk": "gldo3kfzs9h0u5f0vkieo2q3q3cti9ca", "fields": {"session_data": "e30:1qjd9U:Mx8Crh4lOhE6RUn09GKQEVx-lHA0-3-QEoqnv4qpvBA", "expire_date": "2023-10-06T10:12:48.934Z"}}, {"model": "sessions.session", "pk": "glqmb8y0ecae1pljeiyrtnx09pzyy44u", "fields": {"session_data": "e30:1qhDKx:WDxbVsNcsM9dXRZQtjyGgE-axhtVnSPJal8tZTjPqY4", "expire_date": "2023-09-29T18:14:39.704Z"}}, {"model": "sessions.session", "pk": "h3tok2r1xh3y18e2jsbeyur19vzkd5nq", "fields": {"session_data": "e30:1qgjQA:rmsJzx11xNQoKTkk41FoiEbkh-3vm3CfXOZROLsulrY", "expire_date": "2023-09-28T10:18:02.973Z"}}, {"model": "sessions.session", "pk": "h9s9fvk600o0fu5flviezkgaewlsd5iv", "fields": {"session_data": "e30:1qk7jz:DtaQjTEWWdF3X0rAXqPjRNsaucLBJrqs9yvVrBetFAs", "expire_date": "2023-10-07T18:52:31.250Z"}}, {"model": "sessions.session", "pk": "hchas9ivhohlamg5gz74jit08zoe6em7", "fields": {"session_data": "e30:1qkFMh:qUJr5xnwaFvvLwK4-N2SU4F3tfmpEjBfPkY_WLthpJ0", "expire_date": "2023-10-08T03:00:59.651Z"}}, {"model": "sessions.session", "pk": "hk66cpclamapnfu511e6up87dvq0h2qx", "fields": {"session_data": "e30:1qiqEB:n7Chp_Qv7Fq84eiuXGsW2TDFPDL11rQxAKB64BPwNkk", "expire_date": "2023-10-04T05:58:23.136Z"}}, {"model": "sessions.session", "pk": "hkjrvhs4wsuaaunztl3olmb1oy82jwxw", "fields": {"session_data": "e30:1qho7v:Cs5oEvdNGWeQaLlr8bE6XEquTS37TL1VgljHR7hsIU8", "expire_date": "2023-10-01T09:31:39.285Z"}}, {"model": "sessions.session", "pk": "hrmsw74ybxbkgun6tw1wwawf6nehkmvb", "fields": {"session_data": "e30:1qkEaW:3tUptpEcM6A1_lS_T8FGEwiUfnr1VHqh1vTVe5VEYBA", "expire_date": "2023-10-08T02:11:12.040Z"}}, {"model": "sessions.session", "pk": "hspmja7zng2wxyf0rh3tgjqswch11ei6", "fields": {"session_data": "e30:1qj2BQ:AZsCYBrVQEUI212oaHa_Z3Jb2XZSKtSwIkKt-mEQ07o", "expire_date": "2023-10-04T18:44:20.805Z"}}, {"model": "sessions.session", "pk": "hupdc9ammjbntnoicq58rv2ezjl6ye9v", "fields": {"session_data": "e30:1qhpsM:IJxZlSRdaFSrAvd2x7i7UAi6bbZf_PXD5_Ikt_HmmmQ", "expire_date": "2023-10-01T11:23:42.284Z"}}, {"model": "sessions.session", "pk": "i2e7e362z48lw6wd9cnez7zzdrtg10ke", "fields": {"session_data": "e30:1qi5Ao:lIR1EVor4fXDXYhbwRBDcTLHBywCRDrNbzsXXENrvaA", "expire_date": "2023-10-02T03:43:46.252Z"}}, {"model": "sessions.session", "pk": "i8olnxdut5pxznkdck1cyoqwfus29fgi", "fields": {"session_data": "e30:1qi9Rg:K3L3F7JB0Iun88K00Piv4G0sopZv5lWPvWVjU5vuXvI", "expire_date": "2023-10-02T08:17:28.230Z"}}, {"model": "sessions.session", "pk": "i98r9puhh6abzyxmv3md4atrvc4xs5zu", "fields": {"session_data": "e30:1qhQbq:5_lmadr8t5jkDSBVhoxon5BsEM3iISGhjh1StE8djKU", "expire_date": "2023-09-30T08:24:58.804Z"}}, {"model": "sessions.session", "pk": "idmj8taxm1pucxt6qukn8gvuv4osbn2h", "fields": {"session_data": "e30:1qivyx:B1AebqNfmgP5x-3BTHeJjCecDa3iKUz1_W3tJyEhfZQ", "expire_date": "2023-10-04T12:07:03.071Z"}}, {"model": "sessions.session", "pk": "idmr8e9q6f4pip0w8v0804mj9toqsjpg", "fields": {"session_data": "e30:1qiW6k:-IkTgUlvZhgHVo_ELGmou6lTUbHKPpkrtZwOAhj59pI", "expire_date": "2023-10-03T08:29:22.919Z"}}, {"model": "sessions.session", "pk": "ih4spg3n65a7zmlow2tnui1lqabmoj2l", "fields": {"session_data": "e30:1qijbt:oBbYA_4LbYN71QaBkeb851RWGmq55yYc_S0iq0kIl7w", "expire_date": "2023-10-03T22:54:25.459Z"}}, {"model": "sessions.session", "pk": "iqwc8b76jlhb3qza7512nee0vfx2ng0w", "fields": {"session_data": "e30:1qiiDx:sjvSZwcvkCdx2-C5yvs53njvoPcEA7t56_iqAmUWeRU", "expire_date": "2023-10-03T21:25:37.913Z"}}, {"model": "sessions.session", "pk": "irguyqpcnhbzaxvfup8gxfqe3po3op01", "fields": {"session_data": "e30:1qgmLm:vj-o1XhSS_ow-EKK_LjrbZTQlMetOdlaTfUUxAvaQ4o", "expire_date": "2023-09-28T13:25:42.735Z"}}, {"model": "sessions.session", "pk": "ixj4sed7xbreaxvinjzhhwomjqosc2p2", "fields": {"session_data": "e30:1qkCl7:gXa4jZegM4eHLqta_tQKxKYZYpCQd2zuYVUEdAzX7fc", "expire_date": "2023-10-08T00:14:01.690Z"}}, {"model": "sessions.session", "pk": "iywarm8thali2dx4fgdp84n2wik7fcdo", "fields": {"session_data": "e30:1qgeyS:rfuNoUM1r4tlch2nYNX3JAVw0uR4jk0gXXMvYNp_vDE", "expire_date": "2023-09-28T05:33:08.115Z"}}, {"model": "sessions.session", "pk": "j0mtjehcr2r5r2yq35dgx30xuqbb3n7b", "fields": {"session_data": "e30:1qgl9B:_UWaxggaA9qaa3x7tDnmDmplc0x636KTbH20MLji3rM", "expire_date": "2023-09-28T12:08:37.490Z"}}, {"model": "sessions.session", "pk": "j0wy4x7wousrcz4myu7fk364jwafhxxp", "fields": {"session_data": "e30:1qger2:-A-1mhQwcS55592_dTsep6zBoSQmOus3Vxn2AqeeFwA", "expire_date": "2023-09-28T05:25:28.726Z"}}, {"model": "sessions.session", "pk": "j34iamhbtvvxq5zi73dwov43spck0bse", "fields": {"session_data": "e30:1qiyZk:qclUwo1DgHocb_P29ASjtCHxSwQAaajmjeiCkX07wQE", "expire_date": "2023-10-04T14:53:12.178Z"}}, {"model": "sessions.session", "pk": "j4ezgz58syno07a4qpp0orp9sq2rzg7z", "fields": {"session_data": "e30:1qjTj8:ku2FYvGUBfXevMwE_I0QOJbSq5rgcMvcsgn1RrAWh2c", "expire_date": "2023-10-06T00:08:58.647Z"}}, {"model": "sessions.session", "pk": "j8sb16u3tny7ximkrp5c9m349311oerl", "fields": {"session_data": "e30:1qkVAs:iXl17AKzGjpP0sYDSQ0GTuqlNIa2GxJ7tPahLO-edu8", "expire_date": "2023-10-08T19:53:50.197Z"}}, {"model": "sessions.session", "pk": "jbjk04cehiwk2wlzxo5k1rqucj1orxxy", "fields": {"session_data": "e30:1qjlTO:ecjySfi3JQsV6ELgjfoY9VYE33qYl1cFdFKDHUWLBYg", "expire_date": "2023-10-06T19:05:54.810Z"}}, {"model": "sessions.session", "pk": "jel6l2wqmel9lr01ewxo3xxfyhda7i1h", "fields": {"session_data": "e30:1qhGhW:eL_lxzxRj6Xw--IC7XcevsNeRlPkMcL9aUSybofr7oI", "expire_date": "2023-09-29T21:50:10.990Z"}}, {"model": "sessions.session", "pk": "jgbg3fuohb9ssjkn128ruerokel62qhw", "fields": {"session_data": "e30:1qhn0c:8Udk_BKqKAa70mdZCriPkaT65_sXN8qeetwguUAmYU8", "expire_date": "2023-10-01T08:20:02.555Z"}}, {"model": "sessions.session", "pk": "jn3itw2u2441ck6cqu86mbc7biuz0mop", "fields": {"session_data": "e30:1qiAPY:JLXh4duihLh7I2uTouaOUFegcJklMUslbp2uzzN0TTA", "expire_date": "2023-10-02T09:19:20.645Z"}}, {"model": "sessions.session", "pk": "jnl3cf2wey31b3pkpcmeso4rv01ktw4y", "fields": {"session_data": "e30:1qjdy5:WMdta2zXgizQ9aM-qwr8DlPRTKb5i1928hLmpiVeqsk", "expire_date": "2023-10-06T11:05:05.755Z"}}, {"model": "sessions.session", "pk": "jsmno5iv50hijseo1yzfn9q27rrxzn32", "fields": {"session_data": "e30:1qh491:IONgJRUMFh1HisWmyet2Cw4pt9mj970NJ_wylqUD_tw", "expire_date": "2023-09-29T08:25:43.646Z"}}, {"model": "sessions.session", "pk": "judioh50a3ivzayqr4e25ot7gft3p8ej", "fields": {"session_data": "e30:1qiASJ:rmmUTIDRniV4xguIVcEH_OF40xZcoye3IvS8AOh9t6M", "expire_date": "2023-10-02T09:22:11.271Z"}}, {"model": "sessions.session", "pk": "jx95qd451ltpzv0eplm2ewzeaqvpheoo", "fields": {"session_data": "e30:1qiQHi:vFdEBo7ph6s6u8bWgV0sid3svAIQ86x7tt5fnw-5f88", "expire_date": "2023-10-03T02:16:18.080Z"}}, {"model": "sessions.session", "pk": "jxkdwa8nmoj4lw887okbmv62uf9yi81u", "fields": {"session_data": "e30:1qhRzS:nV91zcrclVoe8VHhfE-lKsp1iLX3XMRXg4R52bB_m4c", "expire_date": "2023-09-30T09:53:26.443Z"}}, {"model": "sessions.session", "pk": "k4punud42pvdbqxoz1fqnpvvcxhii7o2", "fields": {"session_data": "e30:1qi4Ne:HWJVY2AmKgZGzoGK_MdDtLNYkfTIOS0y8zL-n0CQU1w", "expire_date": "2023-10-02T02:52:58.408Z"}}, {"model": "sessions.session", "pk": "k7z30wpmjplwhs3uw56z5o6c3gl6b3eq", "fields": {"session_data": "e30:1qghll:o0mAm_B4sEEwmPW5T6hhtdSf96DaBIVKiOSd6ce_Zis", "expire_date": "2023-09-28T08:32:13.594Z"}}, {"model": "sessions.session", "pk": "k85mpi3rudsdrlmfo3m08x19zbyas623", "fields": {"session_data": "e30:1qi8Ey:wTFVSpHTnlGLjSLo9rufmXQLZdOG2pQ8SbTKecXMrQ8", "expire_date": "2023-10-02T07:00:16.124Z"}}, {"model": "sessions.session", "pk": "keb02vi4vt0fezckevp570nosrp4ai5y", "fields": {"session_data": "e30:1qki0c:CckOWfyx-VS54EufABYiHCvoj2diISOORVrvkwYG8xI", "expire_date": "2023-10-09T09:36:06.696Z"}}, {"model": "sessions.session", "pk": "kf6vytoq2eifyl5mcw260kzjxmlm1lu4", "fields": {"session_data": "e30:1qkFYA:AqUCAkdi-BOMmlKSjYL0R8ugn238nBZwwgwDBy7EsUY", "expire_date": "2023-10-08T03:12:50.737Z"}}, {"model": "sessions.session", "pk": "kl0wckswt4mbjuufx8xunushl4a7d5lo", "fields": {"session_data": "e30:1qhLBS:5VAzxEkR8xHSfaOITzl4AsAmmXW5it7086kUyXiblyI", "expire_date": "2023-09-30T02:37:22.915Z"}}, {"model": "sessions.session", "pk": "kr3ku7xbm2eh237vem5iaya1leo62siy", "fields": {"session_data": "e30:1qjM3u:suQQp_jfpI11-4YUGxG9c7Arnsl514MRKvpG-oZ_wWw", "expire_date": "2023-10-05T15:57:54.601Z"}}, {"model": "sessions.session", "pk": "krh0n00z6x0unwvmsc42q7zq3xjcenwi", "fields": {"session_data": "e30:1qitwJ:NRmarT89AuVV-uUP4SZRElQgSj-otuHrUkbs7vXT9GM", "expire_date": "2023-10-04T09:56:11.059Z"}}, {"model": "sessions.session", "pk": "ktas89of0xebutlnem2vxwreb8uetpoz", "fields": {"session_data": "e30:1qjCyS:WL2fwyOJzUfzuYBq6Ql5dy2NPL9lPaGleTa1DY9LWJk", "expire_date": "2023-10-05T06:15:40.858Z"}}, {"model": "sessions.session", "pk": "l4re7jlnd3dndiheg3fc4s2x8wlpc0j4", "fields": {"session_data": "e30:1qk1nr:l1kcQnz3wvZy01I1ZBFARX9uBQsr-Qxbklp6h06JpOo", "expire_date": "2023-10-07T12:32:07.635Z"}}, {"model": "sessions.session", "pk": "l5l26nhldk9n44whktiotu6vzd6fkxxy", "fields": {"session_data": "e30:1qk7js:cBbdOQQEXSl-99A8ZE2OAWsRDZkcpjz_Uezw4JE4jMA", "expire_date": "2023-10-07T18:52:24.733Z"}}, {"model": "sessions.session", "pk": "l61ye0pziog18qj4kkraurkpgaf8snfw", "fields": {"session_data": "e30:1qgjKn:G0VIgabV_feyPj8UfSdAkR4W9fT7GWkzBtU8s6uw7QM", "expire_date": "2023-09-28T10:12:29.799Z"}}, {"model": "sessions.session", "pk": "l902h221phchi897thbmxylhvd6ih1ul", "fields": {"session_data": "e30:1qiMaa:2veJ5yIkaEU7iVo0byenlnroBa4E9RdSp9_3Jd7Jjqk", "expire_date": "2023-10-02T22:19:32.944Z"}}, {"model": "sessions.session", "pk": "lcahoot05csl3jxmekxncyb5w5uwgfw3", "fields": {"session_data": "e30:1qk7YD:YYcjnU3_s3KpItjvkUms_2j1pYH6TEAJnZA-KEZhAns", "expire_date": "2023-10-07T18:40:21.636Z"}}, {"model": "sessions.session", "pk": "lefhyaqo26g7hwfqs8ng3ap602iinp5i", "fields": {"session_data": "e30:1qiaNh:FnaClmFBnXSzhQ_UfRx1KBLBfxl7za7kAm7XXnrmZmY", "expire_date": "2023-10-03T13:03:09.574Z"}}, {"model": "sessions.session", "pk": "lk3e8k7wizenftjsovv4724r2ugq4lvm", "fields": {"session_data": "e30:1qjqyG:C2GybxUdUxZNYAVL4VZ0IYf5d278qJBEIkyaaYZPCDk", "expire_date": "2023-10-07T00:58:08.065Z"}}, {"model": "sessions.session", "pk": "llgg2wdzd7d7n82itytui7bd7vcrr22q", "fields": {"session_data": "e30:1qgq8Y:6BpGJ-wJsAVQTktvApF3ZLP8ZDCgrPvldfb8TWE2jac", "expire_date": "2023-09-28T17:28:18.660Z"}}, {"model": "sessions.session", "pk": "lnscuqjegrl6yj6e3ol7d2tty3a4ubnm", "fields": {"session_data": "e30:1qggQL:2hWfHh5x6Mx3JE6pskwQVHfwSpvWP47n4Ga825jrsy4", "expire_date": "2023-09-28T07:06:01.156Z"}}, {"model": "sessions.session", "pk": "lt7lhmgo4w5ppmqg2ket5fmv1kcqlody", "fields": {"session_data": "e30:1qho8x:7y8mkOghpgV6E8x0qwYklNETvo9HJMv7HMCY2V_R-Iw", "expire_date": "2023-10-01T09:32:43.155Z"}}, {"model": "sessions.session", "pk": "lvbiyecsrfmdrloj41y9sk9c7u8myizj", "fields": {"session_data": "e30:1qkWMz:ChG5djEZny3rw9f5ItJTA5bMz301AtqnGOW7Ljx1L0Y", "expire_date": "2023-10-08T21:10:25.701Z"}}, {"model": "sessions.session", "pk": "lz526tzt7vf72l4x4wf4u4yi1zlhev63", "fields": {"session_data": "e30:1qjM3w:PPIMkWRwaSf4ag6upRZ6pQlmZ-pyn9KnKYrPvfUEWyU", "expire_date": "2023-10-05T15:57:56.467Z"}}, {"model": "sessions.session", "pk": "lzezkhgd1hxtltohiwzlp78pj99jferw", "fields": {"session_data": "e30:1qgjRq:1CGYyG7JS9hTk8ITtr7wOYbe4rziDqzhzKo4Hacw5vk", "expire_date": "2023-09-28T10:19:46.734Z"}}, {"model": "sessions.session", "pk": "m4hiy5j72y3mrp4mbxuste05zqp9ozct", "fields": {"session_data": "e30:1qjZ6d:u_xrqcmx6VR-73tRkmRosS-XPjyZL4_7B_IubYRmX1M", "expire_date": "2023-10-06T05:53:35.904Z"}}, {"model": "sessions.session", "pk": "m4zkcafio6k6fvccmiqqloqfck306bex", "fields": {"session_data": "e30:1qiSoL:Up7rWpdqhdbCf_SS-z1RXX7WJej_NxBnBNafXxTlSfE", "expire_date": "2023-10-03T04:58:09.286Z"}}, {"model": "sessions.session", "pk": "m7cljyzxfli308zghvsld2e6sb6i7vuv", "fields": {"session_data": "e30:1qhv9F:ShYXuSyPBhCpMgYH5d8HrTRFN1p0OTx_xeMzTF3IP6Y", "expire_date": "2023-10-01T17:01:29.782Z"}}, {"model": "sessions.session", "pk": "m8xkaemkxvthi5bqm744o9kxwaxjhz8l", "fields": {"session_data": ".eJxVjDsOwjAQRO_iGln4twuU9JzB2vUHB5AtxUmFuDuxlAKaKea9mbfwtC7Frz3NforiIpQ4_HZM4ZnqAPFB9d5kaHWZJ5ZDkTvt8tZiel139--gUC_bOmfUiW02EfSWaM8M2TmAIyFTJhNQYVIhIdshaAfBICCaEzrQQXy-7eM3iA:1qh4E5:t4d8UiyEj5GnuasbaOtzRe8G6ORapxRBM8Z2xluK_Pw", "expire_date": "2023-09-29T08:30:57.608Z"}}, {"model": "sessions.session", "pk": "mcditfz6d7qg5vgyszkzumdpuiqy1fn8", "fields": {"session_data": "e30:1qk7GM:yRit5DBZUkCv-7VSnQWzpg8nb15q2ai0GgvEHQg4Pcw", "expire_date": "2023-10-07T18:21:54.512Z"}}, {"model": "sessions.session", "pk": "mck337yla865bbvbl7xz9ymoivikzslr", "fields": {"session_data": "e30:1qhLFO:YdN3Hg5GgM2oS0NUym4vD78lRJVrCH_e5Ue2UUw50wQ", "expire_date": "2023-09-30T02:41:26.049Z"}}, {"model": "sessions.session", "pk": "mpgjp2hmgehxz4v2wumlqbcq2jayu8n2", "fields": {"session_data": "e30:1qiY7Q:rdjhJqgbfgO6iViHcoyLgh5-DrDCHeAa9y65g4WEPs0", "expire_date": "2023-10-03T10:38:12.883Z"}}, {"model": "sessions.session", "pk": "mrizs53y7t2vxhqw62tk9emsxtidfajg", "fields": {"session_data": "e30:1qgesj:GJBhI5K4sYS8_eCBYfwHGf8Kxk6Kmr2OaWu_5brnBZU", "expire_date": "2023-09-28T05:27:13.764Z"}}, {"model": "sessions.session", "pk": "mta5rgjr64wspb8s7o9pq22n0quj723v", "fields": {"session_data": "e30:1qk7k3:s6OZyJj59XMYADcIMjZMJFNFGQuv_5NpiTmggtko8xY", "expire_date": "2023-10-07T18:52:35.807Z"}}, {"model": "sessions.session", "pk": "myn64te5zgxbntswjb50ia95g8ca62dr", "fields": {"session_data": "e30:1qjXvp:oL_bq_ZJVez5voZUi_d0TwSE8tRh-lTiEngjGkjOf2Q", "expire_date": "2023-10-06T04:38:21.927Z"}}, {"model": "sessions.session", "pk": "mz76ib9vrkh61gf78l9t753dha2vvrwi", "fields": {"session_data": ".eJxVjM0OwiAQhN-FsyFAu_x49O4zkF1YpWpoUtqT8d2lSQ96nPm-mbeIuK0lbo2XOGVxFlqcfjvC9OS6g_zAep9lmuu6TCR3RR60yeuc-XU53L-Dgq30tQsAZJ3VKStIZGB0FKymEPwYwA2ab4ZIKe-VNhxoYM7APSffEaL4fAG-GTd7:1qfz8o:j-Sr6BDaj7mVXD6BNOftKaimhEPXcDsTl-BaXPLchEY", "expire_date": "2023-09-26T08:53:02.341Z"}}, {"model": "sessions.session", "pk": "n0zc3ceklyd1funv58fixwad44n0r943", "fields": {"session_data": "e30:1qk7jw:OG8swY8lLILarQri3ilmvNuRbJvm-eX1D-qEE17WAuc", "expire_date": "2023-10-07T18:52:28.947Z"}}, {"model": "sessions.session", "pk": "n6rp3leamr8sqx3hoku9p9av51j8eazj", "fields": {"session_data": "e30:1qhw6p:nnb8OG7swKInaJ2xRperRXyiDmYLG-UyvMOSlfIZSbM", "expire_date": "2023-10-01T18:03:03.677Z"}}, {"model": "sessions.session", "pk": "n6wcnxzofh0edkd23s5wan62hd3d8kz4", "fields": {"session_data": "e30:1qjqQf:84S-u-VGfHE0ZgZNkWfsbgjC9lx-H86fuQZYE0IM8OA", "expire_date": "2023-10-07T00:23:25.395Z"}}, {"model": "sessions.session", "pk": "n9muzio23s7cc97q58u2j7pfloqk3s98", "fields": {"session_data": "e30:1qk4R2:-MeY89kWUQqzNBWNatoJff0cImrQVY9pRELZbymGRM0", "expire_date": "2023-10-07T15:20:44.371Z"}}, {"model": "sessions.session", "pk": "ne89kxg87djpkoxatkpr7cbsz2nxtlgs", "fields": {"session_data": "e30:1qkXMl:SPuEP0_Fa_PnT0DcHAbt9gAc2BxTkHTa2U1WVNir9Lo", "expire_date": "2023-10-08T22:14:15.338Z"}}, {"model": "sessions.session", "pk": "nhk2or5iud4px39rbzlbzaa29zlhij2g", "fields": {"session_data": ".eJxVjDsOwjAQRO_iGln4twuU9JzB2vUHB5AtxUmFuDuxlAKaKea9mbfwtC7Frz3NforiIpQ4_HZM4ZnqAPFB9d5kaHWZJ5ZDkTvt8tZiel139--gUC_bOmfUiW02EfSWaM8M2TmAIyFTJhNQYVIhIdshaAfBICCaEzrQQXy-7eM3iA:1qh45X:cX_rXbkRegC61BBwnwyKfkEkd4CenQQG562_0ltuiug", "expire_date": "2023-09-29T08:22:07.947Z"}}, {"model": "sessions.session", "pk": "ns6k415rhccdgbeitdx9eu8rltouci3a", "fields": {"session_data": "e30:1qgqwh:ZkkiK23GVxbvWFjIOCKiqkwsGzH5ZujrRs5ZAtxOV_8", "expire_date": "2023-09-28T18:20:07.121Z"}}, {"model": "sessions.session", "pk": "oaix6vqo1350s3fom8ckboz9esoaet66", "fields": {"session_data": "e30:1qid3e:GyNe3rEv6k3M3QOr7PU7KYFZ7OsTIj3iLSakOnzhO1Y", "expire_date": "2023-10-03T15:54:38.392Z"}}, {"model": "sessions.session", "pk": "ocmu3bb2qrt4724fqr8852pjwoh6dapc", "fields": {"session_data": "e30:1qiQHg:Nq3EwwWNU2eqIz5vUGXWHjAG0OAIFf4CebqcY8GSrWY", "expire_date": "2023-10-03T02:16:16.201Z"}}, {"model": "sessions.session", "pk": "ojpc4kg5nq07pq2j0pnnk99lfkln26yd", "fields": {"session_data": "e30:1qiux0:rjGtjCQuhupnCsX8yFgXJ5XJzC0S7W0tm4psz7zlD5A", "expire_date": "2023-10-04T11:00:58.185Z"}}, {"model": "sessions.session", "pk": "ongh84mt47w3t9qo8ttu57ru0p3xo9vn", "fields": {"session_data": "e30:1qhc6V:czF0Md8yTQr43uy60nE7zlHoLxv8y-QFLcpX9znxu8c", "expire_date": "2023-09-30T20:41:23.518Z"}}, {"model": "sessions.session", "pk": "oqcmhqevaqtq5ud62t3u8irhkz4k4hbu", "fields": {"session_data": "e30:1qjN16:TZ7g94Fm3F22uOYmQQ8ufXTCYZfgp8_UCfyp1iHgp2E", "expire_date": "2023-10-05T16:59:04.453Z"}}, {"model": "sessions.session", "pk": "oql71bc8uq10z1ev6wzwfqmrz33w4ydc", "fields": {"session_data": "e30:1qgmLm:vj-o1XhSS_ow-EKK_LjrbZTQlMetOdlaTfUUxAvaQ4o", "expire_date": "2023-09-28T13:25:42.698Z"}}, {"model": "sessions.session", "pk": "or6c7ldkx39qfpt895suuvcmuzdvicgu", "fields": {"session_data": "e30:1qip3V:gaAuML-df51_OX4th-IkxSuvOWuhBJPQVtJkr6k3hxk", "expire_date": "2023-10-04T04:43:17.688Z"}}, {"model": "sessions.session", "pk": "ovm11t9e41gho2bxf15zmnfseqeghg6k", "fields": {"session_data": ".eJxVjEEOwiAQRe_C2hDaAgMu3XsGMsyAVA0kpV0Z765NutDtf-_9lwi4rSVsPS1hZnEWozj9bhHpkeoO-I711iS1ui5zlLsiD9rltXF6Xg7376BgL986amPypIBgIuuIkdgwwBQhA_EAToGyecjsLGs1Ro8GM3qnlbPkvBbvD-54N-w:1qfzMV:tBjtshRYL0XXvj2vMkVCZKcPt-jrSPWZcWDAJJLl6dg", "expire_date": "2023-09-26T09:07:11.056Z"}}, {"model": "sessions.session", "pk": "p2d07wd4kpuxpuk34w5lpdr9afu4mknm", "fields": {"session_data": "e30:1qiVPQ:97068OCW4L-NhzFb1TXZCKhcFb0kWVHXtpDis3TYIpQ", "expire_date": "2023-10-03T07:44:36.624Z"}}, {"model": "sessions.session", "pk": "p6glnpafsapzl2tbg98bqwx5nicmfer9", "fields": {"session_data": "e30:1qiABC:6Stl7l3vPycnqsxIslURLTyxbgs0oqX9gTmS1zJ7Kfg", "expire_date": "2023-10-02T09:04:30.273Z"}}, {"model": "sessions.session", "pk": "p6r86k3pejtvmgjq95myorf8245ro4y5", "fields": {"session_data": "e30:1qhb7E:G1k2jAuarr5d4gVIdF_UHb_tNkFFVvgWEGx8OUjdl0o", "expire_date": "2023-09-30T19:38:04.610Z"}}, {"model": "sessions.session", "pk": "p87tk5fl78d3oxtr8kijf8e97rd4wsg1", "fields": {"session_data": "e30:1qhFsr:JC6FO6KlJvD0hUJgcn0Oq3Xz1VaNW67b1qkJAW2RbCM", "expire_date": "2023-09-29T20:57:49.291Z"}}, {"model": "sessions.session", "pk": "p97x1arp4itllqrt8x9ijxjpaz2w7686", "fields": {"session_data": "e30:1qiZys:uc_ZY-aPBUZFngzBxpBYbziH1XETkZjl41i-Gg7P26I", "expire_date": "2023-10-03T12:37:30.809Z"}}, {"model": "sessions.session", "pk": "pag33a1hnp5cckh5e2dxmcjlzp2bjg6c", "fields": {"session_data": ".eJxVjMsOgyAUBf-FdUNEeXbVdN9vMBe5KBYhAe2m6b9XExft9syceZMetnXqt4qlD45cCWvJ5Xe0MDwxHcTNkMZMh5zWEiw9FHrSSh_ZYbyf7l9ggjrtb9M5byR6zoXkLbeN6KSy3kvU2FimOYDUalCeMcVRcjDCC9ECNB5Z59QeLTiGuhZYQ049LhDi3g1xhgVqzK-MRit2K7DYiIWWjXy-BH1KcQ:1qhtS0:T-Npk5Umt0jDm5ILZV-MNTNtcjWDATU60UDKoiFZ5hw", "expire_date": "2023-10-01T15:12:44.210Z"}}, {"model": "sessions.session", "pk": "pcgx7bzv7w6ugqdocyzxpcx24wya20sk", "fields": {"session_data": "e30:1qiAQo:qHZe3O3DaK0jmVOrE5wheHcMe3kMYLyHkrpFZcr95qk", "expire_date": "2023-10-02T09:20:38.096Z"}}, {"model": "sessions.session", "pk": "pfk6ehws7xn1dmyid2rpy58tw7b32idi", "fields": {"session_data": "e30:1qiGV4:3j3nHQ6kIi06lRFKRMCuOtiQZcfAnxeYeyRMtTsswZA", "expire_date": "2023-10-02T15:49:26.256Z"}}, {"model": "sessions.session", "pk": "pg89kv2gvk0yfg03gt7u4m8ywuddf25i", "fields": {"session_data": "e30:1qgeqf:1XwPvvACyJQfj3Hg9Nr3LRTN50m_YFR1Tp6XPsrcaB0", "expire_date": "2023-09-28T05:25:05.291Z"}}, {"model": "sessions.session", "pk": "pmkpbw0cyow3gtq6sjfh14582xqibr2u", "fields": {"session_data": "e30:1qkaiz:-Dfczd899mSqJ-1AZlu_9z7NXTiPXJEfxE6mgZ2LdX0", "expire_date": "2023-10-09T01:49:25.780Z"}}, {"model": "sessions.session", "pk": "pqpsd1a2dxth2i6ygnp96hh6v3phrml5", "fields": {"session_data": "e30:1qk7jv:2v59obJTf3cIj6XnqpT6gXOQm5bx3og0sdbh-XdVr7Y", "expire_date": "2023-10-07T18:52:27.614Z"}}, {"model": "sessions.session", "pk": "pv6vnar4x5wq45pdoqlkwp2idnzva19e", "fields": {"session_data": "e30:1qjXvt:unJa8lHJa0BcABQmVuCPq-nF24AHIfthzTO9qqIbdj0", "expire_date": "2023-10-06T04:38:25.889Z"}}, {"model": "sessions.session", "pk": "pxrvvden4kyv6441hd5sqk93o988h2xz", "fields": {"session_data": "e30:1qi4f1:1_IeSPK5-mvdVdfNNGAbClWmhlPX3s3mVQZhXQqu5Ak", "expire_date": "2023-10-02T03:10:55.595Z"}}, {"model": "sessions.session", "pk": "qay7mmd8ww3bo9gsxhxj4wbmxchyqz87", "fields": {"session_data": "e30:1qkbml:RQcijOj-bcbcMj-qsMtxyQixaW8HtDBrSFRdq56aY4U", "expire_date": "2023-10-09T02:57:23.713Z"}}, {"model": "sessions.session", "pk": "qc3n53yhwtdljd42m4d5amcjbac4opy6", "fields": {"session_data": "e30:1qjWIr:rHkjocJttFR4jNJR_RFBF2ttIXmomG9wjkricNPP8kk", "expire_date": "2023-10-06T02:54:01.930Z"}}, {"model": "sessions.session", "pk": "qdsg7puuxatds3zy1ah5c67106xzsqv6", "fields": {"session_data": "e30:1qghed:ZJlVgNmgLkIYmUENeR2pw_Jb18nRihTgYW1VETtnIpI", "expire_date": "2023-09-28T08:24:51.222Z"}}, {"model": "sessions.session", "pk": "qi0npiuuhjsqrjtddn2kn7viajvvmpcd", "fields": {"session_data": "e30:1qkfUh:nNe9OY8iZFu6vvmH09y_OJMV_K9WsS8lagrYne97AC8", "expire_date": "2023-10-09T06:54:59.350Z"}}, {"model": "sessions.session", "pk": "qiox1b7d93kthz28d4zjgkyhpkf9rjx0", "fields": {"session_data": "e30:1qgjeo:8bAS65hBYYyDqSzod6P9pZzcCdKrP-WY_fGLK-7RfWk", "expire_date": "2023-09-28T10:33:10.370Z"}}, {"model": "sessions.session", "pk": "qo03rhzppenm4eepukvo2f184rdbktfy", "fields": {"session_data": "e30:1qimSz:-GXLl-3o6bCNGc7uLBSKD0LvbqE_z0fn8c0LuBGvGqI", "expire_date": "2023-10-04T01:57:25.132Z"}}, {"model": "sessions.session", "pk": "qqsls9ganeb3skwj3tqns6mr2fkz563y", "fields": {"session_data": "e30:1qhCf4:FqXZr5Ii_kL91yQ4t0PYnmtFpr7INLC1IkKsVTGhKGU", "expire_date": "2023-09-29T17:31:22.411Z"}}, {"model": "sessions.session", "pk": "qs94f07hhwn3zw0ryloh7ive2w04aaav", "fields": {"session_data": "e30:1qiphv:qnHCHZvPnss8OCjCO9d45ZbDcs9lY9KWtISL5uWEYPk", "expire_date": "2023-10-04T05:25:03.164Z"}}, {"model": "sessions.session", "pk": "qsjsldomok4oz5s03iabk3d8bbkzbsr8", "fields": {"session_data": "e30:1qiV4a:45VvHLZfjorJa5XgsuZAhldERLD-zK0PozwMzRCwzag", "expire_date": "2023-10-03T07:23:04.499Z"}}, {"model": "sessions.session", "pk": "qx24jahh0ez4fb1oaslgjvir1zypjqoq", "fields": {"session_data": "e30:1qk7jx:uLJlXKwFQuygVr_dZDvhx18Lk--02opEKxy1jsBBA2E", "expire_date": "2023-10-07T18:52:29.547Z"}}, {"model": "sessions.session", "pk": "r3chqpjbq7dvj3g17nydekv0sk8yfjp8", "fields": {"session_data": "e30:1qjEjg:5T2jsehb3gt4bk3feuy392jhQ9mbZ_foalEqEb7EE_o", "expire_date": "2023-10-05T08:08:32.965Z"}}, {"model": "sessions.session", "pk": "r5axqx3qfigxrwabn21pu8ghrjd05wmp", "fields": {"session_data": "e30:1qgj2L:oqVOLjo0Ndeu2cxTG60ZP6DxH01rbzrtA2lsGj4Wthk", "expire_date": "2023-09-28T09:53:25.316Z"}}, {"model": "sessions.session", "pk": "r9gkk2jsh52oorvuuvpqvciie78ikj64", "fields": {"session_data": "e30:1qgf0J:S0FC0PpYFeweG5X4QCu6O-2LXjLzsUOrFlhhwmhnCgI", "expire_date": "2023-09-28T05:35:03.201Z"}}, {"model": "sessions.session", "pk": "rca153fcio4aftag1fb2u5e1w85hqjqa", "fields": {"session_data": "e30:1qiARN:jrCwMHYzgv4pZxc8hjYpsHTo8oqUu0S4_669ZFh_W10", "expire_date": "2023-10-02T09:21:13.640Z"}}, {"model": "sessions.session", "pk": "rodxu5d7uznwg2gxc35ojni72orj5tkp", "fields": {"session_data": "e30:1qib13:lTj1rp4TXOiTFW7k-PCN5396DdTmxz6QRfKm71BD4N8", "expire_date": "2023-10-03T13:43:49.760Z"}}, {"model": "sessions.session", "pk": "rs9b0g9eie2sfmwz1etv9d5gtxgnpm2g", "fields": {"session_data": "e30:1qgkKt:YgzHx9Nc381zZpixyqeT407uYwanTUMNqnaf0EgoYzw", "expire_date": "2023-09-28T11:16:39.934Z"}}, {"model": "sessions.session", "pk": "ryc8qh5wniairkwg30iun7td5aths0y2", "fields": {"session_data": "e30:1qkX35:CHfw7TL5x853ATj0MUobTytE9xTm67b3cV4cjuqOAqg", "expire_date": "2023-10-08T21:53:55.434Z"}}, {"model": "sessions.session", "pk": "rzsw4a7gh0ppezzxcyeptw5b9r16sjvz", "fields": {"session_data": "e30:1qk7jt:-HDXCMeXOQboN13B1AKOIwvGlw-DYYDS3nb5V0Q-ahM", "expire_date": "2023-10-07T18:52:25.300Z"}}, {"model": "sessions.session", "pk": "s4zsw24z177msg4h8kxpu7pbr2qdisf4", "fields": {"session_data": "e30:1qgjKw:s5p3h9-cmTQo3Shl4HF4DgNbAbr3qj3R0MAi7tAQqZU", "expire_date": "2023-09-28T10:12:38.274Z"}}, {"model": "sessions.session", "pk": "s5yot6r3sd27m3pu7qvzp75jdnoab9xo", "fields": {"session_data": "e30:1qiG6S:YxSHbVwi46ZR40IewM0mZk0OQvrWoivPnv0OgJHhYms", "expire_date": "2023-10-02T15:24:00.805Z"}}, {"model": "sessions.session", "pk": "sdy856e5y7bn5mvbqzokfweygru86ons", "fields": {"session_data": "e30:1qhHTB:TpOmD_k43zpQn2fQ7B_1hqnfRfPst65iS2EldrWrRCI", "expire_date": "2023-09-29T22:39:25.315Z"}}, {"model": "sessions.session", "pk": "sh38tz7b4mskgi2xa3yfpihkbp8qwnh8", "fields": {"session_data": "e30:1qiU6u:gQbINWPKi57-gWvkISe3WkWagEHJgoVJoIYK1RVOvaU", "expire_date": "2023-10-03T06:21:24.469Z"}}, {"model": "sessions.session", "pk": "sif35jppkj4tb08a1i3621hlrz6bdlw7", "fields": {"session_data": "e30:1qho82:FPs2Y2AtdSg7sBvOSi3m6OoHHztdROsXlqEhDiO_VXk", "expire_date": "2023-10-01T09:31:46.836Z"}}, {"model": "sessions.session", "pk": "sigfuctba46jurd59of9no5vd9g6strz", "fields": {"session_data": "e30:1qghkn:S6JGu7J3-HWQxx8FL48R_xGxiT4XYpcFXmTKhLFPWGo", "expire_date": "2023-09-28T08:31:13.828Z"}}, {"model": "sessions.session", "pk": "t0ydffzemdt0uhpbr6h76763osm453nl", "fields": {"session_data": ".eJxVjDEOwjAMRe-SGUWmcRPDyM4ZIrt2aQGlUtNOiLtDpQ6w_vfef7nM6zLktdqcR3VnF93hdxPuHlY2oHcut8l3U1nmUfym-J1Wf53Unpfd_TsYuA7fWhAC9USJGpWeUmsdg0HA0PTxBK0BMjMpJkVIrGgBo0YRAiXRo3t_AN_eOAQ:1qiXxA:QN0eXrsiCPNIjX26VZSPivPFjIeEyfBtfuwlvOM2eg0", "expire_date": "2023-10-03T10:27:36.378Z"}}, {"model": "sessions.session", "pk": "t6ev8c7b6upwlqrfyto3k5mal8l5hls3", "fields": {"session_data": "e30:1qk9y5:o5daMREKHMqEGnHLUJs38Vl5-OU1FmzhdrIgY42R2tQ", "expire_date": "2023-10-07T21:15:13.309Z"}}, {"model": "sessions.session", "pk": "t7prj8pylsboqv8gaktjpdq3cbkacxqo", "fields": {"session_data": "e30:1qk7jy:MwQ3kCNqCzoxLRimoSQoYHd2WYIc4nzc-lFIF9yYvNY", "expire_date": "2023-10-07T18:52:30.103Z"}}, {"model": "sessions.session", "pk": "tauuzicxf40k9sw9bo6crsdu5qoxkcbz", "fields": {"session_data": "e30:1qiSv8:BufzSXD_Ly4GBUT-3qfJKQH_x48mzOF-NRuWJb1e_lc", "expire_date": "2023-10-03T05:05:10.622Z"}}, {"model": "sessions.session", "pk": "tgx49b70l1rx2ci0qmwsxkwevrd13b4n", "fields": {"session_data": "e30:1qiABF:EfaPqXPUWbDrNu6SBFTi9q-ACPy4TPIRi-p1_AsG92o", "expire_date": "2023-10-02T09:04:33.341Z"}}, {"model": "sessions.session", "pk": "tixyzi56owudar5jg67io0t80vcda5wb", "fields": {"session_data": "e30:1qiXSY:pYesLZQuceN14BYugaRX2d0RT-gFl8ytiuO7g3_r9Vg", "expire_date": "2023-10-03T09:55:58.143Z"}}, {"model": "sessions.session", "pk": "tlkdomh53yuh7u0ix8l0exo0jjn6emxi", "fields": {"session_data": "e30:1qjHlN:i7xcAREbeB3x8KbiBn0XZDyA4A6vEoamqhoRNKuSXtk", "expire_date": "2023-10-05T11:22:29.006Z"}}, {"model": "sessions.session", "pk": "tnnha4wjxixcfvidgm3x3t2w4xzqtce8", "fields": {"session_data": "e30:1qjWjc:ZjHmUT50Lzp0UZ1NqNhmbY4DummIuNolfQOLkJj3UI4", "expire_date": "2023-10-06T03:21:40.917Z"}}, {"model": "sessions.session", "pk": "tpsko1h6n5hs5kf6xx207hjuy0a8rdt7", "fields": {"session_data": "e30:1qkb3K:q60sSVsiruBFlurqlC4zGKMVO68UAqTq6lAfEq4XaNo", "expire_date": "2023-10-09T02:10:26.199Z"}}, {"model": "sessions.session", "pk": "tvquaee8c7gi6zy3vulbs3umbv73ln01", "fields": {"session_data": "e30:1qgi2t:Z-7cR9L-TBHUsFaP-D9vCDW7w5IdXREwLecnoKTkHn4", "expire_date": "2023-09-28T08:49:55.751Z"}}, {"model": "sessions.session", "pk": "tw4jvfvf4fvcz7bp9yj61f5c131buqz9", "fields": {"session_data": "e30:1qkhm6:nK2ZmtsT7Yds3JaKGqUv9QkoyP4Jh2ruvf7tZ90sGOs", "expire_date": "2023-10-09T09:21:06.021Z"}}, {"model": "sessions.session", "pk": "u1f5cnr98r6x544cy86n1vbv0bexfqod", "fields": {"session_data": "e30:1qkFcr:SYs-PE_E7qi9IZHueMGK4gUi8ao2EjLHvKGkA9Qc5iM", "expire_date": "2023-10-08T03:17:41.675Z"}}, {"model": "sessions.session", "pk": "u90rlponk57li98sm1lwywvkch7ivds8", "fields": {"session_data": "e30:1qhqGV:MFx5ifKnkup2euHY4Gif7hiXpEWmKpduAnVu3JSYaXE", "expire_date": "2023-10-01T11:48:39.748Z"}}, {"model": "sessions.session", "pk": "ufu63l9j9c2vkn3islaoxu2vqnh7cjc9", "fields": {"session_data": "e30:1qkSvK:aPQqA2rdPNA-C1TqDhvfGqtq3YcZ9kya0WqwyaV6wFQ", "expire_date": "2023-10-08T17:29:38.451Z"}}, {"model": "sessions.session", "pk": "uiaell77h2qkew4mtvk1dn9t3apd5ubd", "fields": {"session_data": "e30:1qkCl7:gXa4jZegM4eHLqta_tQKxKYZYpCQd2zuYVUEdAzX7fc", "expire_date": "2023-10-08T00:14:01.692Z"}}, {"model": "sessions.session", "pk": "ulcizkwwcc2mi6ryrawpsd504ycn7drj", "fields": {"session_data": "e30:1qiZyp:NuDRFhCiMkVFfEkxpdprffknzcPD2cmN5zgFd90gN6Y", "expire_date": "2023-10-03T12:37:27.598Z"}}, {"model": "sessions.session", "pk": "unni90cx4fjy29q7mnwaqgrq7g33m8mt", "fields": {"session_data": "e30:1qk7k3:s6OZyJj59XMYADcIMjZMJFNFGQuv_5NpiTmggtko8xY", "expire_date": "2023-10-07T18:52:35.214Z"}}, {"model": "sessions.session", "pk": "usitikrtlf5r98xlhbx7cfqiv8vaqywl", "fields": {"session_data": "e30:1qjfQC:-V4Yg0qwAbID2tWKWiOGzuMtIui0pgQiH-NYuaasrAI", "expire_date": "2023-10-06T12:38:12.758Z"}}, {"model": "sessions.session", "pk": "ut3jgtu0um3i4wk6tl36ngrsq1ofmcy2", "fields": {"session_data": "e30:1qhCWq:qaz89IEkRAhMn3UShCHfTQhSrIBevO4SOqg6IcIRJC0", "expire_date": "2023-09-29T17:22:52.589Z"}}, {"model": "sessions.session", "pk": "v2faaye1rdzz2clswkrlr4xk15b36l0a", "fields": {"session_data": "e30:1qkaix:jyLH8ELQhGZGHLadZFoj3OAex0AbfddYkVhAeuPoFQo", "expire_date": "2023-10-09T01:49:23.881Z"}}, {"model": "sessions.session", "pk": "v8cp4sftikmcjw6wess2ttxv3y67g6kz", "fields": {"session_data": "e30:1qj0ay:aGzKdLudOOA7-rDuxvCSAEmk-MMk_ICRjuetPxn5JpM", "expire_date": "2023-10-04T17:02:36.838Z"}}, {"model": "sessions.session", "pk": "v8vvq21hnd8cj9au4syj4ic7soylujuj", "fields": {"session_data": "e30:1qiUKv:X740hVGZkdnDf4DjMID1s_zN3qy0utgPvr4wUK8xG5k", "expire_date": "2023-10-03T06:35:53.334Z"}}, {"model": "sessions.session", "pk": "vakmnn4yoyqrocdeaqgbk7fwho0j45u6", "fields": {"session_data": "e30:1qgi0P:k5hO6qVBh4xL08bl852wRcc16nckeLNy2xip0iuKaVI", "expire_date": "2023-09-28T08:47:21.106Z"}}, {"model": "sessions.session", "pk": "vbq3to7eta41nwfrr22x03qc181ktnnt", "fields": {"session_data": "e30:1qgexe:sIyAYYh6eZqL_ohm_x4QEW3t3ORsFHB0oUL2g2N6xEQ", "expire_date": "2023-09-28T05:32:18.180Z"}}, {"model": "sessions.session", "pk": "vbu8uhiobbaw6lt8jckdpxqtw5nhrbg1", "fields": {"session_data": "e30:1qkgWJ:byxA0_1UiGu0oMbGoQW0dgmQc4hqO-t8j1L5Hl18SA4", "expire_date": "2023-10-09T08:00:43.889Z"}}, {"model": "sessions.session", "pk": "vcb1bo7cjlqbirxbacdv5d0st549pb9h", "fields": {"session_data": "e30:1qk0Dv:z4v3MPBtdsqtMWahCHTYQoiTq-Ev7QJVbjQxR-VHX8M", "expire_date": "2023-10-07T10:50:55.495Z"}}, {"model": "sessions.session", "pk": "vhy50tl12vtu90tsl5wo9xqc3dljr7eu", "fields": {"session_data": "e30:1qho8S:KziIr4aJaNqgvnGJD8OcKgfGDTElSb98M4xhcCPjO3c", "expire_date": "2023-10-01T09:32:12.836Z"}}, {"model": "sessions.session", "pk": "voznv0m7lc5w1hk9btfa17n0ua7eaey0", "fields": {"session_data": "e30:1qgf6W:O03vq9dl8dMxKfTNLlj8Kj79Zf3McWgC6YU_ei7kl9A", "expire_date": "2023-09-28T05:41:28.908Z"}}, {"model": "sessions.session", "pk": "w3hevpjopuc0yn390gyy5tcznduqnbkt", "fields": {"session_data": "e30:1qhmyA:5m02fAStoZogFfGcTu1YIz6p3qFu1V3Dd7e5DqomCu4", "expire_date": "2023-10-01T08:17:30.209Z"}}, {"model": "sessions.session", "pk": "w4c29iskqyy9l0ajwsk8tx7ozjwrg3v9", "fields": {"session_data": "e30:1qjo9e:PDOzC00PRlB64jnTuKgVUT2IXzmbfXddCRL-Z-fv77s", "expire_date": "2023-10-06T21:57:42.794Z"}}, {"model": "sessions.session", "pk": "w6z8ftjmaeizt1e3donsu74jf4paf44x", "fields": {"session_data": "e30:1qgvF5:Rmd08iQBB7DeFvSInKaGzk8ugh6KuC-CdPUAvSK013M", "expire_date": "2023-09-28T22:55:23.352Z"}}, {"model": "sessions.session", "pk": "w78oqh7r2lygcsmgq54lnue0wf8kk0zi", "fields": {"session_data": "e30:1qgdxF:1lU152nFWS50wwATlNZ3GYBt6ldm2yxL28ztW2VHRQU", "expire_date": "2023-09-28T04:27:49.643Z"}}, {"model": "sessions.session", "pk": "wedtzkfiyxvslmxqkwut0gfnub6abjlz", "fields": {"session_data": "e30:1qhA7b:IzmPiifRCQ_eEEqb5wMa7VacDzuaKkUg9lLa5JCnoG0", "expire_date": "2023-09-29T14:48:39.281Z"}}, {"model": "sessions.session", "pk": "weyj34wts4o8yym3tn47mfehfs5aqx5c", "fields": {"session_data": "e30:1qk7jp:uyG9dnfjlwJKGRTw37McEy0Ni5nyItJ0LRWwsF40-uU", "expire_date": "2023-10-07T18:52:21.847Z"}}, {"model": "sessions.session", "pk": "wj4xn5pf04ynmdd8urpsd57wrgfczfq0", "fields": {"session_data": "e30:1qkWMy:1v9PQYyv4GvuG0bo_FP6aPXjlyZDgiaj9UUimSk9keQ", "expire_date": "2023-10-08T21:10:24.486Z"}}, {"model": "sessions.session", "pk": "wjo3z8z1zawe6cx0bh9wiw5o1vk2vxgj", "fields": {"session_data": "e30:1qilS9:oTkXXS0qmgArHilmvdjAcJny7_zHXTcl3U3TjXJvSkI", "expire_date": "2023-10-04T00:52:29.020Z"}}, {"model": "sessions.session", "pk": "wnm2sm3pmlyhmfa85l5is5sr8dtmxhyi", "fields": {"session_data": "e30:1qiYnV:vZFEJqOtGHMyyv8vwtKgDGt3NjRu5kObEn5HbREzqQI", "expire_date": "2023-10-03T11:21:41.556Z"}}, {"model": "sessions.session", "pk": "x2v1jiz7ug2mr4fo1j643orfcguy0i7c", "fields": {"session_data": "e30:1qiBHX:_5k6kfBy-THZDFdr_1YfgTiLrHwdZnQYg_1zBhYrniE", "expire_date": "2023-10-02T10:15:07.117Z"}}, {"model": "sessions.session", "pk": "x3y3q52gceuq6ommtmd9jm4nb5q412je", "fields": {"session_data": "e30:1qidZ1:zBqz1MKBH1P-9g7h0MPKH9l7JhGBCOv4Ufw6RnCgbfI", "expire_date": "2023-10-03T16:27:03.920Z"}}, {"model": "sessions.session", "pk": "x4dwcbgjfv8w4cx0gd5bw8yidune70cv", "fields": {"session_data": "e30:1qjDhz:UcezF9Kw8N4YDyHpuY09K30faCaOsPNiyj63_slghQE", "expire_date": "2023-10-05T07:02:43.253Z"}}, {"model": "sessions.session", "pk": "x5bd0wt9ft8ngowgr4cr00fxlbmcer7y", "fields": {"session_data": "e30:1qjEjf:2AqiucPsOVBZblVTIRcGBueaQ6__4uxz-Huvbs_oxSw", "expire_date": "2023-10-05T08:08:31.821Z"}}, {"model": "sessions.session", "pk": "x72niusaor1sprpkzniwndu54huu613s", "fields": {"session_data": "e30:1qjDiC:K4ZIf1aYFBC3sqlsEHyLtW1aJYwoJ1Nzfj4DeGI8gbw", "expire_date": "2023-10-05T07:02:56.164Z"}}, {"model": "sessions.session", "pk": "x8xlxi01mmnsrh30ygsshzyf76voonyv", "fields": {"session_data": "e30:1qivXc:QadfvqU9vBwk3TUrFKH7quYgEgKKPjrnMSm2zGqcpsA", "expire_date": "2023-10-04T11:38:48.930Z"}}, {"model": "sessions.session", "pk": "x9s4jzydac6lpbq2m90l1rihikg7bc93", "fields": {"session_data": "e30:1qkSvL:PWr6HHmPjnhZPevZAV6-HTNhLSdqRQVVObwFBFvGX9c", "expire_date": "2023-10-08T17:29:39.953Z"}}, {"model": "sessions.session", "pk": "xb9wyqu16yg858v88280uzy4o59wslrk", "fields": {"session_data": "e30:1qgjL1:BPzQKu83ItC5oC4CnAMZVGI3PjnGJcJVoXITfFUiWQA", "expire_date": "2023-09-28T10:12:43.626Z"}}, {"model": "sessions.session", "pk": "xgl2cmbmkcboetjcq1qnzyq6a3o28djw", "fields": {"session_data": "e30:1qitwk:hEz2TItP9YL1THdhmzQK0iud7P0QeLIV5NR0q5uscAk", "expire_date": "2023-10-04T09:56:38.724Z"}}, {"model": "sessions.session", "pk": "xjpbh8sfs0qyyr4f0ieepqmgsvjf7a70", "fields": {"session_data": "e30:1qi4i1:jO-fFLY4qrrUyXYS2yZ1hrMTvhXdICRoeU8-vomd-eE", "expire_date": "2023-10-02T03:14:01.837Z"}}, {"model": "sessions.session", "pk": "xkff28bqfprjkmfhzuoyct7e9hkxl8j4", "fields": {"session_data": "e30:1qk8ox:e--sIMTdxPHofftnY_THhPsOF-DllRMy4IKBZt4fMf0", "expire_date": "2023-10-07T20:01:43.219Z"}}, {"model": "sessions.session", "pk": "xmb7qdqbgbnyk76si8kp7qahgm57mj7v", "fields": {"session_data": "e30:1qj1Rb:kGKpsojQjAr8w1uu22ABTauaUASSD_N2XpUGLIrzTGE", "expire_date": "2023-10-04T17:56:59.785Z"}}, {"model": "sessions.session", "pk": "xmpiig0td6th8nt8bd5lpyfe8hnj6nzo", "fields": {"session_data": "e30:1qj3fk:Hp5hEFwVl4QzLYrG-WJmjqjG3YOnFyQbiJj6vuA5eOc", "expire_date": "2023-10-04T20:19:44.886Z"}}, {"model": "sessions.session", "pk": "xratnlggsjktbdca0gctsvvl64th8gve", "fields": {"session_data": "e30:1qh491:IONgJRUMFh1HisWmyet2Cw4pt9mj970NJ_wylqUD_tw", "expire_date": "2023-09-29T08:25:43.626Z"}}, {"model": "sessions.session", "pk": "y7ibse9e83alif4f140rlzf4kca6y5tr", "fields": {"session_data": "e30:1qget4:jVUfvggRYALaLNFfOT9wja26AUE6ULNgn-QTSOZi0RE", "expire_date": "2023-09-28T05:27:34.283Z"}}, {"model": "sessions.session", "pk": "y8nazfsnprjbgm287l7q6ah3r6ym8ocs", "fields": {"session_data": "e30:1qgi3u:2XYuTiONwa9ULNpdew4lJB1uHx1sypoVkCNoHhPmObo", "expire_date": "2023-09-28T08:50:58.603Z"}}, {"model": "sessions.session", "pk": "ygu21pd5y6a0ge0o6ri5dgvtj2w3vssd", "fields": {"session_data": "e30:1qhot9:uq6YbriyxAJbKDGBtvfCoYULgg3KJSDdIii2rIsaq58", "expire_date": "2023-10-01T10:20:27.569Z"}}, {"model": "sessions.session", "pk": "yillk0ola9k7k16oppgq448w6huubdn9", "fields": {"session_data": "e30:1qk7jw:OG8swY8lLILarQri3ilmvNuRbJvm-eX1D-qEE17WAuc", "expire_date": "2023-10-07T18:52:28.384Z"}}, {"model": "sessions.session", "pk": "ymjiu9k90yuoe7vefvl07hij7a5c7ahd", "fields": {"session_data": "e30:1qiUd1:3gp7w8BDmoPhoTYTZtbs-tWdovhFUT5Ymm6JablCT7E", "expire_date": "2023-10-03T06:54:35.516Z"}}, {"model": "sessions.session", "pk": "ymu0j4xqp7xt3sxnv99azgimgfqseiv1", "fields": {"session_data": ".eJxVjMsOwiAQRf-FtSGhUh6ujHu_gQzDtEVbSKDdaPx3adKFbs-957yZg22d3FapuBjYhQnJTr_QAz4p7Ut4QBozx5zWEj3fL_xYK7_nQPPt-P4FJqhTsw1qMFqRlgI9WuWFNii8sp0fIATQnQzSKkm-Hwz2iEMAiU2QvTw30qKFxljXAmvMydECcW5dSHmB8qIkrLbXHfKysc8XoK1JHg:1qj3pw:eUNE68OwMzLINDASnyfmDKpEKDnkP-8tv4eu6bZwMV8", "expire_date": "2023-10-04T20:30:16.657Z"}}, {"model": "sessions.session", "pk": "yn379zde0h23gwme4rzdrs3k6igp4v6n", "fields": {"session_data": "e30:1qgheP:3uphHLHhD-u23RVq_pxghfHTt7CJy4HSrB8GE1Akvu4", "expire_date": "2023-09-28T08:24:37.079Z"}}, {"model": "sessions.session", "pk": "ynoopcpnvy5cg2x0ttoz5tl3mye0rigm", "fields": {"session_data": "e30:1qiUKq:2jPDGAkvzk5agwpRNufailTAbie5QKAa-mHvhK14wsw", "expire_date": "2023-10-03T06:35:48.324Z"}}, {"model": "sessions.session", "pk": "yx256apfrlxgoz94qls5uks0dx3im9sf", "fields": {"session_data": "e30:1qgkUR:rQtZZ4LEdHMqz1jXJjPpwDDsb-uM3Uz_nYJ0i-mh170", "expire_date": "2023-09-28T11:26:31.535Z"}}, {"model": "sessions.session", "pk": "yx6btllgyq6z53zlhf30htniizewqz96", "fields": {"session_data": "e30:1qgl9I:EOQH3CnQ5iioEeQ2-CYnlLQoE573T2cfRwZxHove0m4", "expire_date": "2023-09-28T12:08:44.231Z"}}, {"model": "sessions.session", "pk": "yy5f6o72gler3yixis7rjhrzu3q5xg81", "fields": {"session_data": "e30:1qgfqn:66diQZingFUqdsJf6QO4Xq19V-xBt3AGomYe6xFdLdE", "expire_date": "2023-09-28T06:29:17.985Z"}}, {"model": "sessions.session", "pk": "yyavawgy8iwqszjnsz0mtyio8lgjyoyn", "fields": {"session_data": ".eJxVjDsOwyAQRO9CHSG-BqdM7zOgXRaCkwgkY1dR7h5bcpF0o3lv5s0CbGsJW09LmIldmWSX3w4hPlM9AD2g3huPra7LjPxQ-Ek7nxql1-10_w4K9LKv0fjB0ihQqWSc0nt0g0MvHGSXE4ACq7QVAgmQZMza5whKylFraQywzxfX6De2:1qggIi:0Ah9_lOhH1920D495HqKV2DNR5WChXOgQKlqs8nSzns", "expire_date": "2023-09-28T06:58:08.407Z"}}, {"model": "sessions.session", "pk": "z5rmo4mlkzthqi8ganr9f10z2i12oiez", "fields": {"session_data": "e30:1qgewG:6hKoH_QJOmsLG0MjYXt-xa-EATozhw_64Kky_3z-nE4", "expire_date": "2023-09-28T05:30:52.773Z"}}, {"model": "sessions.session", "pk": "za0fqb7nf2ch77fozqugmhqkb8p9frws", "fields": {"session_data": "e30:1qkfUp:rERGIOusvB76KQ83mcFlVJMNaVomMyvZEDAEn4KRn1A", "expire_date": "2023-10-09T06:55:07.485Z"}}, {"model": "sessions.session", "pk": "zg759h9nswqv37eaa26lz2y8wak75ytv", "fields": {"session_data": "e30:1qkFXh:-GxMWOL9k1-wgxnJIJimXEtS7WuVd20U0SwW6-VDsyg", "expire_date": "2023-10-08T03:12:21.133Z"}}, {"model": "sessions.session", "pk": "zmca3m3rxv69yi8in4ctgx4rb9tkhrif", "fields": {"session_data": "e30:1qkBd3:FmPi8FsZBERQXfclFcPJAC2Dd3vPGIQv4VeqlKen4v0", "expire_date": "2023-10-07T23:01:37.044Z"}}, {"model": "sessions.session", "pk": "znlbs8vt00y746dtbqmanshsp69mi4kk", "fields": {"session_data": "e30:1qjN11:8FpUF-wMPM4Uxb62mVFUPZumOmh4ffrvh0q_Hk5BhKA", "expire_date": "2023-10-05T16:58:59.546Z"}}, {"model": "sessions.session", "pk": "zsetrjn2mozx58979zefkhusb7q3w60q", "fields": {"session_data": "e30:1qjhVM:GebGo0sT7SIBVzFcnJVVkOIKAOT5dPigVhGDcgvMXZ8", "expire_date": "2023-10-06T14:51:40.227Z"}}, {"model": "sessions.session", "pk": "zua7a83vex3zdbekj25c0z9qbedowjff", "fields": {"session_data": "e30:1qjnij:RQbtEU5PDAtt2OJJwh4S3gOeZWwyM1KO7tAHNz3pVww", "expire_date": "2023-10-06T21:29:53.857Z"}}, {"model": "sites.site", "pk": 1, "fields": {"domain": "example.com", "name": "example.com"}}, {"model": "main.state", "pk": "d32fbf80-3011-4880-9391-0154c7d46aa4", "fields": {"created_at": "2023-09-14T06:52:46.774Z", "updated_at": "2023-09-14T06:52:46.774Z", "created_by": 1, "name": "Kerala"}}, {"model": "main.district", "pk": "224e467f-c97c-4391-aca7-076bbbc7cfd7", "fields": {"created_at": "2023-09-14T08:23:18.094Z", "updated_at": "2023-09-14T08:23:18.094Z", "created_by": 1, "state": "d32fbf80-3011-4880-9391-0154c7d46aa4", "name": "Kasaragod"}}, {"model": "main.district", "pk": "34475714-1011-4f0d-8e18-a0b262e9d683", "fields": {"created_at": "2023-09-14T08:21:50.153Z", "updated_at": "2023-09-14T08:21:50.153Z", "created_by": 1, "state": "d32fbf80-3011-4880-9391-0154c7d46aa4", "name": "Kollam"}}, {"model": "main.district", "pk": "34596e9c-4985-4700-99fc-13f0eb0f3093", "fields": {"created_at": "2023-09-14T08:22:00.800Z", "updated_at": "2023-09-14T08:22:00.800Z", "created_by": 1, "state": "d32fbf80-3011-4880-9391-0154c7d46aa4", "name": "Kannur"}}, {"model": "main.district", "pk": "54648a39-3a82-4fdd-9088-a18bc7cee64c", "fields": {"created_at": "2023-09-14T08:21:17.192Z", "updated_at": "2023-09-14T08:21:17.192Z", "created_by": 1, "state": "d32fbf80-3011-4880-9391-0154c7d46aa4", "name": "Thiruvananthapuram"}}, {"model": "main.district", "pk": "61a1facc-996f-4ead-bb63-5521e8539309", "fields": {"created_at": "2023-09-14T08:22:13.669Z", "updated_at": "2023-09-14T08:22:13.669Z", "created_by": 1, "state": "d32fbf80-3011-4880-9391-0154c7d46aa4", "name": "Thrissur"}}, {"model": "main.district", "pk": "6a9041f9-545d-476b-866d-3ee2f0e27447", "fields": {"created_at": "2023-09-14T08:21:21.651Z", "updated_at": "2023-09-14T08:21:21.651Z", "created_by": 1, "state": "d32fbf80-3011-4880-9391-0154c7d46aa4", "name": "Kottayam"}}, {"model": "main.district", "pk": "843e5553-1497-42bf-88e3-018774285537", "fields": {"created_at": "2023-09-14T08:20:19.131Z", "updated_at": "2023-09-14T08:20:19.131Z", "created_by": 1, "state": "d32fbf80-3011-4880-9391-0154c7d46aa4", "name": "Wayanad"}}, {"model": "main.district", "pk": "8c8ac922-e26c-4876-99a2-e9c2e3677df9", "fields": {"created_at": "2023-09-14T08:23:13.044Z", "updated_at": "2023-09-14T08:23:13.044Z", "created_by": 1, "state": "d32fbf80-3011-4880-9391-0154c7d46aa4", "name": "Pathanamthitta"}}, {"model": "main.district", "pk": "9e2c9782-e6a4-4646-9388-f0828b1bdb0e", "fields": {"created_at": "2023-09-14T08:21:00.277Z", "updated_at": "2023-09-14T08:21:00.277Z", "created_by": 1, "state": "d32fbf80-3011-4880-9391-0154c7d46aa4", "name": "Kozhikode"}}, {"model": "main.district", "pk": "d34993cf-c655-4f22-92cb-ecbb10eb0f31", "fields": {"created_at": "2023-09-14T08:22:32.119Z", "updated_at": "2023-09-14T08:22:32.119Z", "created_by": 1, "state": "d32fbf80-3011-4880-9391-0154c7d46aa4", "name": "Palakkad"}}, {"model": "main.district", "pk": "dbea0883-b7d3-4513-b94e-fcee6fd5e04d", "fields": {"created_at": "2023-09-14T08:22:18.045Z", "updated_at": "2023-09-14T08:22:18.045Z", "created_by": 1, "state": "d32fbf80-3011-4880-9391-0154c7d46aa4", "name": "Idukki"}}, {"model": "main.district", "pk": "e9c3be66-c191-42e5-8aa9-0110a9b1beff", "fields": {"created_at": "2023-09-14T08:22:43.963Z", "updated_at": "2023-09-14T08:22:43.963Z", "created_by": 1, "state": "d32fbf80-3011-4880-9391-0154c7d46aa4", "name": "Ernakulam"}}, {"model": "main.district", "pk": "f8eea196-9d22-4340-83cd-bf0066579a48", "fields": {"created_at": "2023-09-14T08:20:40.384Z", "updated_at": "2023-09-14T08:20:40.384Z", "created_by": 1, "state": "d32fbf80-3011-4880-9391-0154c7d46aa4", "name": "Alappuzha"}}, {"model": "main.district", "pk": "fcf3eca3-e157-47e7-91ca-f3b121d5de01", "fields": {"created_at": "2023-09-14T06:52:51.075Z", "updated_at": "2023-09-14T08:23:40.534Z", "created_by": 1, "state": "d32fbf80-3011-4880-9391-0154c7d46aa4", "name": "Malappuram"}}, {"model": "main.textiles", "pk": "06584734-da6a-47fa-9a54-87b11136eb67", "fields": {"created_at": "2023-09-19T06:02:13.878Z", "updated_at": "2023-09-19T06:53:51.441Z", "created_by": null, "user": 13, "name": "Oxo Fashion", "logo": "restaurant_logos/images_-_2023-09-19T113059.335.jpeg", "phone": "8714053286", "district": "f8eea196-9d22-4340-83cd-bf0066579a48", "address": "Nadakkav\r\nKozhikod", "is_blocked": false, "facebook_url": "https://www.facebook.com/help/668969529866328", "instagram_url": "https://www.instagram.com", "youtube_url": "https://www.YouTube.com", "twitter_url": "https://www.Twitter.com/", "location_url": null, "feature_image": "restaurant/feature_images/images_-_2023-09-19T113127.946.jpeg", "feature_description": ""}}, {"model": "main.textiles", "pk": "45d6c1bc-9c8c-49d2-a182-7a90fbaf2cba", "fields": {"created_at": "2023-09-14T07:09:09.818Z", "updated_at": "2023-09-14T07:09:09.823Z", "created_by": null, "user": 6, "name": "family", "logo": "restaurant_logos/family-wedding-centre-manjeri_EejF0RZ.jpg", "phone": "9876543210", "district": "fcf3eca3-e157-47e7-91ca-f3b121d5de01", "address": "malappuram", "is_blocked": false, "facebook_url": null, "instagram_url": null, "youtube_url": null, "twitter_url": null, "location_url": null, "feature_image": "", "feature_description": null}}, {"model": "main.textiles", "pk": "64e6ea93-efaf-4f0f-bce1-d6f8b4b32106", "fields": {"created_at": "2023-09-14T07:09:59.028Z", "updated_at": "2023-09-14T07:09:59.033Z", "created_by": null, "user": 7, "name": "Kalyan silks", "logo": "restaurant_logos/logo_vWKXgCs.webp", "phone": "9876543210", "district": "fcf3eca3-e157-47e7-91ca-f3b121d5de01", "address": "malappuram", "is_blocked": false, "facebook_url": null, "instagram_url": null, "youtube_url": null, "twitter_url": null, "location_url": null, "feature_image": "", "feature_description": null}}, {"model": "main.textiles", "pk": "7cb64ec9-3cea-4812-a2c4-65fa436015fe", "fields": {"created_at": "2023-09-15T07:08:45.237Z", "updated_at": "2023-09-18T14:58:50.183Z", "created_by": null, "user": 10, "name": "Liceria & Co Jewellery", "logo": "restaurant_logos/images_-_2023-09-15T123007.714.jpeg", "phone": "8714053286", "district": "9e2c9782-e6a4-4646-9388-f0828b1bdb0e", "address": "Hehe\r\nJsjsj", "is_blocked": false, "facebook_url": "https://www.facebook.com/help/668969529866328", "instagram_url": "https://www.instagram.com", "youtube_url": "https://www.YouTube.com", "twitter_url": "https://www.Twitter.com/", "location_url": null, "feature_image": "", "feature_description": "Bsh"}}, {"model": "main.defaultcategory", "pk": "0147f35b-518c-4503-bc04-88f62e97227a", "fields": {"created_at": "2023-09-14T07:02:18.703Z", "updated_at": "2023-09-14T07:02:18.703Z", "created_by": null, "name": "Best sale", "image": "category_images/31623611-best-sell-sign.jpg", "description": ""}}, {"model": "main.defaultcategory", "pk": "0933b7d0-c2d5-47a7-b1c1-d5f982659956", "fields": {"created_at": "2023-09-14T07:02:18.720Z", "updated_at": "2023-09-14T07:02:18.720Z", "created_by": null, "name": "Trending", "image": "category_images/Blog-Titles-9.png", "description": ""}}, {"model": "main.defaultcategory", "pk": "38a20bb2-9405-482a-b558-8c9181146191", "fields": {"created_at": "2023-09-14T07:02:18.714Z", "updated_at": "2023-09-14T07:02:18.714Z", "created_by": null, "name": "Flash sale", "image": "category_images/16137618_5706210.jpg", "description": ""}}, {"model": "main.category", "pk": "08814675-9142-42e1-913d-e451779d9160", "fields": {"created_at": "2023-09-15T07:08:45.254Z", "updated_at": "2023-09-15T07:08:45.254Z", "created_by": null, "restaurant": "7cb64ec9-3cea-4812-a2c4-65fa436015fe", "name": "Flash sale", "image": "category_images/16137618_5706210.jpg", "description": ""}}, {"model": "main.category", "pk": "0e2bf95c-cfbf-4c71-bb58-f07baadae5f1", "fields": {"created_at": "2023-09-15T08:56:52.677Z", "updated_at": "2023-09-15T08:56:52.680Z", "created_by": null, "restaurant": "7cb64ec9-3cea-4812-a2c4-65fa436015fe", "name": "Men's Collection", "image": "category_images/images_-_2023-09-15T142504.356.jpeg", "description": ""}}, {"model": "main.category", "pk": "29a2cc1e-36eb-48f5-bccf-728cd1596c3c", "fields": {"created_at": "2023-09-19T06:09:40.684Z", "updated_at": "2023-09-19T06:09:40.690Z", "created_by": null, "restaurant": "06584734-da6a-47fa-9a54-87b11136eb67", "name": "Kids", "image": "category_images/3d-cartoon-happy-baby-kids-on-transparent-background-generative-ai-png.png", "description": ""}}, {"model": "main.category", "pk": "53653b76-9ced-48e2-9dd9-0be29ba962ce", "fields": {"created_at": "2023-09-14T07:09:09.829Z", "updated_at": "2023-09-14T07:09:09.829Z", "created_by": null, "restaurant": "45d6c1bc-9c8c-49d2-a182-7a90fbaf2cba", "name": "Best sale", "image": "category_images/31623611-best-sell-sign.jpg", "description": ""}}, {"model": "main.category", "pk": "5def849a-28e1-4a8d-967b-33c1364d097c", "fields": {"created_at": "2023-09-14T07:09:59.045Z", "updated_at": "2023-09-14T07:09:59.045Z", "created_by": null, "restaurant": "64e6ea93-efaf-4f0f-bce1-d6f8b4b32106", "name": "Trending", "image": "category_images/Blog-Titles-9.png", "description": ""}}, {"model": "main.category", "pk": "67b5c87d-9587-49bb-ae8f-d14e481f29cb", "fields": {"created_at": "2023-09-14T07:09:09.833Z", "updated_at": "2023-09-14T07:09:09.833Z", "created_by": null, "restaurant": "45d6c1bc-9c8c-49d2-a182-7a90fbaf2cba", "name": "Flash sale", "image": "category_images/16137618_5706210.jpg", "description": ""}}, {"model": "main.category", "pk": "6e8cd9eb-6727-4a6a-b21f-4e8674b54ff6", "fields": {"created_at": "2023-09-19T06:08:50.836Z", "updated_at": "2023-09-19T17:43:42.478Z", "created_by": null, "restaurant": "06584734-da6a-47fa-9a54-87b11136eb67", "name": "Men's", "image": "category_images/images_-_2023-09-19T231312.619.jpeg", "description": "Sbnan"}}, {"model": "main.category", "pk": "73b08a8f-4a52-45ae-962e-e25275c05c41", "fields": {"created_at": "2023-09-19T06:13:40.638Z", "updated_at": "2023-09-19T17:40:42.702Z", "created_by": null, "restaurant": "06584734-da6a-47fa-9a54-87b11136eb67", "name": "Baby girl", "image": "category_images/pngtree-girl-character-cartoon-3d-white-background-transparent-png-image_6663168.png", "description": ""}}, {"model": "main.category", "pk": "80b2ef07-1bb0-40e9-bfb5-7ba8ddb696d9", "fields": {"created_at": "2023-09-14T07:09:59.042Z", "updated_at": "2023-09-14T07:09:59.042Z", "created_by": null, "restaurant": "64e6ea93-efaf-4f0f-bce1-d6f8b4b32106", "name": "Flash sale", "image": "category_images/16137618_5706210.jpg", "description": ""}}, {"model": "main.category", "pk": "87738e8c-277d-47b6-b76a-663b0765abc6", "fields": {"created_at": "2023-09-14T07:09:09.836Z", "updated_at": "2023-09-14T07:09:09.836Z", "created_by": null, "restaurant": "45d6c1bc-9c8c-49d2-a182-7a90fbaf2cba", "name": "Trending", "image": "category_images/Blog-Titles-9.png", "description": ""}}, {"model": "main.category", "pk": "8b628dea-7966-49bc-8850-1bc65b38e24b", "fields": {"created_at": "2023-09-14T07:09:59.038Z", "updated_at": "2023-09-14T07:09:59.038Z", "created_by": null, "restaurant": "64e6ea93-efaf-4f0f-bce1-d6f8b4b32106", "name": "Best sale", "image": "category_images/31623611-best-sell-sign.jpg", "description": ""}}, {"model": "main.category", "pk": "8babbe8f-b6f7-4662-8634-a231bf813dfa", "fields": {"created_at": "2023-09-19T06:09:19.472Z", "updated_at": "2023-09-19T17:42:06.838Z", "created_by": null, "restaurant": "06584734-da6a-47fa-9a54-87b11136eb67", "name": "Ladies", "image": "category_images/IMG_20230919_231138.png", "description": ""}}, {"model": "main.category", "pk": "9bab575b-5daf-4694-b108-c6e706695650", "fields": {"created_at": "2023-09-15T07:11:15.636Z", "updated_at": "2023-09-15T07:11:15.642Z", "created_by": null, "restaurant": "7cb64ec9-3cea-4812-a2c4-65fa436015fe", "name": "Ring", "image": "category_images/shopping.jpeg", "description": "The Avery Hammered Gold Ring by CaratLane is a beautiful and simple piece of jewellery that is perfect for everyday wear. Made with 18kt yellow gold, the ring features a hammered texture that adds a unique and stylish touch to the overall design. The ring also offers the option for personalized engraving, making it a thoughtful and meaningful gift for a loved one or as a special addition to your own jewellery collection. The simple and sober design of the Avery Hammered Gold Ring makes it a versatile choice for any occasion.\r\nEvery design has a unique character and texture as each one is uniquely handcrafted with the traditional hammer technique"}}, {"model": "main.category", "pk": "9eac8232-6142-46d9-b7e0-9abaf389b0e0", "fields": {"created_at": "2023-09-19T06:13:27.408Z", "updated_at": "2023-09-19T17:40:22.159Z", "created_by": null, "restaurant": "06584734-da6a-47fa-9a54-87b11136eb67", "name": "Baby Boy", "image": "category_images/images_-_2023-09-19T230956.074.jpeg", "description": ""}}, {"model": "main.category", "pk": "e4ea20b5-2f6d-43e8-81cc-ec48c64fa879", "fields": {"created_at": "2023-09-15T07:08:45.256Z", "updated_at": "2023-09-15T07:08:45.256Z", "created_by": null, "restaurant": "7cb64ec9-3cea-4812-a2c4-65fa436015fe", "name": "Trending", "image": "category_images/Blog-Titles-9.png", "description": ""}}, {"model": "main.category", "pk": "f80d1c07-2377-4184-9617-f9a53bdc3c34", "fields": {"created_at": "2023-09-19T06:02:13.897Z", "updated_at": "2023-09-19T06:02:13.897Z", "created_by": null, "restaurant": "06584734-da6a-47fa-9a54-87b11136eb67", "name": "Trending", "image": "category_images/Blog-Titles-9.png", "description": ""}}, {"model": "main.subcategory", "pk": "0dbe701d-df9c-4ef5-ae4c-5ea40a688262", "fields": {"created_at": "2023-09-14T07:12:15.858Z", "updated_at": "2023-09-14T07:12:15.859Z", "created_by": null, "category": "53653b76-9ced-48e2-9dd9-0be29ba962ce", "name": "shirt", "description": ""}}, {"model": "main.subcategory", "pk": "42f16e5b-0c2f-4888-a861-6157ebc23847", "fields": {"created_at": "2023-09-15T08:59:18.503Z", "updated_at": "2023-09-15T08:59:18.504Z", "created_by": null, "category": "0e2bf95c-cfbf-4c71-bb58-f07baadae5f1", "name": "T-shirt", "description": ""}}, {"model": "main.subcategory", "pk": "80c8d613-120c-43c9-96e1-fd1967556a81", "fields": {"created_at": "2023-09-14T07:12:07.656Z", "updated_at": "2023-09-14T09:45:04.925Z", "created_by": null, "category": "53653b76-9ced-48e2-9dd9-0be29ba962ce", "name": "saree", "description": ""}}, {"model": "main.subcategory", "pk": "825ef0a2-0e3f-4967-b9d7-3720f6dcc7d2", "fields": {"created_at": "2023-09-14T07:12:36.124Z", "updated_at": "2023-09-14T07:12:45.304Z", "created_by": null, "category": "8b628dea-7966-49bc-8850-1bc65b38e24b", "name": "saree", "description": ""}}, {"model": "main.subcategory", "pk": "9fdcd83f-ac4a-4a67-a94e-5c4f43d3a57c", "fields": {"created_at": "2023-09-14T07:12:24.528Z", "updated_at": "2023-09-14T07:12:24.528Z", "created_by": null, "category": "87738e8c-277d-47b6-b76a-663b0765abc6", "name": "shirt", "description": ""}}, {"model": "main.subcategory", "pk": "dbe8399a-6b3c-429e-8e2f-6ea96d266848", "fields": {"created_at": "2023-09-14T07:12:29.955Z", "updated_at": "2023-09-14T07:12:29.955Z", "created_by": null, "category": "80b2ef07-1bb0-40e9-bfb5-7ba8ddb696d9", "name": "shirt", "description": ""}}, {"model": "main.subcategory", "pk": "dc2e764f-31c4-4425-a720-2fdc878f8fba", "fields": {"created_at": "2023-09-15T07:11:46.989Z", "updated_at": "2023-09-15T07:11:46.992Z", "created_by": null, "category": "9bab575b-5daf-4694-b108-c6e706695650", "name": "Ring", "description": "The Avery Hammered Gold Ring by CaratLane is a beautiful and simple piece of jewellery that is perfect for everyday wear. Made with 18kt yellow gold, the ring features a hammered texture that adds a unique and stylish touch to the overall design. The ring also offers the option for personalized engraving, making it a thoughtful and meaningful gift for a loved one or as a special addition to your own jewellery collection. The simple and sober design of the Avery Hammered Gold Ring makes it a versatile choice for any occasion.\r\nEvery design has a unique character and texture as each one is uniquely handcrafted with the traditional hammer technique"}}, {"model": "main.subcategory", "pk": "dc815679-d855-4d59-b750-16d40ea27571", "fields": {"created_at": "2023-09-15T08:57:13.269Z", "updated_at": "2023-09-15T08:57:13.271Z", "created_by": null, "category": "0e2bf95c-cfbf-4c71-bb58-f07baadae5f1", "name": "Shirts", "description": ""}}, {"model": "main.subcategory", "pk": "fa86e6b8-09f3-4631-90a2-b970e2d63794", "fields": {"created_at": "2023-09-19T06:15:41.471Z", "updated_at": "2023-09-19T06:15:41.473Z", "created_by": null, "category": "9eac8232-6142-46d9-b7e0-9abaf389b0e0", "name": "Clothing Set", "description": ""}}, {"model": "main.product", "pk": "19b5f86f-12a1-4332-ab37-129f56a317b3", "fields": {"created_at": "2023-09-15T08:59:03.530Z", "updated_at": "2023-09-15T08:59:03.530Z", "created_by": null, "subcategory": "dc815679-d855-4d59-b750-16d40ea27571", "name": "Shirts", "description": "", "image": "product_images/images_-_2023-09-15T142736.012.jpeg", "is_popular": true}}, {"model": "main.product", "pk": "1f3f2421-a6c4-4f3a-b87f-e6a76c09d751", "fields": {"created_at": "2023-09-19T06:17:07.639Z", "updated_at": "2023-09-19T06:17:07.639Z", "created_by": null, "subcategory": "fa86e6b8-09f3-4631-90a2-b970e2d63794", "name": "Clothing Set", "description": "MELDI ASTHA Boy Clothing Set Baby Boy Dress Baby Boy Cloth", "image": "product_images/shopping.webp", "is_popular": true}}, {"model": "main.product", "pk": "284115a7-76f6-46f3-946c-1408d406f639", "fields": {"created_at": "2023-09-14T07:16:49.365Z", "updated_at": "2023-09-14T07:16:49.365Z", "created_by": null, "subcategory": "dbe8399a-6b3c-429e-8e2f-6ea96d266848", "name": "red", "description": "red shirt", "image": "product_images/s2_Wm2wrNu.jpg", "is_popular": true}}, {"model": "main.product", "pk": "5b3609d3-b700-4d98-8eca-0f03c0a3ff7d", "fields": {"created_at": "2023-09-15T09:08:47.169Z", "updated_at": "2023-09-15T09:08:47.169Z", "created_by": null, "subcategory": "dc815679-d855-4d59-b750-16d40ea27571", "name": "Ggh", "description": "", "image": "product_images/images_-_2023-09-15T142750.259_VhBc3EV.jpeg", "is_popular": true}}, {"model": "main.product", "pk": "5d435cec-38bb-4bcf-b122-8c5246c9734b", "fields": {"created_at": "2023-09-15T07:11:59.950Z", "updated_at": "2023-09-15T07:11:59.950Z", "created_by": null, "subcategory": "dc2e764f-31c4-4425-a720-2fdc878f8fba", "name": "Ring", "description": "The Avery Hammered Gold Ring by CaratLane is a beautiful and simple piece of jewellery that is perfect for everyday wear. Made with 18kt yellow gold, the ring features a hammered texture that adds a unique and stylish touch to the overall design. The ring also offers the option for personalized engraving, making it a thoughtful and meaningful gift for a loved one or as a special addition to your own jewellery collection. The simple and sober design of the Avery Hammered Gold Ring makes it a versatile choice for any occasion.\r\nEvery design has a unique character and texture as each one is uniquely handcrafted with the traditional hammer technique", "image": "product_images/shopping.jpeg", "is_popular": true}}, {"model": "main.product", "pk": "8afa856e-ae3f-4d82-a7c4-e6d6b8f0b72b", "fields": {"created_at": "2023-09-19T06:16:16.597Z", "updated_at": "2023-09-19T06:49:35.377Z", "created_by": null, "subcategory": "fa86e6b8-09f3-4631-90a2-b970e2d63794", "name": "Xl", "description": "MELDI ASTHA Boy Clothing Set Baby Boy Dress Baby Boy Cloth", "image": "product_images/shopping_1.webp", "is_popular": true}}, {"model": "main.product", "pk": "8dcf8cc8-08b7-4349-a5e1-5199abc82494", "fields": {"created_at": "2023-09-14T07:15:36.843Z", "updated_at": "2023-09-14T07:15:36.843Z", "created_by": null, "subcategory": "825ef0a2-0e3f-4967-b9d7-3720f6dcc7d2", "name": "multi", "description": "multi colors", "image": "product_images/a2_uCGAiSc.jpg", "is_popular": true}}, {"model": "main.product", "pk": "9570a90f-c9fc-4f70-acf1-39b0ffa32563", "fields": {"created_at": "2023-09-14T07:13:38.865Z", "updated_at": "2023-09-14T07:13:38.865Z", "created_by": null, "subcategory": "80c8d613-120c-43c9-96e1-fd1967556a81", "name": "saree", "description": "red saree", "image": "product_images/a1_zRypP9x.jpg", "is_popular": true}}, {"model": "main.product", "pk": "b38d24c8-1007-407d-b4c0-da897a67d720", "fields": {"created_at": "2023-09-14T07:16:13.919Z", "updated_at": "2023-09-14T07:16:13.919Z", "created_by": null, "subcategory": "0dbe701d-df9c-4ef5-ae4c-5ea40a688262", "name": "black", "description": "black shirt", "image": "product_images/s2_Ez8SPD0.jpg", "is_popular": true}}, {"model": "main.product", "pk": "cfe7ad81-c030-4767-afbf-d28c439cc94b", "fields": {"created_at": "2023-09-14T07:36:12.589Z", "updated_at": "2023-09-14T08:05:59.891Z", "created_by": null, "subcategory": "0dbe701d-df9c-4ef5-ae4c-5ea40a688262", "name": "light blue", "description": "", "image": "product_images/3_1.jpg", "is_popular": true}}, {"model": "main.product", "pk": "d6338226-0c2e-40f8-8154-8a5e5223ffb7", "fields": {"created_at": "2023-09-15T09:00:27.780Z", "updated_at": "2023-09-15T09:00:27.780Z", "created_by": null, "subcategory": "42f16e5b-0c2f-4888-a861-6157ebc23847", "name": "T -Shirts", "description": "a lightweight, usually knitted, pullover shirt, close-fitting and with a round neckline and short sleeves, worn as an undershirt or outer garment.", "image": "product_images/images_-_2023-09-15T142750.259.jpeg", "is_popular": true}}, {"model": "main.product", "pk": "f9ae57f6-d0fc-4442-8329-8f27cfbc8e49", "fields": {"created_at": "2023-09-14T08:48:41.997Z", "updated_at": "2023-09-14T08:49:23.980Z", "created_by": null, "subcategory": "0dbe701d-df9c-4ef5-ae4c-5ea40a688262", "name": "white and blue", "description": "", "image": "product_images/s3_X6TSkWc.jpg", "is_popular": true}}, {"model": "main.option", "pk": "03725441-e49e-4967-8531-3e0b27b567a6", "fields": {"created_at": "2023-09-14T07:15:36.846Z", "updated_at": "2023-09-14T07:15:36.846Z", "created_by": null, "product": "8dcf8cc8-08b7-4349-a5e1-5199abc82494", "name": "green", "price": "1200.00", "org_price": null}}, {"model": "main.option", "pk": "0f26910c-d34f-4e52-986c-1742d8e9c5a4", "fields": {"created_at": "2023-09-14T07:13:38.869Z", "updated_at": "2023-09-14T07:13:38.869Z", "created_by": null, "product": "9570a90f-c9fc-4f70-acf1-39b0ffa32563", "name": "green", "price": "2000.00", "org_price": null}}, {"model": "main.option", "pk": "50fa5855-fed6-45a8-9a59-933f33c7b6e0", "fields": {"created_at": "2023-09-14T07:16:13.924Z", "updated_at": "2023-09-14T07:16:13.924Z", "created_by": null, "product": "b38d24c8-1007-407d-b4c0-da897a67d720", "name": "lg", "price": "125.00", "org_price": null}}, {"model": "main.option", "pk": "74fb70ac-e958-4412-a216-93a87e91c08b", "fields": {"created_at": "2023-09-14T07:15:36.846Z", "updated_at": "2023-09-14T07:15:36.846Z", "created_by": null, "product": "8dcf8cc8-08b7-4349-a5e1-5199abc82494", "name": "purple", "price": "1300.00", "org_price": null}}, {"model": "main.option", "pk": "9d3d800b-b86a-46ff-9462-22cf416f1246", "fields": {"created_at": "2023-09-19T06:45:40.521Z", "updated_at": "2023-09-19T06:45:40.533Z", "created_by": null, "product": "1f3f2421-a6c4-4f3a-b87f-e6a76c09d751", "name": "Cloth Set", "price": "250.00", "org_price": "350.00"}}, {"model": "main.option", "pk": "a6efd9b5-341d-4f88-810c-b8129158defe", "fields": {"created_at": "2023-09-14T07:16:13.921Z", "updated_at": "2023-09-14T07:16:13.921Z", "created_by": null, "product": "b38d24c8-1007-407d-b4c0-da897a67d720", "name": "sm", "price": "100.00", "org_price": null}}, {"model": "main.option", "pk": "af0f6537-8c78-41df-830f-41ab1f14fb25", "fields": {"created_at": "2023-09-14T07:13:38.868Z", "updated_at": "2023-09-14T07:13:38.868Z", "created_by": null, "product": "9570a90f-c9fc-4f70-acf1-39b0ffa32563", "name": "red", "price": "1000.00", "org_price": null}}, {"model": "main.option", "pk": "b6aa5516-3c60-4e07-986a-300e1f577959", "fields": {"created_at": "2023-09-19T06:47:24.602Z", "updated_at": "2023-09-19T06:47:24.605Z", "created_by": null, "product": "8afa856e-ae3f-4d82-a7c4-e6d6b8f0b72b", "name": "Cloth set pink", "price": "250.00", "org_price": "350.00"}}, {"model": "main.option", "pk": "c8c694b5-1a85-42cf-bddf-81f93fa7f6d9", "fields": {"created_at": "2023-09-14T07:16:49.367Z", "updated_at": "2023-09-14T07:16:49.367Z", "created_by": null, "product": "284115a7-76f6-46f3-946c-1408d406f639", "name": "sm", "price": "120.00", "org_price": null}}, {"model": "main.option", "pk": "e09755ef-9688-4bcc-ae02-7e848758bbf5", "fields": {"created_at": "2023-09-14T07:16:49.368Z", "updated_at": "2023-09-14T07:16:49.368Z", "created_by": null, "product": "284115a7-76f6-46f3-946c-1408d406f639", "name": "md", "price": "150.00", "org_price": null}}, {"model": "main.option", "pk": "e69f8956-566e-469a-8e71-d830b6a23bfb", "fields": {"created_at": "2023-09-14T07:16:13.923Z", "updated_at": "2023-09-14T07:16:13.923Z", "created_by": null, "product": "b38d24c8-1007-407d-b4c0-da897a67d720", "name": "md", "price": "120.00", "org_price": null}}, {"model": "main.option", "pk": "ec9be32f-182c-464a-b462-45afcb50b0c4", "fields": {"created_at": "2023-09-14T07:15:36.845Z", "updated_at": "2023-09-14T07:15:36.845Z", "created_by": null, "product": "8dcf8cc8-08b7-4349-a5e1-5199abc82494", "name": "red", "price": "1000.00", "org_price": null}}, {"model": "main.banner", "pk": 1, "fields": {"restaurant": "7cb64ec9-3cea-4812-a2c4-65fa436015fe", "image": "banners/images_-_2023-09-15T123007.714.jpeg"}}, {"model": "main.banner", "pk": 2, "fields": {"restaurant": "7cb64ec9-3cea-4812-a2c4-65fa436015fe", "image": "banners/images_-_2023-09-15T123007.714_GOXaZlN.jpeg"}}, {"model": "main.banner", "pk": 5, "fields": {"restaurant": "06584734-da6a-47fa-9a54-87b11136eb67", "image": "banners/images_-_2023-09-19T113059.335.jpeg"}}, {"model": "main.cataloguead", "pk": 1, "fields": {"image": "catalogue/ads/images_99.jpeg", "display_upto": "2023-09-23", "display_in": ["7cb64ec9-3cea-4812-a2c4-65fa436015fe"]}}, {"model": "main.productad", "pk": 1, "fields": {"image": "product/ads/images_98.jpeg", "display_upto": "2023-09-22", "display_in": ["7cb64ec9-3cea-4812-a2c4-65fa436015fe"]}}, {"model": "main.cartitem", "pk": 1, "fields": {"restaurant": "06584734-da6a-47fa-9a54-87b11136eb67", "session_key": "if9z3uxmteojakukhg7d9om69gpsssas", "product": "9d3d800b-b86a-46ff-9462-22cf416f1246", "quantity": 1}}, {"model": "main.cartitem", "pk": 6, "fields": {"restaurant": "64e6ea93-efaf-4f0f-bce1-d6f8b4b32106", "session_key": "nhk2or5iud4px39rbzlbzaa29zlhij2g", "product": "c8c694b5-1a85-42cf-bddf-81f93fa7f6d9", "quantity": 5}}, {"model": "main.cartitem", "pk": 7, "fields": {"restaurant": "64e6ea93-efaf-4f0f-bce1-d6f8b4b32106", "session_key": "nhk2or5iud4px39rbzlbzaa29zlhij2g", "product": "e09755ef-9688-4bcc-ae02-7e848758bbf5", "quantity": 1}}, {"model": "main.cartitem", "pk": 8, "fields": {"restaurant": "06584734-da6a-47fa-9a54-87b11136eb67", "session_key": "dtg1o4fyy4ck3o89t5t1xoyxrdu2rpjp", "product": "b6aa5516-3c60-4e07-986a-300e1f577959", "quantity": 2}}, {"model": "main.cartitem", "pk": 9, "fields": {"restaurant": "06584734-da6a-47fa-9a54-87b11136eb67", "session_key": "nhk2or5iud4px39rbzlbzaa29zlhij2g", "product": "b6aa5516-3c60-4e07-986a-300e1f577959", "quantity": 3}}, {"model": "main.notification", "pk": 1, "fields": {"restaurant": "7cb64ec9-3cea-4812-a2c4-65fa436015fe", "notification": "Hi"}}, {"model": "main.notification", "pk": 2, "fields": {"restaurant": "06584734-da6a-47fa-9a54-87b11136eb67", "notification": "Welcome"}}]