[{"model": "admin_interface.theme", "pk": 1, "fields": {"name": "Django", "active": true, "title": "Django Administration", "title_color": "#F5DD5D", "title_visible": true, "logo": "", "logo_color": "#FFFFFF", "logo_max_width": 400, "logo_max_height": 100, "logo_visible": false, "favicon": "", "env_name": "", "env_color": "#E74C3C", "env_visible_in_header": true, "env_visible_in_favicon": true, "language_chooser_active": true, "language_chooser_control": "default-select", "language_chooser_display": "code", "css_header_background_color": "#0C4B33", "css_header_text_color": "#44B78B", "css_header_link_color": "#FFFFFF", "css_header_link_hover_color": "#C9F0DD", "css_module_background_color": "#44B78B", "css_module_background_selected_color": "#FFFFCC", "css_module_text_color": "#FFFFFF", "css_module_link_color": "#FFFFFF", "css_module_link_selected_color": "#FFFFFF", "css_module_link_hover_color": "#C9F0DD", "css_module_rounded_corners": true, "css_generic_link_color": "#0C3C26", "css_generic_link_hover_color": "#156641", "css_generic_link_active_color": "#29B864", "css_save_button_background_color": "#0C4B33", "css_save_button_background_hover_color": "#0C3C26", "css_save_button_text_color": "#FFFFFF", "css_delete_button_background_color": "#BA2121", "css_delete_button_background_hover_color": "#A41515", "css_delete_button_text_color": "#FFFFFF", "related_modal_active": true, "related_modal_background_color": "#000000", "related_modal_background_opacity": "0.3", "related_modal_rounded_corners": true, "related_modal_close_button_visible": true, "list_filter_highlight": true, "list_filter_dropdown": true, "list_filter_sticky": true, "list_filter_removal_links": false, "foldable_apps": true, "show_fieldsets_as_tabs": false, "show_inlines_as_tabs": true, "collapsible_stacked_inlines": false, "collapsible_stacked_inlines_collapsed": true, "collapsible_tabular_inlines": false, "collapsible_tabular_inlines_collapsed": true, "recent_actions_visible": true, "form_submit_sticky": false, "form_pagination_sticky": false}}, {"model": "auth.user", "pk": 1, "fields": {"password": "pbkdf2_sha256$600000$3ddk9ZDM4mUCdN67w7rXif$SI+cKn3QVjsbUvV+DVOGBeFA9i7YhGK97yGvqN9JAkg=", "last_login": "2023-09-09T00:05:08.757Z", "is_superuser": true, "username": "admin", "first_name": "", "last_name": "", "email": "", "is_staff": true, "is_active": true, "date_joined": "2023-08-28T19:15:57.603Z", "groups": [], "user_permissions": []}}, {"model": "auth.user", "pk": 4, "fields": {"password": "pbkdf2_sha256$600000$AWiE196cgb0L3ZGcfFPX7S$v9UZ0NhN43yz58B1uu93cjf6JsJzCsPQRY5BaX9YKAg=", "last_login": "2023-09-08T13:17:14.303Z", "is_superuser": false, "username": "demo", "first_name": "", "last_name": "", "email": "wubuzypen@mailinator.com", "is_staff": true, "is_active": true, "date_joined": "2023-08-28T21:18:16Z", "groups": [], "user_permissions": []}}, {"model": "auth.user", "pk": 5, "fields": {"password": "pbkdf2_sha256$600000$6PeFMExtIsa3xWBVpl99oo$aG6+8lr6KTXnYImP3LsTnu1svLV9AfTPos3fNqDQ8Vs=", "last_login": "2023-09-03T08:58:32.107Z", "is_superuser": false, "username": "Indra", "first_name": "", "last_name": "", "email": "jimjamagic999@gmail.com", "is_staff": true, "is_active": true, "date_joined": "2023-08-30T11:24:10.690Z", "groups": [], "user_permissions": []}}, {"model": "auth.user", "pk": 6, "fields": {"password": "pbkdf2_sha256$600000$cvk1ocEglwZTUtsZH8rrem$3HFySHGeqR0MaORJ3Pu7j1m+7AX97SKypW0enPZQeX4=", "last_login": "2023-09-02T08:53:27.105Z", "is_superuser": false, "username": "zycuxaz", "first_name": "", "last_name": "", "email": "bajypoc@mailinator.com", "is_staff": true, "is_active": true, "date_joined": "2023-09-02T08:53:26.605Z", "groups": [], "user_permissions": []}}, {"model": "auth.user", "pk": 7, "fields": {"password": "pbkdf2_sha256$600000$fcXGnMfwUbNGtED33wkoMV$1r5yX2ZU4lcL7VQHmW6qNhM6M3q8CEMxoJnFU9w5uKo=", "last_login": "2023-09-03T15:02:19.986Z", "is_superuser": false, "username": "gedexo", "first_name": "", "last_name": "", "email": "anfasperingavu@gmail.com", "is_staff": true, "is_active": true, "date_joined": "2023-09-03T15:02:19.557Z", "groups": [], "user_permissions": []}}, {"model": "auth.user", "pk": 8, "fields": {"password": "pbkdf2_sha256$600000$HwBSWH60ttiEhRo3py6enf$pnZqu8wnb4LY9W1QIKbk0I53qdgOVacppjB9/jFW+xE=", "last_login": "2023-09-04T09:07:53.664Z", "is_superuser": false, "username": "Skyfort95", "first_name": "", "last_name": "", "email": "hsud@gmail.com", "is_staff": true, "is_active": true, "date_joined": "2023-09-04T09:07:53.129Z", "groups": [], "user_permissions": []}}, {"model": "auth.user", "pk": 9, "fields": {"password": "pbkdf2_sha256$600000$fL7dUZPs0yj80UlprvdmML$yZIzQpix9b0owOzLB8+yL/vvRAnUUZ+dFm4SqMD7wyc=", "last_login": "2023-09-04T09:34:27.606Z", "is_superuser": false, "username": "manager1", "first_name": "", "last_name": "", "email": "", "is_staff": true, "is_active": true, "date_joined": "2023-09-04T09:33:41Z", "groups": [], "user_permissions": []}}, {"model": "auth.user", "pk": 10, "fields": {"password": "pbkdf2_sha256$600000$D4px4aYfsjvr80cIeylcQJ$7PGzGVLWipz50aEboUN68NZhpvbvEAmOj5X/dmLKIjo=", "last_login": "2023-09-09T00:53:03.343Z", "is_superuser": false, "username": "Magic999", "first_name": "", "last_name": "", "email": "magic999@gmail.com", "is_staff": true, "is_active": true, "date_joined": "2023-09-05T02:16:20.723Z", "groups": [], "user_permissions": []}}, {"model": "auth.user", "pk": 11, "fields": {"password": "pbkdf2_sha256$600000$tRb5MonrjWRarMvlkkQsAu$8dAeU5zi+AF4n30MNtDyguLaZ2iWoTJkYEs6JeKnAqc=", "last_login": "2023-09-08T22:18:36.361Z", "is_superuser": false, "username": "qomijemyp", "first_name": "", "last_name": "", "email": "cacocesos@mailinator.com", "is_staff": true, "is_active": true, "date_joined": "2023-09-08T22:18:35.931Z", "groups": [], "user_permissions": []}}, {"model": "auth.user", "pk": 12, "fields": {"password": "pbkdf2_sha256$600000$tsx6nNvHXizgMxwfAIsaxt$GzQ7V5rZC75AelXniM6obL05EhvRIMCe7zfWsgfFHis=", "last_login": "2023-09-08T22:23:23.823Z", "is_superuser": false, "username": "porecod", "first_name": "", "last_name": "", "email": "vaxizoqos@mailinator.com", "is_staff": true, "is_active": true, "date_joined": "2023-09-08T22:23:23.356Z", "groups": [], "user_permissions": []}}, {"model": "auth.user", "pk": 13, "fields": {"password": "pbkdf2_sha256$600000$b0g72UFcoHfbouC31pOA5o$M9SUzJDeV6X0R6SrbflSMFyIu49aC+chzTT5U9EghBQ=", "last_login": "2023-09-09T06:14:22.169Z", "is_superuser": false, "username": "xanom28984@searpen.com", "first_name": "", "last_name": "", "email": "xanom28984@searpen.com", "is_staff": true, "is_active": true, "date_joined": "2023-09-09T06:14:21.691Z", "groups": [], "user_permissions": []}}, {"model": "sessions.session", "pk": "02cuspuhrjo1m67wflhj5wci58utjwcr", "fields": {"session_data": "e30:1qdmDb:9I-n3GrXbYhdFbwQrCZt0AO8oFgNOxSJvb4mVImKQl4", "expire_date": "2023-09-20T06:40:51.512Z"}}, {"model": "sessions.session", "pk": "057dfoxdzrn5vc31vk101j9hhfc3akmw", "fields": {"session_data": "e30:1qeYjY:CbEvV_sHVulExila8aqJzU7bTq7JshdiDxCH-65ULCA", "expire_date": "2023-09-22T10:29:04.131Z"}}, {"model": "sessions.session", "pk": "085gts5fk9fzfh9kuma5j1h0lk2mk99q", "fields": {"session_data": ".eJxVjEEOgjAQRe_SNWloYSh16d4zNDOdwaKmTSisjHdXEhay_e-9_1YBtzWFrcoSZlYXZVTzvxHGp-Qd8APzvehY8rrMpHdFH7TqW2F5XQ_3dJCwpl9NzrTgsZfe-kE4RsuGkRAYOwTngf0wjSQOTNsZkkmIHMHIiNF6YfX5AgKoOUw:1qbFcH:dTJkozWtGgoVBPl4RRRcB4o3EnYgEogt4wGG--2LYLA", "expire_date": "2023-09-13T07:27:53.031Z"}}, {"model": "sessions.session", "pk": "0ky3g1h4vk5njkomrnu3zdox24ltc05i", "fields": {"session_data": "e30:1qbE4W:_hAiQ3mVwgdrHFIZfhHc__wxynm0kfetp3OGLD3cPJY", "expire_date": "2023-09-13T05:48:56.379Z"}}, {"model": "sessions.session", "pk": "0nxofcdf2jw8mhngxh2celv3ylodi3rp", "fields": {"session_data": "e30:1qeYn5:8KUZ-uHVkhS7HV_r8VuAvSyqDzS3Y-HfjRRrH_4fbFs", "expire_date": "2023-09-22T10:32:43.858Z"}}, {"model": "sessions.session", "pk": "0o0c9ue06ampxy8vvq57me6gxzvkdlym", "fields": {"session_data": "e30:1qeXFA:OPVH4rZ40zXr92Lqunc7iy9Q2la_Nx71Qtz0g5pztxo", "expire_date": "2023-09-22T08:53:36.686Z"}}, {"model": "sessions.session", "pk": "0pehqb86i6iuwmioj9k901bl8h1xski2", "fields": {"session_data": "e30:1qdciZ:nTvyAWNfYXCXrHqcJM6SxX2f7wWKhClWJWIyDiwTR9U", "expire_date": "2023-09-19T20:32:11.393Z"}}, {"model": "sessions.session", "pk": "0peqc1hn1x28jqqe3z8gwtj7b56nhrou", "fields": {"session_data": "e30:1qeIzJ:eWTo7pPJNWWxCLGbfov1br0i5WnDxD9ZYbky-G-95P0", "expire_date": "2023-09-21T17:40:17.447Z"}}, {"model": "sessions.session", "pk": "0qhs91o9w3ihd41lxrhlsiq3ewmh99wj", "fields": {"session_data": "e30:1qe2fw:vl6iks46v1jtTHCXoZenckSIqXiQZFkrd-y7ci3lm1k", "expire_date": "2023-09-21T00:15:12.353Z"}}, {"model": "sessions.session", "pk": "0r87nv23wjr57w3tp3r3z0urbgouxt7o", "fields": {"session_data": "e30:1qeVvy:rz6kIOs7ogt5LPqMmjg_8c21cWrlLuy97RUxWX8kSAI", "expire_date": "2023-09-22T07:29:42.165Z"}}, {"model": "sessions.session", "pk": "0s0q7zxdt5mc4z32whcwy7j0ydoypdq0", "fields": {"session_data": "e30:1qe6g8:mnQPbYzD2DwAkcGU4RNns1cez0RhfxAnwocyTuO477Q", "expire_date": "2023-09-21T04:31:40.075Z"}}, {"model": "sessions.session", "pk": "0xtl15o366euvywxn7pn0373hmdp3rlv", "fields": {"session_data": "e30:1qeVvs:TrDYAD9BNYS--XuKuNVCC0vR72T_PDdEwTZznm0kHq8", "expire_date": "2023-09-22T07:29:36.085Z"}}, {"model": "sessions.session", "pk": "10mp4kzr8c4kveaabzkcm89fyw4zkdf9", "fields": {"session_data": "e30:1qdjYL:ZRVJm7udTgkfai37KUDA6NvOPFXWfGWb46dhO__qNVE", "expire_date": "2023-09-20T03:50:05.244Z"}}, {"model": "sessions.session", "pk": "112zogkonq4linv0xjnf6lnlsiz3qh3i", "fields": {"session_data": "e30:1qblf5:qKQ91ZqflK4OZw1yv7XgjTzCTtb6KjaLC2HVvl9M4FE", "expire_date": "2023-09-14T17:40:55.070Z"}}, {"model": "sessions.session", "pk": "13i4use4ivurcafy72gqt47m25j9k4fd", "fields": {"session_data": "e30:1qeQxg:P-2iNkVTMVxFP2WhgJLnMU6Ubgl2xQHsWMDP0o9RyZ0", "expire_date": "2023-09-22T02:11:08.860Z"}}, {"model": "sessions.session", "pk": "16bpqco31r26vmkqr4x25y8co13eicrr", "fields": {"session_data": "e30:1qee7D:3qVy0KIPlxpaALWeOogUB1hba_rm7itw33rPCloLa08", "expire_date": "2023-09-22T16:13:51.919Z"}}, {"model": "sessions.session", "pk": "197laog0e95giuhg6gh7d42q5wtnheut", "fields": {"session_data": "e30:1qdzsA:DYJ1Fy214p--OEmwHFewF56AMN3OYY7_KCVbFJ9DAXQ", "expire_date": "2023-09-20T21:15:38.117Z"}}, {"model": "sessions.session", "pk": "1apqnzmszqv9hyqkwexxrjihswuwg5hn", "fields": {"session_data": "e30:1qdCdq:svFGbIKIHQLFoe_hVcBd6fJ7fdKHKN1idYdw1umvABY", "expire_date": "2023-09-18T16:41:34.917Z"}}, {"model": "sessions.session", "pk": "1b2x58xfmw6z0g38947x9pwqua74gilq", "fields": {"session_data": "e30:1qeMHc:iW5wSNMGDtRdFzZNG6td3L0k3aflM_rkXWjJD-Isdc0", "expire_date": "2023-09-21T21:11:24.292Z"}}, {"model": "sessions.session", "pk": "1buzjeatopvaot9rhplo07e1nwqze70s", "fields": {"session_data": "e30:1qcsJX:8HQyxkrtPCeifu5RMJdEJtlDH5vTWXbIUnFokCc8x9M", "expire_date": "2023-09-17T18:59:15.476Z"}}, {"model": "sessions.session", "pk": "1chu1m8plkbs757b8rj8tggqhpmtc6os", "fields": {"session_data": "e30:1qdrlA:pxdhoMloJW1Rtphn_C1nX2rV7Vrnr5DKNR6C0l3_pts", "expire_date": "2023-09-20T12:35:52.568Z"}}, {"model": "sessions.session", "pk": "1d1qrxa02rcbldso5oqr445puzsb0x7v", "fields": {"session_data": "e30:1qblfB:1prbLdS7rIqQc84XduB-zHYkN4LKsLFfQpUreQI_HGU", "expire_date": "2023-09-14T17:41:01.689Z"}}, {"model": "sessions.session", "pk": "1ifx0itq81ldtketmyfhut3eo8233hkh", "fields": {"session_data": "e30:1qcl7O:Xnho29M06lHG92U3H9D0LVi5Bl8sLsHBEo3R2ktivjo", "expire_date": "2023-09-17T11:18:14.848Z"}}, {"model": "sessions.session", "pk": "1ivg42bi733hax8r34kkeqzrvrjiesf0", "fields": {"session_data": "e30:1qdqll:asA5KfCOvyLjq4usW0amnhmtE1-_5nA6myBDq3hFWhk", "expire_date": "2023-09-20T11:32:25.073Z"}}, {"model": "sessions.session", "pk": "1lpqwzpzhs0tuy77f1g2lft8ujmbs4eh", "fields": {"session_data": "e30:1qel3X:bqBDmgoow74rYOZpHUHjq7oLgHdLIPWxYblQad3xhN0", "expire_date": "2023-09-22T23:38:31.009Z"}}, {"model": "sessions.session", "pk": "1oe6e5yivirq4tnpid67ryxju791w8ys", "fields": {"session_data": "e30:1qeSjy:JukfwJBIIieZRZQNUif4Po7zKoZuQATHTDlElrcCaTo", "expire_date": "2023-09-22T04:05:06.240Z"}}, {"model": "sessions.session", "pk": "1yby4odab6ns4rxvwjxvly8ynru6roj8", "fields": {"session_data": "e30:1qcVBb:WNdGHLPqMvKAAU25-PgelCoVKkmRZ-Juf1ssYJlbgb0", "expire_date": "2023-09-16T18:17:31.740Z"}}, {"model": "sessions.session", "pk": "1yl8hbk2jgzg7hetuptjskdhvqtyh622", "fields": {"session_data": "e30:1qbaBq:svafHKRnsGB1-UAuOr11KOjHZcQDJ0u6ktjBvijCP9g", "expire_date": "2023-09-14T05:25:58.479Z"}}, {"model": "sessions.session", "pk": "20ec8y75qvke1b93la0625rwmvsdqnfr", "fields": {"session_data": "e30:1qeZf9:_oQv8Zy5IrTaxv1lRZ1nt9VSe4nh0TjTHNH1ej6GiuA", "expire_date": "2023-09-22T11:28:35.990Z"}}, {"model": "sessions.session", "pk": "21cfkq1m7431q6qu5489dfmkm7l2oxz7", "fields": {"session_data": "e30:1qdrlC:O5VqpXi3GbykNW_yXD7O3DUqSIelJBshM4PbGGtMBVQ", "expire_date": "2023-09-20T12:35:54.205Z"}}, {"model": "sessions.session", "pk": "2224izovg7pq8a0rphkp1fp2gbie24jp", "fields": {"session_data": "e30:1qbbBg:DjoHb23deqIa3eN-mX0nplZ9TOmaiIc3eqB3G3kCLhw", "expire_date": "2023-09-14T06:29:52.363Z"}}, {"model": "sessions.session", "pk": "230e9lggt2driykiqlo3zg51bqgwy3d2", "fields": {"session_data": "e30:1qdkZ1:hnX1DWFNRWFcEk3YqNE95_XRwvNCf8blRrpKwKuGOww", "expire_date": "2023-09-20T04:54:51.666Z"}}, {"model": "sessions.session", "pk": "23z6hs6dm1zfe3j2fvpofgt8n2mbb6hj", "fields": {"session_data": "e30:1qddBC:WDWkaOijBrVqMt7tGzlWxA54BsTUCwnGr_M8pKhFtJE", "expire_date": "2023-09-19T21:01:46.755Z"}}, {"model": "sessions.session", "pk": "27z28l0i5lkuasdcahb1fy6fagfbzllb", "fields": {"session_data": "e30:1qeWCZ:5DfmCXMwNvE7RzzHare824D8mK4-WwoAb4nlArWKWe0", "expire_date": "2023-09-22T07:46:51.105Z"}}, {"model": "sessions.session", "pk": "2b86klyl5m5hunt0b07oy6l4xx1bmqth", "fields": {"session_data": "e30:1qdal0:1r9UxlZk80hKQfrmne3fTZEo72sAFZmXB4BDOY8Lk_U", "expire_date": "2023-09-19T18:26:34.510Z"}}, {"model": "sessions.session", "pk": "2bxoh6pwhpbhqkpf7oa36vz1vodfqa2c", "fields": {"session_data": "e30:1qeDG0:MjpX1lza0PZxe9L8xMPefSP7ZRJjujqe0fvcviaikWc", "expire_date": "2023-09-21T11:33:08.082Z"}}, {"model": "sessions.session", "pk": "2iz8hg9r7fju4vgcryptshuwywfg5mrz", "fields": {"session_data": "e30:1qcfF1:ATZ5v_X5x1nr7ojrd0I_inYvYV8oz_QYMZIcx0_FC_M", "expire_date": "2023-09-17T05:01:43.886Z"}}, {"model": "sessions.session", "pk": "2ls6i27rhx2lnix84741xz1m5i7gcxn9", "fields": {"session_data": "e30:1qdCGo:6zQkdRk6qzJD0QiY22l-dXXkLT8ygCRmZb99ez-1Xz8", "expire_date": "2023-09-18T16:17:46.541Z"}}, {"model": "sessions.session", "pk": "2nc064fr7n5u6tu5zcklff8fbgrdel1h", "fields": {"session_data": "e30:1qd8Vl:KsFcLOSKyeERfO0TiFHVeyEjoaj4y0N4dwWjny_mNpA", "expire_date": "2023-09-18T12:16:57.242Z"}}, {"model": "sessions.session", "pk": "2ptltdk6eu21unphqi4vifcdh2mxayi2", "fields": {"session_data": "e30:1qbfa2:DnwMIVxtXcYmmUvXU7kdAs8pwgSCHB6nJfQuUwddxy4", "expire_date": "2023-09-14T11:11:18.201Z"}}, {"model": "sessions.session", "pk": "2qw0sg6gkzet1wfux035gmuv87hbibkl", "fields": {"session_data": "e30:1qen1a:Z09rhBncXYKrPTE76IvZCV7BR7sLjv68dNbCxkreZgk", "expire_date": "2023-09-23T01:44:38.788Z"}}, {"model": "sessions.session", "pk": "2ryzchfurqmf754tcjbc3e5f3cml5tnq", "fields": {"session_data": "e30:1qdeCV:O2xBv690j3_X08cuh5jK5g2LP1hoZiLZfeuOKqwxmQ8", "expire_date": "2023-09-19T22:07:11.189Z"}}, {"model": "sessions.session", "pk": "2zadj5m6kdpmsg28f6ovdyga5i549mr6", "fields": {"session_data": "e30:1qdtld:d_8NBuaXm4mqbf0-EH3UomoeWLPXiCmE7W9RJTLCzjE", "expire_date": "2023-09-20T14:44:29.558Z"}}, {"model": "sessions.session", "pk": "316wk35nljdy8s91rn9qe06ekwm1d5yy", "fields": {"session_data": "e30:1qdN0k:P0ZJFD4RmVUf6CFjvxTwiDMo5xA85IoOX_xgHgxHSjk", "expire_date": "2023-09-19T03:45:54.486Z"}}, {"model": "sessions.session", "pk": "32559q7iva2ly2xnj958esc4pjj124m1", "fields": {"session_data": "e30:1qboTp:y0VXZlo_irSBYYljPMl4SPwZicNxFO2rZhOjMuG4uB4", "expire_date": "2023-09-14T20:41:29.520Z"}}, {"model": "sessions.session", "pk": "35tq9x1tdjqox7fh9q4c6t8lqjyzyazh", "fields": {"session_data": "e30:1qdjHO:hwpc5C4rC_vGQcZHTKB8T5qdM0FMgE20goRnwFQ6oEo", "expire_date": "2023-09-20T03:32:34.292Z"}}, {"model": "sessions.session", "pk": "370ws7r6qle4lojc8le3biad06nvhuq4", "fields": {"session_data": "e30:1qbi8m:A7wpQHP2FoCM6_wUvk9oC3E4-LzD6dMCKFrE9r2-9e8", "expire_date": "2023-09-14T13:55:20.471Z"}}, {"model": "sessions.session", "pk": "38819sn8gyt9i504m3m0uplqo2d56rj7", "fields": {"session_data": "e30:1qejZx:7JEasaWCXJoFhkKKgWScSBcl4lAEVHsmO65h5vJy2Ro", "expire_date": "2023-09-22T22:03:53.983Z"}}, {"model": "sessions.session", "pk": "38zpb1zpoi31jr767n7k68mi70y76oqc", "fields": {"session_data": "e30:1qciPU:fVDnooe-Twn1ARURBeCiPs-37zBkr-nKxFfsMjzcLYA", "expire_date": "2023-09-17T08:24:44.536Z"}}, {"model": "sessions.session", "pk": "3a2b5hl395j4t0buwyicn232txhaynmo", "fields": {"session_data": "e30:1qe7Nk:O7IU_ppCEyMcEEu-S0zAsUt9uAknERluP_0cJBgGK5I", "expire_date": "2023-09-21T05:16:44.421Z"}}, {"model": "sessions.session", "pk": "3dukcjowcc885kzfv2xzs4j1hy58apnf", "fields": {"session_data": "e30:1qeJit:kpWVg0iTZ0cjI_kQ7Gl9e9fmxYMcNyIaxDVkLWqmfC0", "expire_date": "2023-09-21T18:27:23.968Z"}}, {"model": "sessions.session", "pk": "3f5u93diug03rpe92sf56mde5zptkbke", "fields": {"session_data": "e30:1qdjYK:XlmB-PSxdeWZapSGwt_EaOTuSCQhxbiObvZf1z4alTA", "expire_date": "2023-09-20T03:50:04.295Z"}}, {"model": "sessions.session", "pk": "3npmlyn2uk3hq4si7onifzgem4q4olsd", "fields": {"session_data": "e30:1qenOG:RNLlacqGrdBpmrvkYvlG_ZrO-8tbue_Qf0W2_ayFdHg", "expire_date": "2023-09-23T02:08:04.910Z"}}, {"model": "sessions.session", "pk": "3su0o4pkq7g49ten67b37m2tamoyoh89", "fields": {"session_data": "e30:1qe5zz:83wnnTHmp17FS-o2PubgULVANa5LAa0LHkqXaujE9Cw", "expire_date": "2023-09-21T03:48:07.880Z"}}, {"model": "sessions.session", "pk": "3x8xagqyblyrat1r4byjftxvwiam3tju", "fields": {"session_data": "e30:1qd0gC:83qiuhq--r2VusQwhwM_jQSQz3VUd2jcmRzN3gBEKi8", "expire_date": "2023-09-18T03:55:12.421Z"}}, {"model": "sessions.session", "pk": "3z0pnemeqy3rex80b4cmc3zk8uslesy8", "fields": {"session_data": ".eJxVjEEOgjAQRe_StWkKTlvGpXvOQGY6U4saSCisjHdXEha6_e-9_zIDbWsZtqrLMIq5GG9OvxtTeui0A7nTdJttmqd1Gdnuij1otf0s-rwe7t9BoVq-NZxbFFZO0akPOXkMINIhSZYmInYuBIceGHwgcIAeY9tohhSFlNm8P-ZvN_U:1qbewa:YzPl6FwjLykQ47FqM8X3kE7qRSi9D93_9S8QTnhmB9g", "expire_date": "2023-09-14T10:30:32.480Z"}}, {"model": "sessions.session", "pk": "40qc3zmftocfveizjul95539nk3kp2uw", "fields": {"session_data": "e30:1qbcQj:O4R20epVE8sU5uE3Dztyjd2ZLpcM-BCyLeY3OF8zs48", "expire_date": "2023-09-14T07:49:29.548Z"}}, {"model": "sessions.session", "pk": "41eyair6govt7axhkk5xr09owd5h6g8o", "fields": {"session_data": "e30:1qc6DZ:QAppUSNoKfd26l2YFH5OPVHuxNepVINRR4MsMWKJf-o", "expire_date": "2023-09-15T15:37:53.672Z"}}, {"model": "sessions.session", "pk": "41iirc0vitul3jlf1rbme4ju0bsb2wjr", "fields": {"session_data": ".eJxVjE0OwiAYBe_C2hCglIpL956B8P1J1dCktCvj3W2TLnQ7M--9VcrrUtLaeE4jqYuy6vTLIOOT6y7oket90jjVZR5B74k-bNO3ifh1Pdq_g5Jb2dYminTd2cY-9JTJGY5DGMQxiJAXFCMbAfKIaL13EKOFyAFcsGzRqM8X-jM4oQ:1qe1sq:dUcrNn4tq7S1iaaqpalRdMe1kvilYtxkHk-OSkf4xlM", "expire_date": "2023-09-20T23:24:28.523Z"}}, {"model": "sessions.session", "pk": "43btukk81bf832mrv1oo5wxpmnrbilit", "fields": {"session_data": "e30:1qczZE:dRURcP84Kvg85BeLrfQx1DVzUzSycUuvrrjEIy5nkEc", "expire_date": "2023-09-18T02:43:56.619Z"}}, {"model": "sessions.session", "pk": "45f81i7qgf47jvokdesolrce3mealzhi", "fields": {"session_data": "e30:1qeWpw:s6OWXq72GvEOYNTnN9g49mrNjfUFXYMMGsCvhndJDVM", "expire_date": "2023-09-22T08:27:32.498Z"}}, {"model": "sessions.session", "pk": "46m698qcoh21xfgu169dsmaolmkxmpk0", "fields": {"session_data": "e30:1qenCT:NpVuerP4JT7GFUDusm3oghGfuhy6Imhl7smBluVT8rg", "expire_date": "2023-09-23T01:55:53.177Z"}}, {"model": "sessions.session", "pk": "4721klv3gjqsqsj7qxynpwt0sa9szz3q", "fields": {"session_data": "e30:1qeq0N:-uZcw5VMaunYaq5dGD0coB2JaDLkjL3PKkejGttJLWo", "expire_date": "2023-09-23T04:55:35.995Z"}}, {"model": "sessions.session", "pk": "4767sfk0atu126hwqf5nuoxuxxbbc1g3", "fields": {"session_data": "e30:1qeMQv:bWJUvcSHSQ5etFq3ZFRdlu-2VSjje9VLEp5yQa_MBtc", "expire_date": "2023-09-21T21:21:01.959Z"}}, {"model": "sessions.session", "pk": "49u8tvs12b85inniiqt48ld96e2ncgcx", "fields": {"session_data": "e30:1qcvGt:HGWiLh7fN_EthNomnHqvYtG4LIwdVvSZRBbrJt40gOI", "expire_date": "2023-09-17T22:08:43.571Z"}}, {"model": "sessions.session", "pk": "4a1kbi03plenu061x8lxw3qv5f9824yn", "fields": {"session_data": "e30:1qenJd:FA4OxdNkP8ie1aHqCQOLcdIG0M2np45nM1jbdLUQ4to", "expire_date": "2023-09-23T02:03:17.156Z"}}, {"model": "sessions.session", "pk": "4o7i40k9zjvgjjglja7umocehdv4n6uc", "fields": {"session_data": "e30:1qeQXY:af2GWC5Vn8J2bXlgia90iKd0EpboQGePMcz-Qmleetg", "expire_date": "2023-09-22T01:44:08.115Z"}}, {"model": "sessions.session", "pk": "4oodjtmrzizgcpfz2rffxyk7wlp9x4b3", "fields": {"session_data": ".eJxVjDsOwjAQBe_iGlkJu_GHkp4zWGt7jQPIluKkQtydREqRtG9m3lc4WubslsaTG6O4CRSX4-YpvLlsIL6oPKsMtczT6OWmyJ02-aiRP_fdPR1kanmtyfbBMin2BINFbaFPdAVOJiiKA4Lxmiko1hY77Axoj0mvbkyQ2LD4_QH5Jjh9:1qcoGJ:HsQhxLO03Aj0ow6fgzOmpKkQn1qxLUehALrHi7QkqOQ", "expire_date": "2023-09-17T14:39:39.987Z"}}, {"model": "sessions.session", "pk": "4pmb21a5u1wib926ktck58vpzzpx00o9", "fields": {"session_data": "e30:1qeF7C:cQ7KSKFKBkvm6EZLIUN703M84GFEDskagacbNIDriu0", "expire_date": "2023-09-21T13:32:10.949Z"}}, {"model": "sessions.session", "pk": "4t29jp2nu5zf9vjxylt8ioijprqkzbz7", "fields": {"session_data": "e30:1qdyM4:lk42X19pY3vroulSuIRYdOqjZmuVUUxVdiQ7KzGbjc4", "expire_date": "2023-09-20T19:38:24.295Z"}}, {"model": "sessions.session", "pk": "4t5z5rboh9r7zfi7r69wutnysag6d46i", "fields": {"session_data": "e30:1qeQt8:yDTg9EwRuCLBxBBNd-HUA1hH9FriPJrAhPKUcoum-wY", "expire_date": "2023-09-22T02:06:26.636Z"}}, {"model": "sessions.session", "pk": "4wtf49y8ju9xy0qwexm0j952alrmzu9w", "fields": {"session_data": "e30:1qeinz:Ruhr_NfoqTrboyj_9nxOkPX38B2bkNG8_TDVmA3ySSw", "expire_date": "2023-09-22T21:14:19.377Z"}}, {"model": "sessions.session", "pk": "4wwcji6www6qamktf5aic427ekheikqx", "fields": {"session_data": "e30:1qe7Az:Nrt9yy3LopHGPhJEOiWdS23DnBnY4k37iqyF9ud5d3Q", "expire_date": "2023-09-21T05:03:33.557Z"}}, {"model": "sessions.session", "pk": "51257jtgqpz5xceh6r2stqsnwtjrlobr", "fields": {"session_data": "e30:1qblf0:c5VW2nFNe7pjmQ73RoheGARihDWCxnar7ll7o_XFHXE", "expire_date": "2023-09-14T17:40:50.560Z"}}, {"model": "sessions.session", "pk": "51h0odx49k0ybtlk7jsqodcmq9pzjgmm", "fields": {"session_data": "e30:1qdcHP:1IbNWmgoiZmZNXjoMKXF_jCBUFhygUP9YFnirm-EC74", "expire_date": "2023-09-19T20:04:07.806Z"}}, {"model": "sessions.session", "pk": "54tt3t2q4dk6wvp4a180pb2pebpuokib", "fields": {"session_data": "e30:1qe7cG:LNnnlnoNS3YyWyBG9ddy-Dy3cFiCHzL04GNqvFBzHN0", "expire_date": "2023-09-21T05:31:44.435Z"}}, {"model": "sessions.session", "pk": "57uytg8jzwwr9l83nlm7ivvilx9yznh1", "fields": {"session_data": "e30:1qbaJ3:y2g1gWTWl5dfZ0HsGmfQvMUivXe0thfz53K2h8x1D3g", "expire_date": "2023-09-14T05:33:25.841Z"}}, {"model": "sessions.session", "pk": "583g6m1e1hd0178afqdpowzs3i5fyuvv", "fields": {"session_data": "e30:1qbPxz:nTuoPUogWpiUJQ1oQ5YJv2CyEu3xZ1azopixfS3XtD4", "expire_date": "2023-09-13T18:30:59.623Z"}}, {"model": "sessions.session", "pk": "5axjdjvsh748tz1dn612mx7poa4bp2r5", "fields": {"session_data": "e30:1qdmFb:mnObVuPb_K3bHLQjq7Rvkl1AWOytBwakB2QI8DE5lQw", "expire_date": "2023-09-20T06:42:55.768Z"}}, {"model": "sessions.session", "pk": "5cowghb80o13ciwppub18dieeqndd9b9", "fields": {"session_data": "e30:1qd0hU:3P0MNRV321wBRP9DOS4OxfP_6hEVK3r4h0fjA7jcjNk", "expire_date": "2023-09-18T03:56:32.288Z"}}, {"model": "sessions.session", "pk": "5dmjykif63egy8dimu2dms05o8h5pyod", "fields": {"session_data": "e30:1qelZs:Ji1RUs3lSLRdu2S7igubgoNV3GjUKzGvGHHB4SPfw0I", "expire_date": "2023-09-23T00:11:56.649Z"}}, {"model": "sessions.session", "pk": "5fb39vn8ih1chxe8i8qmf6p88zv9yo2q", "fields": {"session_data": "e30:1qcVKB:QJ36tFNuhJgOFfYxE-A1hHx6IhsOKf0x3HwIu21mGns", "expire_date": "2023-09-16T18:26:23.039Z"}}, {"model": "sessions.session", "pk": "5gmdlqyc0236ntdboom11renbrpew8e0", "fields": {"session_data": "e30:1qbkX6:Utf5jHHZxFyqNrcyV-znvxqLTKtrKoPbV_6GcitY0ps", "expire_date": "2023-09-14T16:28:36.809Z"}}, {"model": "sessions.session", "pk": "5gxonbw320serquft80t9dui7y4qppuo", "fields": {"session_data": "e30:1qeVvs:TrDYAD9BNYS--XuKuNVCC0vR72T_PDdEwTZznm0kHq8", "expire_date": "2023-09-22T07:29:36.156Z"}}, {"model": "sessions.session", "pk": "5kimrcfhfrz0083a1ta4hgfmsa1h7108", "fields": {"session_data": "e30:1qdCiK:3IMRTf8puJ3dP62mUzptOOHj-GrgOp8DGiSszWEQqJ8", "expire_date": "2023-09-18T16:46:12.898Z"}}, {"model": "sessions.session", "pk": "5qint740xd1kglomnfy23s0off65981k", "fields": {"session_data": "e30:1qbCvm:qqx1zEYznzU3Ym13r8GdHMH3sd7ywsw04rAItPaXGJA", "expire_date": "2023-09-13T04:35:50.206Z"}}, {"model": "sessions.session", "pk": "5vdjq92x5pivjgkmy204fdlv9gwj81ts", "fields": {"session_data": "e30:1qcDay:8b8IenjB64WeHinO6wW3TtIANy9lRBxDHzQaH3pF4po", "expire_date": "2023-09-15T23:30:32.248Z"}}, {"model": "sessions.session", "pk": "5vqx9hxqap1laamb4p3rfnx7e8ooze0z", "fields": {"session_data": "e30:1qe4A3:NwIkrZzAfmpQ7yAqGvzzYL6HXjdL4YYIMjDT6zusItE", "expire_date": "2023-09-21T01:50:23.889Z"}}, {"model": "sessions.session", "pk": "630pjygkbnh54d7ihle8v9rwtskkuzjy", "fields": {"session_data": "e30:1qc6Ip:54l84VdGnI5JeDvTyYyEYiOTZkJxusrVXJ2xGwI_jC4", "expire_date": "2023-09-15T15:43:19.520Z"}}, {"model": "sessions.session", "pk": "64hqd3fknh1kp18k1usel6ocxp26m66t", "fields": {"session_data": "e30:1qdcJB:P6oSGD98qvqmTj1LLchi9l7jOg2tdVLLU2BEh4y5QB4", "expire_date": "2023-09-19T20:05:57.596Z"}}, {"model": "sessions.session", "pk": "676esib8gb4roy6yu4vc3devrgarozis", "fields": {"session_data": "e30:1qc6Ft:UKSD_qqu6WovxBTHS_4Pfkv937vIMSzuNbdoJ46eo4U", "expire_date": "2023-09-15T15:40:17.077Z"}}, {"model": "sessions.session", "pk": "68isg0uswv45346haz3spx3ey2d1s59v", "fields": {"session_data": "e30:1qeWht:iwVhS3rnh7PniEkSM-SH6neNz6JJy8clPw0i2l32OUs", "expire_date": "2023-09-22T08:19:13.503Z"}}, {"model": "sessions.session", "pk": "6akswkb3wtnrzno2awjh8n0ustxz8lzc", "fields": {"session_data": "e30:1qbi8v:SwILUksBrlKUKv_6hu6vSNr1erGeu_c95EtS6xkSvjw", "expire_date": "2023-09-14T13:55:29.529Z"}}, {"model": "sessions.session", "pk": "6drz897wkjqhji0efzm5egdqcrhl705w", "fields": {"session_data": "e30:1qd7Oh:8ECNsnqKwqhyT_u2iNUSChOQGx9XjUm3KwJfVBaBcR4", "expire_date": "2023-09-18T11:05:35.634Z"}}, {"model": "sessions.session", "pk": "6fag7c54vodnu8mmod5zj0n5inlb2y2s", "fields": {"session_data": "e30:1qdL2g:vZL5Zkh4zK3_Vn2Z696snfRENDAYr_EjCUCYxLMXIik", "expire_date": "2023-09-19T01:39:46.876Z"}}, {"model": "sessions.session", "pk": "6gd6oqn8o952pcv4pdqd7nlqf5cgpira", "fields": {"session_data": "e30:1qel8E:iOgpoaYKO-id98s2ZTxyrXhp0I8RlbEKhNhWxoKMsMo", "expire_date": "2023-09-22T23:43:22.934Z"}}, {"model": "sessions.session", "pk": "6gimnvs1tl3ls8gcfl5s6wlprex8s5x4", "fields": {"session_data": "e30:1qcvKP:X_MtUCgbfCL4nuUfzzTtxrW5yoPwOBxu7lq3kvaS1fg", "expire_date": "2023-09-17T22:12:21.720Z"}}, {"model": "sessions.session", "pk": "6khvmbn2ulch7ni1n089syrrgjch68lr", "fields": {"session_data": ".eJxVjDsOwjAQBe_iGlnr-IOhpOcM0Xp3jQPIluKkQtwdIqWA9s3Me6kR16WMa5d5nFidlQF1-B0T0kPqRviO9dY0tbrMU9Kbonfa9bWxPC-7-3dQsJdvbY1LMVqHKASZQXhI6CQnOFkfGSVF9jEgZM8wAEog4zwdvWNLIWT1_gAo7Djf:1qemDf:ZppdQws3A8AXzVBXjCb_asfTOdaIr0sssZTjOZ7CpCg", "expire_date": "2023-09-23T00:53:03.346Z"}}, {"model": "sessions.session", "pk": "6pejvme8b4dbjzgqedkyvo0ibjn1pkj8", "fields": {"session_data": "e30:1qcyE4:22VuNv752ZR0zIVlwHCvYbbW6KlgqBk2tnyepM5FpIg", "expire_date": "2023-09-18T01:18:00.169Z"}}, {"model": "sessions.session", "pk": "6qox74z291z09zvlljn8bhmtemj8xgyr", "fields": {"session_data": "e30:1qdiTO:G-84ieZ9OY-ZW61NorC0U0NPfDYoHr5Xbf2IcaGHP5o", "expire_date": "2023-09-20T02:40:54.466Z"}}, {"model": "sessions.session", "pk": "6rbcbqoc3xz6t69b8zq2rvflpe3gof65", "fields": {"session_data": "e30:1qd2ue:_Juiyj6NuymuH_lUNxGODVUEq_nKBxqBhmeiI4UCFQE", "expire_date": "2023-09-18T06:18:16.802Z"}}, {"model": "sessions.session", "pk": "6szopvcf8cgb4gzdld3ps7r09ou1u3s2", "fields": {"session_data": "e30:1qd6GM:xoTGw30fe1vCHOh8xFn-Sfq5UY75m8beg-WQ5IXBu_8", "expire_date": "2023-09-18T09:52:54.514Z"}}, {"model": "sessions.session", "pk": "7613macfr5wcz5dxrwej50yytx1w0hzx", "fields": {"session_data": "e30:1qbmSH:d8BzKxgT3fpCKBt4ERzRLKvS_CiNGfUPUKsc3z987gQ", "expire_date": "2023-09-14T18:31:45.625Z"}}, {"model": "sessions.session", "pk": "76g077rgxb7hy59na4v6a2mtp7ylqt01", "fields": {"session_data": "e30:1qdvGS:Mg-TUx_GKiKOPyssIW5lhRg2urkZ-KMMgjKj6aPyz0w", "expire_date": "2023-09-20T16:20:24.437Z"}}, {"model": "sessions.session", "pk": "77ngibngeg5s8s83c9eqr8ueufk6ls7g", "fields": {"session_data": "e30:1qbAIy:14u5Mx5vPLcooR2RrG_nPSxXoYGAbst9aQo6KR1Fh8M", "expire_date": "2023-09-13T01:47:36.103Z"}}, {"model": "sessions.session", "pk": "789rmqshvcwewr5ksi6ypxhdpfyraut5", "fields": {"session_data": "e30:1qcnVb:AWhZvr_qUTqa2Ba3KQj_9BvAKLa6scvTkbiqUHmiMuE", "expire_date": "2023-09-17T13:51:23.678Z"}}, {"model": "sessions.session", "pk": "78jsnb27np7hbpigl4aac23unr0q2d5h", "fields": {"session_data": "e30:1qeMQu:GHzN5jEJyDdmZ1dFvZ_cyBbvKeqbe7oDWLBtGWtgNqA", "expire_date": "2023-09-21T21:21:00.402Z"}}, {"model": "sessions.session", "pk": "7abhrge51fphnworuujhxpcfv885evg7", "fields": {"session_data": "e30:1qdCiy:NromJMA0HYGRvTU9K289to1dGQyKCTtjdaHrdBiOJaY", "expire_date": "2023-09-18T16:46:52.573Z"}}, {"model": "sessions.session", "pk": "7d3waa2mis9stfc08avumku25itbbo2y", "fields": {"session_data": "e30:1qeIxP:ycEvf-K3H36ouNQUKsloz4jlo7brrb5jxNSdFHwrYzQ", "expire_date": "2023-09-21T17:38:19.073Z"}}, {"model": "sessions.session", "pk": "7dg7tgxi27bsa403cdq0k4uiwulpvs1v", "fields": {"session_data": "e30:1qd85Z:WUc20GXzYL_ShnI63MWYmeJZsU61UIen_XEWPGvf_2Y", "expire_date": "2023-09-18T11:49:53.588Z"}}, {"model": "sessions.session", "pk": "7f69qn9h9hnawalkkfc5gxld5y1tucbu", "fields": {"session_data": "e30:1qcHqD:lcBh3Gq794ZJKjIcb9h3Y7COdWfqv0RS3wHRTIvUbe8", "expire_date": "2023-09-16T04:02:33.831Z"}}, {"model": "sessions.session", "pk": "7h8615rhep3r1ikphh4d6b5hygzl0kw5", "fields": {"session_data": "e30:1qeXGO:enB_sZCJuaag_u6wUtLrM6ytfj6SdRkeUm5S7NAqHrM", "expire_date": "2023-09-22T08:54:52.835Z"}}, {"model": "sessions.session", "pk": "7jvv8qwwbx61kirfil5i0b8kj579sn79", "fields": {"session_data": "e30:1qcaAA:JF--pk5KfkFGqg92-A-5G4iH0F2w5tDSx1c1HSx_010", "expire_date": "2023-09-16T23:36:22.932Z"}}, {"model": "sessions.session", "pk": "7m2d4x6tt8qbkp4x5erdk0jn6qp7apy9", "fields": {"session_data": "e30:1qcnY8:TOQ_tWKeonCLVJlvo7D-DciKYgOWES6u3wrxssUhPDg", "expire_date": "2023-09-17T13:54:00.169Z"}}, {"model": "sessions.session", "pk": "7mvjhanoaxqrymcpsyh8iti3pae18k4h", "fields": {"session_data": "e30:1qbk9u:ggTPnZPiJVv098Pc6MCC7gPyF4y5i8J03bok2mHYsyU", "expire_date": "2023-09-14T16:04:38.205Z"}}, {"model": "sessions.session", "pk": "7nsnspn1tbnb0ma1w120dbjpeucr9fag", "fields": {"session_data": "e30:1qbeEl:1ypyCyt_KZAIeerq0eqg9e4CYIT1g6cyze6k6ftN_Kc", "expire_date": "2023-09-14T09:45:15.584Z"}}, {"model": "sessions.session", "pk": "7pvfyidus6vf8xd98ntqtgpk62vzgny6", "fields": {"session_data": "e30:1qeQIN:4zEAhiBpJHAIAvFVSOCewTmoTs2GTJvA465QADA2d2w", "expire_date": "2023-09-22T01:28:27.466Z"}}, {"model": "sessions.session", "pk": "7qpgtlvlf0odiusxay6ewa921s47nuzr", "fields": {"session_data": "e30:1qeYBE:W_WQhD_aKQzTxbM71g1s6sSJB2OKXZ62wN9VmTBhthI", "expire_date": "2023-09-22T09:53:36.566Z"}}, {"model": "sessions.session", "pk": "7suwbi003a0itt6y7ezhbd581cwmsfhy", "fields": {"session_data": "e30:1qdjYD:XnmcbC_vZa7Ssfb70-cmrcb1hDQ2hjmIG36kIh0_LZo", "expire_date": "2023-09-20T03:49:57.094Z"}}, {"model": "sessions.session", "pk": "7tkvtcfsfi27067p6jdhts9gdmrpqmc0", "fields": {"session_data": "e30:1qeh1P:oBOeBohw8sxVM21rliqvzL56trV4L1fg9zeav406x_8", "expire_date": "2023-09-22T19:20:03.275Z"}}, {"model": "sessions.session", "pk": "7z5ua0smrxoyfemdfbkxu2bknzd9hhhm", "fields": {"session_data": "e30:1qbxeD:EMPX8f5yOF5CekWeOQADyd7H4tJnUWkot6UYhHWzGUg", "expire_date": "2023-09-15T06:28:49.448Z"}}, {"model": "sessions.session", "pk": "7z6s2n0bi0etzqfrsgz12wsr7m1x3eef", "fields": {"session_data": "e30:1qeZaJ:WRtG-0oDBysaTG97XKL0jHXkBLqdNSmB4cmS7J7y1r4", "expire_date": "2023-09-22T11:23:35.125Z"}}, {"model": "sessions.session", "pk": "80j9cfjw18dd0mf670wlaugtdjd8wtr2", "fields": {"session_data": "e30:1qdfEh:a2G8IVMZuQtXY2IrUlYQQJz19ckbcc6ztSDS4SOWun4", "expire_date": "2023-09-19T23:13:31.674Z"}}, {"model": "sessions.session", "pk": "87m51aclm9gnuj3qt1isjbjlyxrunp59", "fields": {"session_data": "e30:1qeLfW:F3moLlQKTQcqqTeRH5hK5CP5QhF3qSz0Dc_lg7OY3sE", "expire_date": "2023-09-21T20:32:02.951Z"}}, {"model": "sessions.session", "pk": "8bs19p74l44jvkiztezk101qkw8q9v2z", "fields": {"session_data": "e30:1qdy9D:DoL6bct5ke63mGpVl5TZU6acQWW8H1c97XCxwXsnT6o", "expire_date": "2023-09-20T19:25:07.820Z"}}, {"model": "sessions.session", "pk": "8ekez9as5shxusppyihwgkcltmev042o", "fields": {"session_data": "e30:1qeMrt:eD-kxxnXH7f-Yy5upq-06A9WvoSqVgLKkC_UTR1JtVU", "expire_date": "2023-09-21T21:48:53.264Z"}}, {"model": "sessions.session", "pk": "8eu4g250vdq6e3jvuiuz3vcmcgsocca9", "fields": {"session_data": "e30:1qcvXF:lHQi8QXa6OPQfVJrqWweHvbDbkwZLH9hHFJPc2mskqQ", "expire_date": "2023-09-17T22:25:37.419Z"}}, {"model": "sessions.session", "pk": "8imc3gmkveakvejdujjk8ysb5nlmsqfd", "fields": {"session_data": "e30:1qeZig:cVmH4VNlfpICG60gF8F9prX9bkPwyiOIyll0ohQhao4", "expire_date": "2023-09-22T11:32:14.345Z"}}, {"model": "sessions.session", "pk": "8lx5olx4hxg3dcsonb6xvge2wsxryp2x", "fields": {"session_data": "e30:1qdUfx:N71Zc6yO_-eh1Kt0AJeXG4VcjJT0mSQktOP0COatW5U", "expire_date": "2023-09-19T11:56:57.374Z"}}, {"model": "sessions.session", "pk": "8mk6mo3ukr2pd2aiy7e1h80wwsajlmis", "fields": {"session_data": "e30:1qeQYR:gWo1W3HY6Mv1lxOVeSzVhpIxfUtdEXCNomirXheUqiE", "expire_date": "2023-09-22T01:45:03.917Z"}}, {"model": "sessions.session", "pk": "8ncthk1hc8wtja37v5ajqhy2qjc8lrlk", "fields": {"session_data": "e30:1qeJiv:7IhpRfDuMcKskhlJCFjhLiLOExfM-4HNHQc6UsgF8Dc", "expire_date": "2023-09-21T18:27:25.389Z"}}, {"model": "sessions.session", "pk": "8q6oy8wkswo265sg0fhyietny309589d", "fields": {"session_data": "e30:1qdbti:_mrpi3ceYLWHUAu-Y8Q_SrHYufa2rx92BzOyBv8sT2o", "expire_date": "2023-09-19T19:39:38.178Z"}}, {"model": "sessions.session", "pk": "8tpraeuprj4t40ygivvhdmi8gs6ij0l8", "fields": {"session_data": "e30:1qd425:ajnque8ZCo--uthLfRS82IjXK5inE5mXjfT2KDpHOiw", "expire_date": "2023-09-18T07:30:01.090Z"}}, {"model": "sessions.session", "pk": "8uv1ir4z4fw5dy8r1tapej0sfglca0yi", "fields": {"session_data": "e30:1qeIy7:qPJuYwib4vEtFcGaMKtfU6IUdG0dhHQ7I-xzXtTOEIw", "expire_date": "2023-09-21T17:39:03.871Z"}}, {"model": "sessions.session", "pk": "8w8qzqjdl2ogmt5nk1q3poflph030w5a", "fields": {"session_data": "e30:1qeYwH:vc3DeZhVPymhj06qnNCjfd_HYZ0M708W_U44RHm9PTo", "expire_date": "2023-09-22T10:42:13.815Z"}}, {"model": "sessions.session", "pk": "8yyon26q73o4ukadrdzalozir9mx2ljq", "fields": {"session_data": "e30:1qc6Db:xAQ8zvRzL-C3stta3FVTG8ZV7hoS2y8J9UwGjErSwZU", "expire_date": "2023-09-15T15:37:55.118Z"}}, {"model": "sessions.session", "pk": "90657hm4m79gfa9h5usgigugp9qmis25", "fields": {"session_data": "e30:1qbccd:LoVOQg44nOSZIotESVkXynZp7Gh7yTdn1Tee9GW-2Wc", "expire_date": "2023-09-14T08:01:47.631Z"}}, {"model": "sessions.session", "pk": "96mz934zgavrwv0u2kqircesg1wwisoi", "fields": {"session_data": "e30:1qdvGj:Wl_GvxjOwD-kDzaFBMuGVzvc9HjV5gxgwlkJyTOSAp0", "expire_date": "2023-09-20T16:20:41.237Z"}}, {"model": "sessions.session", "pk": "97zmb0ve8x6x4e31m21axmdgbn332rz8", "fields": {"session_data": "e30:1qeKup:3RIWuXNOR0-X0hAPYUYKK9BLoabO8mhI2NUtoDHcFvQ", "expire_date": "2023-09-21T19:43:47.438Z"}}, {"model": "sessions.session", "pk": "9ds0f6naeo0btw9w9z8hlxz7wf0f0cq0", "fields": {"session_data": "e30:1qblew:uczmYIPmOOaKNw2S0fbxi_bMEyRzR2jKW4IiAQK1sVE", "expire_date": "2023-09-14T17:40:46.277Z"}}, {"model": "sessions.session", "pk": "9dwmerilrpaxw67uclfcwvh4i421enp4", "fields": {"session_data": "e30:1qdKjU:kHlUATNgsY47guDnGSCndLLhRdMKguSMbAbxzwujyiY", "expire_date": "2023-09-19T01:19:56.655Z"}}, {"model": "sessions.session", "pk": "9f1maz83drbz76zem4vx5e1d91khy0mu", "fields": {"session_data": ".eJxVjEEOgjAQRe_SNWloYSh16d4zNDOdwaKmTSisjHdXEhay_e-9_1YBtzWFrcoSZlYXZVTzvxHGp-Qd8APzvehY8rrMpHdFH7TqW2F5XQ_3dJCwpl9NzrTgsZfe-kE4RsuGkRAYOwTngf0wjSQOTNsZkkmIHMHIiNF6YfX5AgKoOUw:1qauQb:SZdu2r48gnkCTwVIjpX20YdLAItsjp8Dw4ve7KzEsU8", "expire_date": "2023-09-12T08:50:25.502Z"}}, {"model": "sessions.session", "pk": "9l8ackgb7ifm4h0zm42t116tbbjqwsgq", "fields": {"session_data": "e30:1qeeAD:DhPQKPIc7EfE40mE-RUSIkEh0TwZ6FiwJEd-cIlae4w", "expire_date": "2023-09-22T16:16:57.135Z"}}, {"model": "sessions.session", "pk": "9mzis6mdeq5ahj58wqmhr2pbdsjptcbx", "fields": {"session_data": "e30:1qblfD:qkSuXzbDLc5a8fMAsAXYmFNTlRDa7bPIXH-rSlzQOUI", "expire_date": "2023-09-14T17:41:03.899Z"}}, {"model": "sessions.session", "pk": "9o9b4av0f6fipm7kokcsex6guc4mmjd3", "fields": {"session_data": "e30:1qenFE:ZmuzbEp7gjG81FEFRm59eBKqqEPs5pJ-u7xJB631OHA", "expire_date": "2023-09-23T01:58:44.971Z"}}, {"model": "sessions.session", "pk": "9p3ojm0yybrjdhmdywuibk34eqxzfqj5", "fields": {"session_data": "e30:1qbwAn:GwHd4MBWTiASe-zIuMpDmNuoeTwNVdQdLDI518-s9fc", "expire_date": "2023-09-15T04:54:21.260Z"}}, {"model": "sessions.session", "pk": "9qeqc486fbfppe175xf486mnvv8xfl5t", "fields": {"session_data": "e30:1qeHWb:RslILub80l4BWXvUq-8izs3f_-8nXiKthFHqJ0guHWY", "expire_date": "2023-09-21T16:06:33.808Z"}}, {"model": "sessions.session", "pk": "9sd76oxk76ic0hmtimvz2y03s17hyemj", "fields": {"session_data": "e30:1qc642:4BNfReomlroD7JRkP58Admgad8gaw_4uf-t4jbTaoPA", "expire_date": "2023-09-15T15:28:02.738Z"}}, {"model": "sessions.session", "pk": "9vgnvflu60fjmlg32zqu21ohgssvyabd", "fields": {"session_data": "e30:1qbUJq:BB4JphEyBnYb6OwhyAv7IIuQuxLh6JXAmE1aczUfLDs", "expire_date": "2023-09-13T23:09:50.042Z"}}, {"model": "sessions.session", "pk": "9w9ykwf345a8g2vnh0l2zk0eud2tyklm", "fields": {"session_data": "e30:1qeDCN:AGbPTM7Gpjyi_PmV3EcKrA-xi-aPomgdHp0r0C1akek", "expire_date": "2023-09-21T11:29:23.311Z"}}, {"model": "sessions.session", "pk": "a17n4svlqgd5474scutj8mnz4xyab9kq", "fields": {"session_data": "e30:1qe91b:QzoxVe_bYZHqQanc32oPf1oLBy_aNblVylhqZLU5xdM", "expire_date": "2023-09-21T07:01:59.293Z"}}, {"model": "sessions.session", "pk": "a4a2plcjez44geflskxweeddue9xbj2d", "fields": {"session_data": "e30:1qeF7B:cJE0CtkcjcGjUCbBsuG7eglx5Yd8tdueXY3FWbf73f4", "expire_date": "2023-09-21T13:32:09.892Z"}}, {"model": "sessions.session", "pk": "a848wr7mgvjz97643k70d6lts01oocph", "fields": {"session_data": "e30:1qcFaP:oFVZkvMF4mZKZpBAZbb8fF8UEAZ1HMXMj6v_Of6EO30", "expire_date": "2023-09-16T01:38:05.525Z"}}, {"model": "sessions.session", "pk": "aa1r4tvcfklxxufkm4azlaujopk4rlyd", "fields": {"session_data": "e30:1qdq8z:dSQ5CQ3x-OBaWX112WYv6LPo-FMEsvBSsZKRrlv66uI", "expire_date": "2023-09-20T10:52:21.058Z"}}, {"model": "sessions.session", "pk": "ackm475un6h9v2hdnichdqfyj1zzjdnu", "fields": {"session_data": "e30:1qe7cH:PnEfA909UwgJkGsyxtMvWl2WbK9zpvElhQAZoEMOqvw", "expire_date": "2023-09-21T05:31:45.822Z"}}, {"model": "sessions.session", "pk": "adtaj0ej5vab6u1gxwa9t7v6bdcktia4", "fields": {"session_data": "e30:1qeD0R:cZhHJPvFFhKKRuU9nJKdQY-pHH_S--Mao0u7JGMBnb0", "expire_date": "2023-09-21T11:17:03.781Z"}}, {"model": "sessions.session", "pk": "ae7ou3jtw7j0p64cwbsou42cbive9klu", "fields": {"session_data": "e30:1qeld0:djiz1mfLz1JKnfhV4o7T3GKDcshuQBuwYLK6FNCZVQE", "expire_date": "2023-09-23T00:15:10.114Z"}}, {"model": "sessions.session", "pk": "ah97v4me0qy2nqctt6xl6itevlzi7gs9", "fields": {"session_data": "e30:1qbgKs:Isxabvfczh7tle0PIQ195fmysTIHaYFhXf9zGNADE0g", "expire_date": "2023-09-14T11:59:42.527Z"}}, {"model": "sessions.session", "pk": "ahtxtmtv72kfkmssavq9nmqxxfzvn0e9", "fields": {"session_data": "e30:1qeGAN:Teikaqo8dsAesXfXzBEIrR0CaczdOOMZW8Z19kBqdpU", "expire_date": "2023-09-21T14:39:31.252Z"}}, {"model": "sessions.session", "pk": "aik59uh2at3iafs8a9lyajldfzdy2zkk", "fields": {"session_data": "e30:1qbBG2:hm2xvfrtHTW-CTjp8nTfxqZ88GY0FsUvVbw4Ev5M2yk", "expire_date": "2023-09-13T02:48:38.412Z"}}, {"model": "sessions.session", "pk": "aiwg6bdukeezvgf3n0nypwh0kgcsugzn", "fields": {"session_data": ".eJxVjEEOgjAQRe_SNWloYSh16d4zNDOdwaKmTSisjHdXEhay_e-9_1YBtzWFrcoSZlYXZVTzvxHGp-Qd8APzvehY8rrMpHdFH7TqW2F5XQ_3dJCwpl9NzrTgsZfe-kE4RsuGkRAYOwTngf0wjSQOTNsZkkmIHMHIiNF6YfX5AgKoOUw:1qb5BS:jp4eyUs7wu6GlM1VPspAqTK-A81RJayxsMLH_o6LbW4", "expire_date": "2023-09-12T20:19:30.598Z"}}, {"model": "sessions.session", "pk": "aky3tb6j9yji6ojsjwrs40dvyd4ijwlm", "fields": {"session_data": "e30:1qdNPo:TnFubDoTUgBhaiElxqEngV1JHW37mp4JNPHiygBgBS4", "expire_date": "2023-09-19T04:11:48.272Z"}}, {"model": "sessions.session", "pk": "alnb23la8qnq1j57rsrawol4ki19kk4q", "fields": {"session_data": "e30:1qdu5q:VKjZsqKnDqyzotggbrBRhhN2nTPwBIIEkUkAhrnu3q4", "expire_date": "2023-09-20T15:05:22.142Z"}}, {"model": "sessions.session", "pk": "alojaecpkw3lz456vy9gndkww3zbsatl", "fields": {"session_data": "e30:1qeVwY:UkxyvZwsW7Wv8kexdheNaAZnySUitQOhMKBZRn9zWfg", "expire_date": "2023-09-22T07:30:18.147Z"}}, {"model": "sessions.session", "pk": "amjdfdzrk3kv052ci8iinfvd81rt1vaj", "fields": {"session_data": "e30:1qeVvz:2iyRFTcZ62QxNOwBk9R_ga--xiOhidiXC0k8UJ0Tb9E", "expire_date": "2023-09-22T07:29:43.605Z"}}, {"model": "sessions.session", "pk": "arte8mnltgl1htfu3y54a5chrhtkkfz3", "fields": {"session_data": "e30:1qcsfY:W16dCOmIw9WOPheBrJ2hkRtG5yzspcS4cvr9WxaaIiE", "expire_date": "2023-09-17T19:22:00.288Z"}}, {"model": "sessions.session", "pk": "atcydis9yl8xwywmumfj9ok9ekwsazt5", "fields": {"session_data": "e30:1qd054:D2imgNKnObcVSkYirrI2B88zBohRQIZhsLpPLmOzcGI", "expire_date": "2023-09-18T03:16:50.690Z"}}, {"model": "sessions.session", "pk": "av7u8ypeucb76x98xc7vfcc47il7uymz", "fields": {"session_data": "e30:1qe2fv:T7Nlwp_MIvud4elRe6ItekOxVMYotgjpUNRDOmoGB4Y", "expire_date": "2023-09-21T00:15:11.207Z"}}, {"model": "sessions.session", "pk": "azmlopj6a14arlqin2c29ql13btrsa6s", "fields": {"session_data": ".eJxVjDsOwjAQBe_iGlkJu_GHkp4zWGt7jQPIluKkQtydREqRtG9m3lc4WubslsaTG6O4CRSX4-YpvLlsIL6oPKsMtczT6OWmyJ02-aiRP_fdPR1kanmtyfbBMin2BINFbaFPdAVOJiiKA4Lxmiko1hY77Axoj0mvbkyQ2LD4_QH5Jjh9:1qeJOn:ZFNoXIFIMobVPkzWj_C6ZsbLGEZ-Avao-oC5BG36i-E", "expire_date": "2023-09-21T18:06:37.355Z"}}, {"model": "sessions.session", "pk": "azvbtpoykr873rshhl73lzb7wpxe681s", "fields": {"session_data": "e30:1qeXBe:HtT11w8AmTSQ7iC--HE6-CxGxbpn92UfuTLDegxCtm4", "expire_date": "2023-09-22T08:49:58.005Z"}}, {"model": "sessions.session", "pk": "b0l4wxkw2jwyu9dzb18wsevsb6n0ofn2", "fields": {"session_data": "e30:1qeLDC:WKQ-Y7bk3nQi00JX_9bZnVo6GYkrGvlR25ljTCnK460", "expire_date": "2023-09-21T20:02:46.044Z"}}, {"model": "sessions.session", "pk": "b0s42e67vusdpfc07801zq5rbp98fgtv", "fields": {"session_data": "e30:1qczgE:4QzVMz5W7D4WhaN2amOKkLSiB1KymVQ6rIaEDCVDDLc", "expire_date": "2023-09-18T02:51:10.718Z"}}, {"model": "sessions.session", "pk": "b1k3i2l0x29o3zxoizflf7zrjxfitmum", "fields": {"session_data": "e30:1qchzV:JSujnR8uly2N2FTe9yI9W0vWVKPgs2Whjb2B19CJIhU", "expire_date": "2023-09-17T07:57:53.491Z"}}, {"model": "sessions.session", "pk": "b2k72e3s73dssluwztm735v7xzxi3osi", "fields": {"session_data": "e30:1qbcQh:6jevL9VwAx5IX_G92UR9MwqtvtJuqtpSi9q_tu88sOo", "expire_date": "2023-09-14T07:49:27.695Z"}}, {"model": "sessions.session", "pk": "b5hjc685t66lfaoz80cpdmiplebgmu2n", "fields": {"session_data": "e30:1qeJPN:DK0fBBMl5VP8Qrw5Se_OvaUIdMn1GsvtG_5dWP6Bkmk", "expire_date": "2023-09-21T18:07:13.414Z"}}, {"model": "sessions.session", "pk": "b87slu8lv0bfkbc37x9tcmbuqg0wt6wf", "fields": {"session_data": "e30:1qeH6H:5yHqwbsqaMAbKy-r-wttkCz3zWksHvaTgqpWKXbP6Is", "expire_date": "2023-09-21T15:39:21.305Z"}}, {"model": "sessions.session", "pk": "bb7x6inbtykon2ol1yke8wfjx2cwh8w9", "fields": {"session_data": "e30:1qcnVx:_HNLh0Em4uE9Mki6LP9IZWL3VITm80S48hJcexW2yjU", "expire_date": "2023-09-17T13:51:45.643Z"}}, {"model": "sessions.session", "pk": "bcl9xkwcdl3vtpuqixyh3jlbsafiuvkt", "fields": {"session_data": "e30:1qeIfx:KW4Xc7lKLCyPpurvrsF0WyWch6gT6VysS9ZanvRWX1k", "expire_date": "2023-09-21T17:20:17.720Z"}}, {"model": "sessions.session", "pk": "bfhnbynm0hde780ygzidt40kmbr1kl2r", "fields": {"session_data": "e30:1qd5E6:yUBTkgtFrBYAt2F09tcpdsYmORtRtzZasf4BHK5C3dA", "expire_date": "2023-09-18T08:46:30.189Z"}}, {"model": "sessions.session", "pk": "bfk0jvqakforl7n9a7f7e0c5du98p22e", "fields": {"session_data": "e30:1qddPv:vHH2YPsTUHgQkeOGZYXR24NpHPoVxIP1oylhoir4gsY", "expire_date": "2023-09-19T21:16:59.588Z"}}, {"model": "sessions.session", "pk": "bh63jqn6mu0tv27kwxp2tpq5ee4gdfk9", "fields": {"session_data": "e30:1qd0rY:UJ6b2jLPsFlEsN2KLUNiR_Je9ZLw3rB3sSItMG5c0n0", "expire_date": "2023-09-18T04:06:56.597Z"}}, {"model": "sessions.session", "pk": "blsz6pcvqid0md5oqhwmjjt5d5imyb36", "fields": {"session_data": "e30:1qdj1d:G0Nm1D9sjDkTJ2EpQDCalujiydH57alGW3WkLxq_e3k", "expire_date": "2023-09-20T03:16:17.024Z"}}, {"model": "sessions.session", "pk": "bpcnygyxjfqyhe8q2vsioog52qijxslu", "fields": {"session_data": "e30:1qdjQN:uJGz_Qw79YnmFsKSp8FwEYOdISN0tWTw9SMBMTF6aCs", "expire_date": "2023-09-20T03:41:51.583Z"}}, {"model": "sessions.session", "pk": "bpn5npxpyreu0oq140vzhd0zsyqnqjlu", "fields": {"session_data": "e30:1qe6g6:WlrMIweyoy-qNhepIsBxbrYpiI9GdROuZNzAN31dZeA", "expire_date": "2023-09-21T04:31:38.798Z"}}, {"model": "sessions.session", "pk": "bs5a0w8wwpms8mw0x03byqh3kg2t9lyi", "fields": {"session_data": "e30:1qeJmW:g902iQC9RU19nbnNL1B_d2QTYhNl2GqBbLlXAIaA_94", "expire_date": "2023-09-21T18:31:08.517Z"}}, {"model": "sessions.session", "pk": "bsq9qvd4ai4ild87bmr3glfatzd0rz39", "fields": {"session_data": "e30:1qc641:Vyf1Bv04dZQEBT6-N5aOjfrRHXlHzbsxH5ZHffQWnlc", "expire_date": "2023-09-15T15:28:01.817Z"}}, {"model": "sessions.session", "pk": "c07y01yek22kl8lr5j657i00xh32nmtl", "fields": {"session_data": "e30:1qcqf0:nnzM2IRpQ6-hwN4KsDJ2fTgOlKli4oo-ccrKomqnARg", "expire_date": "2023-09-17T17:13:18.838Z"}}, {"model": "sessions.session", "pk": "c3gxlhsaf3d55mu5ues9hpo53t7e3cw8", "fields": {"session_data": "e30:1qeAMy:m6QaYBIH1shIXFXkMewbfikNbt2RvrGpOjhzpyOcRb8", "expire_date": "2023-09-21T08:28:08.756Z"}}, {"model": "sessions.session", "pk": "c7oyeme0txmwiqvd8bvb5mrq7tcmc1z6", "fields": {"session_data": "e30:1qcmsK:a4Dmh781XB8DLT7BCYwGZrwmDjM4YxEHiVXFb4YvkP0", "expire_date": "2023-09-17T13:10:48.924Z"}}, {"model": "sessions.session", "pk": "c7sk5jtnldjur4et8xyfip961ui5oqgn", "fields": {"session_data": "e30:1qbccc:C0W6hNcfA6iP20ZsOmXXyzAx_tB6CX_PHPLWDeHZMxA", "expire_date": "2023-09-14T08:01:46.404Z"}}, {"model": "sessions.session", "pk": "ca9v3vqf53mwqgfyrlk15dyovduncd50", "fields": {"session_data": "e30:1qdvQs:FzA1_jyPv_thNNMWAO1mv47oPNpJRXSGKcwP2BDGYMw", "expire_date": "2023-09-20T16:31:10.330Z"}}, {"model": "sessions.session", "pk": "cbrk2jyhg4d9jbk5mb1l55cbfnlsk239", "fields": {"session_data": "e30:1qeW8W:346B4wdSJFd0uJYyZCTUjHkA9J3U-crTxi1h9ULmgoI", "expire_date": "2023-09-22T07:42:40.218Z"}}, {"model": "sessions.session", "pk": "cddfbbvjftru6sw6tt68cyzjhyuqqvld", "fields": {"session_data": "e30:1qdnJA:cUUYPfvkSeutiRUrn2Gf5l3qTM_ph3XeCR2CuB286fQ", "expire_date": "2023-09-20T07:50:40.106Z"}}, {"model": "sessions.session", "pk": "cg24tyt6d0z8m4flfvlx45o1yuavsrqb", "fields": {"session_data": "e30:1qdjeq:RIsP5G4vZwmhQetB5wm5Qv4B--ArGIqdyAkkizDkgyg", "expire_date": "2023-09-20T03:56:48.919Z"}}, {"model": "sessions.session", "pk": "cgnuza70g6hvny80r0g5b13vif362igu", "fields": {"session_data": "e30:1qd5XA:QH4kVLKMn2o4ZcIRYb116UTZqubIhE9UghSEDWWIkrc", "expire_date": "2023-09-18T09:06:12.468Z"}}, {"model": "sessions.session", "pk": "cjeshtww6qu68fik3pj9y3dbukl41e2k", "fields": {"session_data": "e30:1qdfcp:1i11Sl8ZHCoNixUskDqWqMmjq2FPvsMgpwhnEc4hIKg", "expire_date": "2023-09-19T23:38:27.987Z"}}, {"model": "sessions.session", "pk": "cr5cnpaq8x7di8ifvrbwqs6zv6jyt0j9", "fields": {"session_data": "e30:1qeFjN:NcLKyy5AkZrsrSt8OQCR6OInl8UFxZ8y_hhUAWPpg_Y", "expire_date": "2023-09-21T14:11:37.775Z"}}, {"model": "sessions.session", "pk": "crwejri99eou2b1tpzgli4pbg21i2bkm", "fields": {"session_data": "e30:1qdlKM:gUhkfRSxG78o-LLR2Nwwf1QCwww645McR18FwyQ4L0A", "expire_date": "2023-09-20T05:43:46.637Z"}}, {"model": "sessions.session", "pk": "ctj7b6421a94h7rjbi4zikmpdkw1j4g2", "fields": {"session_data": ".eJxVjkEOwiAURO_C2hBKaguujHvPQH75H4pWMEDdGO8uTbrQ7byZl3kzA2udzVoom4DsxEZ2-M0msHeKG8AbRJ-4TbHmMPGtwnda-DUhLZe9-yeYocxt7ci5TkLfIQykQQmrtLOgUdhJEthRIdheWielwlHLoXeTkKoTStMR0TVpJh9KzVBDioYeEJbmheigPCmH6OG1nv0Wt48P9vkCkg1LLw:1qcocF:R98OSx1n5WZsUrLeDBukHrdmim65TMqP4kUAGFsOOd8", "expire_date": "2023-09-17T15:02:19.988Z"}}, {"model": "sessions.session", "pk": "d28d0zi2qf5hvlugxt6xpho0f2arqvm9", "fields": {"session_data": "e30:1qdqyL:yDMcmLBipCAvCbIQKC3c3jE6dNp3j00z32C4XaX7ovE", "expire_date": "2023-09-20T11:45:25.085Z"}}, {"model": "sessions.session", "pk": "d3qn1oj679xyvynzl442ghgfe9oxc9u6", "fields": {"session_data": ".eJxVjEEOgjAQRe_SNWloYSh16d4zNDOdwaKmTSisjHdXEhay_e-9_1YBtzWFrcoSZlYXZVTzvxHGp-Qd8APzvehY8rrMpHdFH7TqW2F5XQ_3dJCwpl9NzrTgsZfe-kE4RsuGkRAYOwTngf0wjSQOTNsZkkmIHMHIiNF6YfX5AgKoOUw:1qb0UQ:SWDHEyxCqTWmQcMwW_BSo8eT7FsN1co7yaDS_lNoCL8", "expire_date": "2023-09-12T15:18:46.810Z"}}, {"model": "sessions.session", "pk": "d49l6nkv7gdolbld100a315wqfjbonax", "fields": {"session_data": "e30:1qefE0:bqkcQpq2T-d8q_ObVsBJCjYWHpYSWtVeEd7UxFrJ6gs", "expire_date": "2023-09-22T17:24:56.289Z"}}, {"model": "sessions.session", "pk": "d839lifwz94b6kmdv6clfv94bkf3ha68", "fields": {"session_data": "e30:1qeVvx:3FwEzPvrE78W_ko-NxgJUvEidjDzr0ykO2C-Yk6WX6E", "expire_date": "2023-09-22T07:29:41.096Z"}}, {"model": "sessions.session", "pk": "dafn9h0joqnqj0qf5vpm6r42lfgswuts", "fields": {"session_data": "e30:1qcS7c:Sz7He6fjyHq5Yl7UUEQ_Ff86vq786bvPKk3fy-id1UA", "expire_date": "2023-09-16T15:01:12.370Z"}}, {"model": "sessions.session", "pk": "db5xohz8lz8kdjimiaeblf0sbe7tvwfc", "fields": {"session_data": "e30:1qcqCK:_ZT7_pZYIeR7GKlmkcEfNazIXYEJbYLF9SmTIoSGZpk", "expire_date": "2023-09-17T16:43:40.601Z"}}, {"model": "sessions.session", "pk": "dcej453w5k9qv8zn1nb4vozx5x5p5y0v", "fields": {"session_data": "e30:1qeLDD:RBg5mvCScSjoAoazk82c79_CXm-EH0bh0N5tfvZDPbw", "expire_date": "2023-09-21T20:02:47.327Z"}}, {"model": "sessions.session", "pk": "ddc8fbjmgy9gs39ynweds4byhm6r7t6z", "fields": {"session_data": "e30:1qenA0:F16iIynJqcDdzJnV4mi12tefqt6P30SBRCRoKWwVhTE", "expire_date": "2023-09-23T01:53:20.282Z"}}, {"model": "sessions.session", "pk": "deaqi2ipvjom5r08u9c8dlfd5vgl5qoh", "fields": {"session_data": "e30:1qe1zO:CZ8NtmnWmarGKudF5ar2_ZXPqsr3yj0xgSD06zUMj_0", "expire_date": "2023-09-20T23:31:14.459Z"}}, {"model": "sessions.session", "pk": "dgpdidgb98k0ab2uh2ubyarjd56ufb69", "fields": {"session_data": "e30:1qdCjP:tKOLkqt1esWw9u0bM21US6QBhnN-KXRxKrWfZ-0jhGw", "expire_date": "2023-09-18T16:47:19.843Z"}}, {"model": "sessions.session", "pk": "dgsz5w5yu8bvgetfrbi0tdk8znzokiqm", "fields": {"session_data": "e30:1qdJ7X:Ihm7yLJ0GznXrbOt80XNExHPsfeQQS_CaDnf3am_O5w", "expire_date": "2023-09-18T23:36:39.008Z"}}, {"model": "sessions.session", "pk": "dhv9uecl4lfit7uo3d80zprpv8v4v5z7", "fields": {"session_data": "e30:1qcdsW:31EN_-Ezm1lhG7XlQFOv9ezCS41y6Fn2aBWxpf7Dle8", "expire_date": "2023-09-17T03:34:24.953Z"}}, {"model": "sessions.session", "pk": "dm1zj8o623j2m3o7ekrxynm4pm7y8ein", "fields": {"session_data": "e30:1qc0NV:JV0ankYmzyyxpMmZOQTrVrTR2IUNpWdoTcn6R6TyUHg", "expire_date": "2023-09-15T09:23:45.447Z"}}, {"model": "sessions.session", "pk": "dtrmugbby5s1902kyzhfizix81i7ot4q", "fields": {"session_data": "e30:1qdNs8:tR6GVgW7KMyBeQOyuwXACFVGKzgL0r4Ok0iHrW9ria4", "expire_date": "2023-09-19T04:41:04.044Z"}}, {"model": "sessions.session", "pk": "dxjluony56b8fsqtmwh2279gnmd1zs6c", "fields": {"session_data": "e30:1qeiny:qYGhIqLp0Rk_GsO932d9j5N8fgYCQYfB878gu4klKV8", "expire_date": "2023-09-22T21:14:18.021Z"}}, {"model": "sessions.session", "pk": "dzz06t99bau1kq6ushqegzibliv8mlhq", "fields": {"session_data": "e30:1qe604:X7S-6O8creKJBQvryDAcYGx25h__KXIIpdgF60S_rxQ", "expire_date": "2023-09-21T03:48:12.635Z"}}, {"model": "sessions.session", "pk": "e2td0b3o96u7re3rt3wrnfjk5i9a7do5", "fields": {"session_data": "e30:1qe8Ne:6B4_fDouBpD4AhD4I_-FNZPJVAsBDpcdCynQwCd-FA4", "expire_date": "2023-09-21T06:20:42.186Z"}}, {"model": "sessions.session", "pk": "e7zbdjs15k2d8nypxilv7acn1pv1lm0k", "fields": {"session_data": "e30:1qdhiV:rGtC4nIWkUgy1Pui10sadoykOqpr_hP7Y0oIUrMz7Dw", "expire_date": "2023-09-20T01:52:27.985Z"}}, {"model": "sessions.session", "pk": "eb45m8a7d5z5yogf6v3sak389du792u6", "fields": {"session_data": "e30:1qeWhd:-RUKnnWPjq1mfcV1Noq_k7CEhYMazLO6qmitQTKSF3M", "expire_date": "2023-09-22T08:18:57.934Z"}}, {"model": "sessions.session", "pk": "ebugn3wsvp5tjws5zfu7krn1j7jb3dzh", "fields": {"session_data": ".eJxVjEEOgjAQRe_SNWloYSh16d4zNDOdwaKmTSisjHdXEhay_e-9_1YBtzWFrcoSZlYXZVTzvxHGp-Qd8APzvehY8rrMpHdFH7TqW2F5XQ_3dJCwpl9NzrTgsZfe-kE4RsuGkRAYOwTngf0wjSQOTNsZkkmIHMHIiNF6YfX5AgKoOUw:1qbGwY:uYOZNj3JRDgrJpl3IjmmXZqPRLhaV4zuWvqGSwOdOQs", "expire_date": "2023-09-13T08:52:54.537Z"}}, {"model": "sessions.session", "pk": "ecf9om1y1tj0mweehyvlb0ha7vdevzul", "fields": {"session_data": "e30:1qcKKy:1X0jFzL3GgQxiw_4VuFVM6fGPrJkk8qGctWNxCbMfQw", "expire_date": "2023-09-16T06:42:28.255Z"}}, {"model": "sessions.session", "pk": "eg1pmibw4ymj99g7a26sc8i1msh4d3ne", "fields": {"session_data": "e30:1qcv6O:R-3OK_U7YKhjb-AP_Lvqa-tWM9oudpz1Rkbl23gIHXk", "expire_date": "2023-09-17T21:57:52.141Z"}}, {"model": "sessions.session", "pk": "ek189uy4y0f17xrn9bg9v72q1gjtglt7", "fields": {"session_data": "e30:1qciPF:8rxBkDnhNI4RbbuaxNEHEIt0yMNEofN3s95NQ9XPMEE", "expire_date": "2023-09-17T08:24:29.346Z"}}, {"model": "sessions.session", "pk": "ekdbpj8hwr2y3540y4c6fdceu3l7sa36", "fields": {"session_data": "e30:1qdjY8:mGc4BmgwsrFeKyyf4VfoHSO6L6inmPBLFsFDMC0Y788", "expire_date": "2023-09-20T03:49:52.569Z"}}, {"model": "sessions.session", "pk": "eopcllcgnua06xcm82anu2i4cdt6u2aw", "fields": {"session_data": "e30:1qdjYB:pAjVa2U8Ii2tJyfB0-Mz8ywTQmFifEa_YY6JYawhdp8", "expire_date": "2023-09-20T03:49:55.317Z"}}, {"model": "sessions.session", "pk": "er29kvwemovn0nejnidn3fj3778x5e11", "fields": {"session_data": "e30:1qdAJm:PyXu1Af-xzknlF_n2JQOx98ef2IgLxKDmUGJPjZgiNs", "expire_date": "2023-09-18T14:12:42.597Z"}}, {"model": "sessions.session", "pk": "evbr77tdv2i3jko39b7o0ykctjhyf0qy", "fields": {"session_data": "e30:1qcGX6:PeSC838u4k2Z1fscYS0OYylHjZVXlbiVxYpzBOE10SY", "expire_date": "2023-09-16T02:38:44.842Z"}}, {"model": "sessions.session", "pk": "evwkqxiarnemm9a34pdcjl6uszr9uu5f", "fields": {"session_data": "e30:1qegjs:c44T5mVn4BMH63k2irZe8Qm40YLbc556N4ywP-nvUpI", "expire_date": "2023-09-22T19:01:56.829Z"}}, {"model": "sessions.session", "pk": "f0gy0rfczdbyyrwpu7f5mu0e1l6nph5a", "fields": {"session_data": "e30:1qdDeX:t3Qld8Hekih6k90Ama6AXzrKQQm99lw3l0GMxIUEfyQ", "expire_date": "2023-09-18T17:46:21.012Z"}}, {"model": "sessions.session", "pk": "f396l8z974or3zrvyzwchavu1ih0k80g", "fields": {"session_data": "e30:1qdEDW:PTxYs1n_iDZBKe6t287kdhXGx_m6eGZf3vx7B-PJSJE", "expire_date": "2023-09-18T18:22:30.757Z"}}, {"model": "sessions.session", "pk": "f4aljghjj3e019d78e6u7axqfluo0w6b", "fields": {"session_data": "e30:1qeVvr:CzqYrr2Su2VSKO4F3KDlSH40q0Hn421Mv5KrjgCloC0", "expire_date": "2023-09-22T07:29:35.166Z"}}, {"model": "sessions.session", "pk": "fdbvwp2b5i89e0q5jlp20qusjqz7nowl", "fields": {"session_data": "e30:1qbV93:3qNmV1fmvVo5f86ZZYpnoNy59rlqB60meZBwwxppQ8w", "expire_date": "2023-09-14T00:02:45.054Z"}}, {"model": "sessions.session", "pk": "ff6wk5h0kmqvum4l7p6ay7510f13kpw9", "fields": {"session_data": "e30:1qdegH:xSegUnn0QluT1jd6xJkTzB3WAuInyNxcHT5VSnPgUdc", "expire_date": "2023-09-19T22:37:57.655Z"}}, {"model": "sessions.session", "pk": "fgakjezyk8dx5u66zkl6uuxi5ycur62t", "fields": {"session_data": "e30:1qbB2R:fIYDjwi8FMxzi62B5C5KCWxBb4WDjF7pLAw2RsQD1Fc", "expire_date": "2023-09-13T02:34:35.957Z"}}, {"model": "sessions.session", "pk": "fggk1l33eriqxn9yre6clr1hsqnzwjzr", "fields": {"session_data": ".eJxVjMsOwiAQRf-FtSEDtDxcuvcbyAwDUjU0Ke3K-O_apAvd3nPOfYmI21rj1vMSJxZnMYjT70aYHrntgO_YbrNMc1uXieSuyIN2eZ05Py-H-3dQsddvDUaTGp0ejUo6AXhkmz1ggRwCOxh8MVwoQHFoiYz2KhQywSJwYZ_F-wPPLzf_:1qbHnC:GDBg3YpZiv9JtymjAE7fZXSK7Tzpw3GGvZKdefTAXFo", "expire_date": "2023-09-13T09:47:18.433Z"}}, {"model": "sessions.session", "pk": "fukgqzfsx1rsq7klsn1zeletcb3fclda", "fields": {"session_data": "e30:1qdrhq:ZW0ry8c7yXvJFAlvX7XEqWJ_PC-SbQMozjJKnsZDhcU", "expire_date": "2023-09-20T12:32:26.320Z"}}, {"model": "sessions.session", "pk": "fx23nuxq2nqeqtsjp0wmwgmi69w4g8n5", "fields": {"session_data": "e30:1qeZM7:epMG4y3VI01LT5mOE-6eBuwiuLZk2m8nY7NGbRk473c", "expire_date": "2023-09-22T11:08:55.662Z"}}, {"model": "sessions.session", "pk": "fy7anqe2tjc7iqcguwh1vjguckrnqj3r", "fields": {"session_data": "e30:1qctxf:anhirmmLtxKJ3eTVxCw7auZ-dN6G1krDOj_kf1_YW-A", "expire_date": "2023-09-17T20:44:47.483Z"}}, {"model": "sessions.session", "pk": "fywl5dfkrcpwa6gwgd20g9cjz1llrgmt", "fields": {"session_data": "e30:1qdCea:QEpK30b9pXCN_9vDUUCb2Y-FiwlL5AGTVjmG5wWjRC8", "expire_date": "2023-09-18T16:42:20.121Z"}}, {"model": "sessions.session", "pk": "fzkx4rcs87hf5cl0xl42z95ff0yayh9j", "fields": {"session_data": "e30:1qcNzt:Q2DfTMmDw-grSwDwzw_QLH1ipxu4a6yZHjVDkKCBUBo", "expire_date": "2023-09-16T10:36:57.140Z"}}, {"model": "sessions.session", "pk": "g1c6lo5mpmu0cbhggmub5b4vrhv272t6", "fields": {"session_data": ".eJxVjkEOwiAURO_C2hCkVKgr494zNJ_Pp0VbMEATE-PdbZMudDtv5mXerIeljv1SKPfBsTM7NuzwG1rAB8WNuDvEIXFMseZg-VbhOy38lhxN1737JxihjOtad-hRCm21a0l6AdYK1I1C3bZI3jnhDChtpFLSk3HKoOxOIECj9VKoVZppCKVmqCHFnmYI0-p9QUyzNJ1Rl0KQnxTXhzP7fAHa0kj-:1qerEc:gXyPKSlmpG1Bo4p7VBY1xMMAy9xXi7vaR7GdR2BRKJI", "expire_date": "2023-09-23T06:14:22.171Z"}}, {"model": "sessions.session", "pk": "g1rkl3y8fwyqibed0uddlxp1ahdc294j", "fields": {"session_data": "e30:1qektO:cPsuskW15oF4ZFZF1nJMXIjYWhkz6_9lseGPC09nvXs", "expire_date": "2023-09-22T23:28:02.509Z"}}, {"model": "sessions.session", "pk": "g3i8qhrdz00agopxq4fve1qp0fbno3is", "fields": {"session_data": "e30:1qdL2g:vZL5Zkh4zK3_Vn2Z696snfRENDAYr_EjCUCYxLMXIik", "expire_date": "2023-09-19T01:39:46.653Z"}}, {"model": "sessions.session", "pk": "g4fo5osdihemvsuj2n3aw4zrbugekkvr", "fields": {"session_data": "e30:1qeHWa:Uz8zB7yAMoBtMARaQDoY45Epqq_dx4RJRDW87FOxRvc", "expire_date": "2023-09-21T16:06:32.372Z"}}, {"model": "sessions.session", "pk": "g4zgyegkoi98acgf5jpc4zm6mc4ar951", "fields": {"session_data": "e30:1qepFL:ckAyzvuS1xGqqWX7c_2foO6Y4I9LQkcIZ6vzbZUk6n4", "expire_date": "2023-09-23T04:06:59.330Z"}}, {"model": "sessions.session", "pk": "g59y4tu50bam8m6krr8lb38lasre9q2f", "fields": {"session_data": "e30:1qeEQa:VMagA9YhMwNRr2JQq6FVSYnY7BTsQ7ZAO4yWagNN7nY", "expire_date": "2023-09-21T12:48:08.179Z"}}, {"model": "sessions.session", "pk": "g8y18l9vlyvw4uhb45vxrl9k8icknine", "fields": {"session_data": "e30:1qeU7i:QtlXFh2jvl28SEobfZOuSRVbVuPye49ZP_K1zspmz-E", "expire_date": "2023-09-22T05:33:42.511Z"}}, {"model": "sessions.session", "pk": "gds1xj89vfa6kes86m0mee344s2ay851", "fields": {"session_data": ".eJxVjMsOwiAQRf-FtSEDtDxcuvcbyAwDUjU0Ke3K-O_apAvd3nPOfYmI21rj1vMSJxZnMYjT70aYHrntgO_YbrNMc1uXieSuyIN2eZ05Py-H-3dQsddvDUaTGp0ejUo6AXhkmz1ggRwCOxh8MVwoQHFoiYz2KhQywSJwYZ_F-wPPLzf_:1qbHoQ:nQcRjz6spXa1z-WRcPnaNbzwPLxip4E2bjdZvFVgqfY", "expire_date": "2023-09-13T09:48:34.630Z"}}, {"model": "sessions.session", "pk": "ghc3ddw5o12u2d72p4xz0denlyetkexw", "fields": {"session_data": "e30:1qel7P:eNzNNyehjeD1pT89foGV6Ni7TCciaI_MmzRNZ34fYfw", "expire_date": "2023-09-22T23:42:31.101Z"}}, {"model": "sessions.session", "pk": "gijykjbi7quw0ofqdzcjocenrxnpljuk", "fields": {"session_data": "e30:1qeVvu:g1asHsW3CikWMhRMIEOBX9q3Hqv2xpGArJAJxE_Qhh8", "expire_date": "2023-09-22T07:29:38.651Z"}}, {"model": "sessions.session", "pk": "gljsz9g8jt60hyyc8dxjp85paw98t69l", "fields": {"session_data": "e30:1qeBjv:tqsOByPk2SOF-iR-TEXQo7aF3wBkD9NzKq0ajSNb7dA", "expire_date": "2023-09-21T09:55:55.294Z"}}, {"model": "sessions.session", "pk": "gm0ny3xs8inhypjdmrhjbypdl44mxt21", "fields": {"session_data": "e30:1qeP1E:8fIC_mZ9dPppX_IoOmgR1pMD0_5kO_Ogg_mfhEuJTYI", "expire_date": "2023-09-22T00:06:40.175Z"}}, {"model": "sessions.session", "pk": "gnfzuonnyjkpy0mfzfqnl4emaq8zg877", "fields": {"session_data": "e30:1qclCG:NYVkHYK0ZWf8WX8sOugkUh40PdP2HJh0TZbYKi70KeQ", "expire_date": "2023-09-17T11:23:16.376Z"}}, {"model": "sessions.session", "pk": "gnzblnzn34dlvp2r1qlwl4brmgcn24dv", "fields": {"session_data": "e30:1qcrMq:8d6RHbMwZx0IepHetznb0QsAhNpuD19Blh7ejxMFz98", "expire_date": "2023-09-17T17:58:36.595Z"}}, {"model": "sessions.session", "pk": "gpk336zk082rutjxdrrjnnq70oal6esx", "fields": {"session_data": "e30:1qel8D:0x2RQBpCk98tSmxswwO3MRoxvmat7W-1H34bf9vBg1g", "expire_date": "2023-09-22T23:43:21.850Z"}}, {"model": "sessions.session", "pk": "gtk5cngykolf22o5cnvbojjs4fke0c26", "fields": {"session_data": "e30:1qeJmX:-4zYFlVMsZB-Hymb2P1A-yvQt576OO5h_xY63o0ynU0", "expire_date": "2023-09-21T18:31:09.753Z"}}, {"model": "sessions.session", "pk": "guxckvojdggg4ipvs5dn9nvdwpvsaf3u", "fields": {"session_data": "e30:1qblf7:Fu3yV2KW0syiHbSMPzsJNGp4zgE1ZMzZmko36VH6lps", "expire_date": "2023-09-14T17:40:57.371Z"}}, {"model": "sessions.session", "pk": "gwxqpg0drqdtson6x5gu808um0zigjf5", "fields": {"session_data": "e30:1qedzP:_-5m-Er7OrtOtARKNeFJ745Qz_YGksYD1H45Ki9nsjs", "expire_date": "2023-09-22T16:05:47.160Z"}}, {"model": "sessions.session", "pk": "gzuu2g0kk97kcsfpb23mprdzxocheusb", "fields": {"session_data": ".eJxVjEEOgjAQRe_SNWloYSh16d4zNDOdwaKmTSisjHdXEhay_e-9_1YBtzWFrcoSZlYXZVTzvxHGp-Qd8APzvehY8rrMpHdFH7TqW2F5XQ_3dJCwpl9NzrTgsZfe-kE4RsuGkRAYOwTngf0wjSQOTNsZkkmIHMHIiNF6YfX5AgKoOUw:1qauQa:8HRrzdikFgmLjQpbZwtc2cqwiZ2wu1MaXKtTbDRjOn0", "expire_date": "2023-09-12T08:50:24.867Z"}}, {"model": "sessions.session", "pk": "h6k0pmwo3uzd926olki1z3weygsehrof", "fields": {"session_data": "e30:1qdqzV:91-uXaGzjlDkGqxlfAbxYLnSmuU2m5CgZL6gZhglM7w", "expire_date": "2023-09-20T11:46:37.873Z"}}, {"model": "sessions.session", "pk": "h8wc6x2fftvqxldzkfdognh15h6suw8d", "fields": {"session_data": "e30:1qeap1:p935X8cUDXemuNLSeR2kP4IDcvZiNTbvkela1evDMv0", "expire_date": "2023-09-22T12:42:51.074Z"}}, {"model": "sessions.session", "pk": "haxoeie9ebgtccjtzpwz9hemhlyl1lxe", "fields": {"session_data": "e30:1qc4MP:x9gENQIdqqQvxaHwwGnCabgQSb4o7XEn20LQ3SmYIaM", "expire_date": "2023-09-15T13:38:53.641Z"}}, {"model": "sessions.session", "pk": "hcrunl8a103c7th6aqrrrgciz8bimxzm", "fields": {"session_data": "e30:1qbcEP:8o0mrbr5SlweesvbNtvKQqbdlZ-ODgWB15zerqsrAxQ", "expire_date": "2023-09-14T07:36:45.690Z"}}, {"model": "sessions.session", "pk": "hdz2qds7lmxq58vorm0f1he8wxqdov4s", "fields": {"session_data": "e30:1qenFv:vIyi0rykwT_0r8PUiE63YoSPMGT-orEoH5MV48pDVLc", "expire_date": "2023-09-23T01:59:27.891Z"}}, {"model": "sessions.session", "pk": "higptxjrejetev466dkqfjadaxy0fui1", "fields": {"session_data": "e30:1qe3CK:ZH8LZLZ3cCrW-K9l_Kp7P5kMSVGXicVbi9cuwgY58y8", "expire_date": "2023-09-21T00:48:40.083Z"}}, {"model": "sessions.session", "pk": "hj4v3eztzt31z3su6l9xz5jcgxgsu2nt", "fields": {"session_data": "e30:1qbYUt:NFJImA9UCtUYat-0glRytG3Z58lZNKld3tFBPzv45w0", "expire_date": "2023-09-14T03:37:31.043Z"}}, {"model": "sessions.session", "pk": "hkzf74vaw9sowrpr1en9evxews4pwsp5", "fields": {"session_data": "e30:1qbJeM:_4m6criQ6J-kbCt2jrVYHC3OCdU_5NHAPTwFrw4Xv94", "expire_date": "2023-09-13T11:46:18.641Z"}}, {"model": "sessions.session", "pk": "hlaamym8yyu6alh0ef981y33vix6rdrj", "fields": {"session_data": "e30:1qc7Qu:zqt15i-YOB__of90WqymbZiJNvzsTWa3gtxffkk7zYA", "expire_date": "2023-09-15T16:55:44.312Z"}}, {"model": "sessions.session", "pk": "hp8wypqduh1fzwypf2ivbmm1i64pouhl", "fields": {"session_data": "e30:1qenMM:kpBbzYXOqklxDoXXs6ci43QEw3DU61vPbWYm6oYKuNs", "expire_date": "2023-09-23T02:06:06.584Z"}}, {"model": "sessions.session", "pk": "hqlmjjirr9gvouzd49rofgucs11a6ldd", "fields": {"session_data": "e30:1qbAIi:6XHCVXuNXvkAuoB3vW2eqaH6TLJzrelunyjIM500Yk0", "expire_date": "2023-09-13T01:47:20.880Z"}}, {"model": "sessions.session", "pk": "hqorpmtnsz1kp8tjermnaslrvc4pj9g7", "fields": {"session_data": "e30:1qeX2P:oZhItu1F6nvgICbbvuvk6AfYCO4GPz3iKmeh1kEzHcY", "expire_date": "2023-09-22T08:40:25.942Z"}}, {"model": "sessions.session", "pk": "hu8iyvo7b4v7tyntq6zdqwwd4n6hsk0g", "fields": {"session_data": "e30:1qbley:HNpUhxZuLtmfP1ifx7e9TUnYrQnwqkN22S92X_C7p1Q", "expire_date": "2023-09-14T17:40:48.541Z"}}, {"model": "sessions.session", "pk": "hxr119qjj4loxlsukk75b5y7xgyrlqeu", "fields": {"session_data": "e30:1qbcca:B4GYDNX9z9rT4UMi0oLXA1NP5fFX3rNYGZLYMVfdNro", "expire_date": "2023-09-14T08:01:44.634Z"}}, {"model": "sessions.session", "pk": "hxvt4j3vjogm0h816pigvf71k0qzw76n", "fields": {"session_data": "e30:1qd5Vm:_PpFOQRXTdM3PcNhXTSypmx9BmBqSrl9NFQsiDgID04", "expire_date": "2023-09-18T09:04:46.625Z"}}, {"model": "sessions.session", "pk": "i6de13mrfcf8q1ewwgry9ojpkh2pvenh", "fields": {"session_data": "e30:1qcVpC:BwOtu2rv377bTaVUmZLTlWg5a5sHJtG65MDNCH7Zgwo", "expire_date": "2023-09-16T18:58:26.576Z"}}, {"model": "sessions.session", "pk": "i7f7w37njonrt70d5bwbjhh1bpvd2mf3", "fields": {"session_data": "e30:1qcSlX:6BSuZsbqFVA4dwelpVhBxqusKyQ_PUMMhtgU0tWCFm8", "expire_date": "2023-09-16T15:42:27.218Z"}}, {"model": "sessions.session", "pk": "i88bfc613e773zylpi0nylbttvqjyjy1", "fields": {"session_data": "e30:1qe4fL:jy-myF7xwmFhPFmm7wTLUl8KWg8qwPOi8TXBQijtubY", "expire_date": "2023-09-21T02:22:43.822Z"}}, {"model": "sessions.session", "pk": "i8nurv4ftld8haf6hkv1ro10msx5xtcf", "fields": {"session_data": "e30:1qbRvj:66lf2OfKIGXvNdltjU51NUy3qOiNPJcxLBnaAjVRc7E", "expire_date": "2023-09-13T20:36:47.446Z"}}, {"model": "sessions.session", "pk": "i9a2xlikvty2imbmqkahpyl0wdhvhb4o", "fields": {"session_data": "e30:1qbrnP:iJqkkWes9o489sxVKUFHgX-heEOsx4rkLhWiukxx6X0", "expire_date": "2023-09-15T00:13:55.881Z"}}, {"model": "sessions.session", "pk": "iahkbtoo2gs2fm3dr9f2qpqyciqujxfa", "fields": {"session_data": "e30:1qdhJI:p0p5W68g9W8xkd3HZ9xteDODFP-Jn_WZp6kzC7yr97k", "expire_date": "2023-09-20T01:26:24.677Z"}}, {"model": "sessions.session", "pk": "igpf3z8y5nkqtv2u4e6vr1kxbg554zz2", "fields": {"session_data": "e30:1qd6hJ:rCDns0vf8Jm2X6TZ1RCx313Zz5hmDgp9tRNV06zFeeI", "expire_date": "2023-09-18T10:20:45.854Z"}}, {"model": "sessions.session", "pk": "iistax8mrsbnqhtij2806aojkyie2yuz", "fields": {"session_data": "e30:1qdpv7:u4puXRGgZ2iCVu2fnbOKSkNYaN9m1LkA60KdDf66pQY", "expire_date": "2023-09-20T10:38:01.650Z"}}, {"model": "sessions.session", "pk": "ik78zj9wpd0fqo6xo7kqsa9pike1kj10", "fields": {"session_data": "e30:1qe0Ri:ZAeFGuQ8JAFFmmip1s9cyul3OrhKuxXU03uUnc2-QwA", "expire_date": "2023-09-20T21:52:22.100Z"}}, {"model": "sessions.session", "pk": "ik911fzzo5qlm5flpmneu1u238i08rne", "fields": {"session_data": "e30:1qeF8E:Kjn-7DdfAnM2MIv6DWEXqbTVNj5ORlknhoOVtxflW5w", "expire_date": "2023-09-21T13:33:14.755Z"}}, {"model": "sessions.session", "pk": "ikfu2w1fhccaza232drzqnpm4t3dlqje", "fields": {"session_data": "e30:1qd992:gsgpcqLUB93nAvphodQLIaY-dHf6HaUpRqIVRxeA1Mg", "expire_date": "2023-09-18T12:57:32.232Z"}}, {"model": "sessions.session", "pk": "ikxfutsjyqfjdhvn4mh0h1hqbevcsow3", "fields": {"session_data": "e30:1qeq2g:m4SQNkZWyXGNZl7y-NJlE8iS0F0Q4_6BlAahWQ50eD4", "expire_date": "2023-09-23T04:57:58.499Z"}}, {"model": "sessions.session", "pk": "inlfkf7m8j6j55my9449bpch4y5077gr", "fields": {"session_data": "e30:1qb9xQ:NTYXdLh1mW3PRQzGifaD9nwdHLpzgKs4bhWT6ig8yZk", "expire_date": "2023-09-13T01:25:20.343Z"}}, {"model": "sessions.session", "pk": "iq4uxgjmocqqq23u3hi0p2rp1vagp2mv", "fields": {"session_data": "e30:1qcNK9:1gSV7J0QbaiwZCdr2X8wen-SnHgIGO_BVthP3Qi5elU", "expire_date": "2023-09-16T09:53:49.688Z"}}, {"model": "sessions.session", "pk": "iqx842grh2mnpysysj1kq2cywjh53rs6", "fields": {"session_data": "e30:1qel68:LhUb8RKLJEodTQrTGzvb70uV0X0rojp6VGDfphwwxQ0", "expire_date": "2023-09-22T23:41:12.107Z"}}, {"model": "sessions.session", "pk": "isk5mnj5i6vuhjstb2mbichuweimusks", "fields": {"session_data": "e30:1qbVJC:JULzo2ga8l-9pDP_1Vlko3cR9YEDMGNhrQ05TabyHI0", "expire_date": "2023-09-14T00:13:14.225Z"}}, {"model": "sessions.session", "pk": "iypko8u2zckqos9rbwjynetw36valxix", "fields": {"session_data": "e30:1qeN7F:9KEihewRJOCiFzO2-8ZEPE2Gi47cGv_MdMGUp-ze9h8", "expire_date": "2023-09-21T22:04:45.671Z"}}, {"model": "sessions.session", "pk": "j0f0ms0y52rbfbrkdwhq0jdkl1wk0n45", "fields": {"session_data": "e30:1qekl5:q6tvyg5KfPjOHOwTuBKPQODLElsWmNuHfKo-SLgQF1o", "expire_date": "2023-09-22T23:19:27.776Z"}}, {"model": "sessions.session", "pk": "j2nkk4xa65a4emn22qbe70uy3fowgvbu", "fields": {"session_data": "e30:1qdJT0:PyubjsY_W2HcT1ItI73JZq8f0Eodawri00G0Pe9qxmA", "expire_date": "2023-09-18T23:58:50.882Z"}}, {"model": "sessions.session", "pk": "j3gm9249fy3hwopjmzl0o5eclpc8k6gu", "fields": {"session_data": "e30:1qe0Ri:ZAeFGuQ8JAFFmmip1s9cyul3OrhKuxXU03uUnc2-QwA", "expire_date": "2023-09-20T21:52:22.881Z"}}, {"model": "sessions.session", "pk": "jc2vvdhhaehdw2ojjuu7wktfmkc501lw", "fields": {"session_data": "e30:1qeCfj:6VERkxLwbiObSCpl--RDnJ4-J7nzhypVV65pz_RRnF0", "expire_date": "2023-09-21T10:55:39.071Z"}}, {"model": "sessions.session", "pk": "jjdzp6bhuicjigdmrjcr9cqh4xkzfzjp", "fields": {"session_data": "e30:1qeVvx:3FwEzPvrE78W_ko-NxgJUvEidjDzr0ykO2C-Yk6WX6E", "expire_date": "2023-09-22T07:29:41.577Z"}}, {"model": "sessions.session", "pk": "jmlwtn90vc4pvyygj2myjzeqljcd8axx", "fields": {"session_data": "e30:1qbs3F:mYw-PUbMeDPSIlnQjEZ848H6x8ROosL4A_c9WBm0aJg", "expire_date": "2023-09-15T00:30:17.983Z"}}, {"model": "sessions.session", "pk": "jpg9zn5oljrorb976r4lzn5915q2wj8h", "fields": {"session_data": "e30:1qbLIb:S74QGNGtyoSLllGSUwVrE90lb4FvlPFiKn4z-Ll0ISM", "expire_date": "2023-09-13T13:31:57.051Z"}}, {"model": "sessions.session", "pk": "jqgnovsi8jz273pcorpp5l6fl7mec2b7", "fields": {"session_data": "e30:1qboTr:41B4TISfjhw7RBmq5ccpD5GjKe-CMkMyUfD2xE3LFm4", "expire_date": "2023-09-14T20:41:31.213Z"}}, {"model": "sessions.session", "pk": "jtjokgq4083nj6feacyaxbadk3bkewmm", "fields": {"session_data": "e30:1qel87:r5S589fgacY46EajA9oXNLRQnE3RfyiG8cDOn7UDe00", "expire_date": "2023-09-22T23:43:15.677Z"}}, {"model": "sessions.session", "pk": "jukboxtozkq33271fl76smun9c9pa1cj", "fields": {"session_data": "e30:1qcfF3:GZoo6qFK6Ir2nbt9sRZzfzdaIqzKBM2SDdGln6XVXZw", "expire_date": "2023-09-17T05:01:45.974Z"}}, {"model": "sessions.session", "pk": "jup0h4ceu0cmx2ub7mcmnotku0gn4ya2", "fields": {"session_data": "e30:1qbOiF:moOOYnFa4qSjTdC5BevjH1FOliW8s2njc-Qm9U1oWzM", "expire_date": "2023-09-13T17:10:39.556Z"}}, {"model": "sessions.session", "pk": "juw127no4yef8zgrxmd51al0anhba99f", "fields": {"session_data": "e30:1qcBL4:KZwe_BBRK0icLc50tpHiWKcsFQtq4xYBwre67Lp2rlc", "expire_date": "2023-09-15T21:05:58.333Z"}}, {"model": "sessions.session", "pk": "k2lz3q9mmcsxj193d1vgqkcsqtt882oe", "fields": {"session_data": "e30:1qcRA6:I3hMogEmz5yWcGT7YCS-eKGsLL5UvtTcEO_3iJrrfk4", "expire_date": "2023-09-16T13:59:42.304Z"}}, {"model": "sessions.session", "pk": "k6vfdckcren6oz2q5c7fnhu2qwgkc36z", "fields": {"session_data": "e30:1qcETt:dqRgM-wleh4Ng_JkK6jFtegSuK3ymnJ-arHxo1ZmZi4", "expire_date": "2023-09-16T00:27:17.004Z"}}, {"model": "sessions.session", "pk": "kb2r1b5i7w1fovw6pn7ctvniilrgr31g", "fields": {"session_data": "e30:1qc6Ce:DvfvuTz53vGTe0gIXJHFUUItXyo0Z0m8_xbPD4cMP9c", "expire_date": "2023-09-15T15:36:56.418Z"}}, {"model": "sessions.session", "pk": "kd7xp5i8pu7dizbah0x23gs62rlvdkqv", "fields": {"session_data": "e30:1qdYZf:m0BJMXqUWODNn2o66rhZIdPuVE5IS2hKzXJv8DqbclI", "expire_date": "2023-09-19T16:06:43.153Z"}}, {"model": "sessions.session", "pk": "khba5eac2rw9c109yyguj0977wr241om", "fields": {"session_data": "e30:1qcl4V:AybntMMwij9x2wZcw0Sle5DYKbv92LDQbkDNoB4M3po", "expire_date": "2023-09-17T11:15:15.375Z"}}, {"model": "sessions.session", "pk": "ki28mfuuf5ppzhg6mnindpo26ri9ehx6", "fields": {"session_data": "e30:1qeWsz:T3HOfBj4LMCeELlQPRZDkjtzIvG1ELunMt_DZSc3ox4", "expire_date": "2023-09-22T08:30:41.005Z"}}, {"model": "sessions.session", "pk": "ki2feuz4thfsa2pf3n966ob1g3b1spuh", "fields": {"session_data": "e30:1qdJcB:dJsaaj3PQ9a8nl-31_awGoyul3SMm22P-Ikdyy9hOS0", "expire_date": "2023-09-19T00:08:19.078Z"}}, {"model": "sessions.session", "pk": "kran55ramblv9s8ygu9emkerdcynxkd4", "fields": {"session_data": "e30:1qcJJC:j__Xg_3YpVem36Uw9xrewDghsHmAW_ABS48YbzQ5GMg", "expire_date": "2023-09-16T05:36:34.027Z"}}, {"model": "sessions.session", "pk": "krpcndfr88dwpgaioo35wg45ehw1nss2", "fields": {"session_data": "e30:1qco9F:WnQb_m9_dyilAEM0CIUtLFCRlcvQh08ZW75ryBk60Xg", "expire_date": "2023-09-17T14:32:21.476Z"}}, {"model": "sessions.session", "pk": "ks5omhu9zfusjwdvfjjhkfwigdxr8pgy", "fields": {"session_data": "e30:1qen6F:ev8R736gBjljDuEK74srC9-OO79zixebwVXc_pbKPYM", "expire_date": "2023-09-23T01:49:27.765Z"}}, {"model": "sessions.session", "pk": "l33jamta63vscii9oqw2ex3p2dp9v179", "fields": {"session_data": "e30:1qbMzB:maoJZEfan9XKJb3iT8bkOo3lxDoI4G2qpD7o6j_U3Rw", "expire_date": "2023-09-13T15:20:01.913Z"}}, {"model": "sessions.session", "pk": "l3psdou2bygpbzcxzstn20td7psgm3jg", "fields": {"session_data": "e30:1qeGCZ:IhFrQYHhfPRLb0ARqFrtn9cyj7Fm-enNfkdIkRUWzXQ", "expire_date": "2023-09-21T14:41:47.720Z"}}, {"model": "sessions.session", "pk": "l5zrcu0mb7qtsgskoe9bjeylt4lnmn04", "fields": {"session_data": "e30:1qbleu:ntvo0YwzVXNfMuk0S4BS0_chVRud4X6HnKeG4mSf2P8", "expire_date": "2023-09-14T17:40:44.234Z"}}, {"model": "sessions.session", "pk": "l7fz708j2h6y8kpj1de22w32668stke8", "fields": {"session_data": "e30:1qeVvv:zDTSEAM3wJJOFLCBlLrH9JKWZ74hI1a5OKutiYXIXE4", "expire_date": "2023-09-22T07:29:39.597Z"}}, {"model": "sessions.session", "pk": "l7u1hoqnfvjer2vtkcil6m4nq6426dnn", "fields": {"session_data": "e30:1qeVvu:g1asHsW3CikWMhRMIEOBX9q3Hqv2xpGArJAJxE_Qhh8", "expire_date": "2023-09-22T07:29:38.100Z"}}, {"model": "sessions.session", "pk": "l8i0833sa4g3a0gog29s2iy96ave5ye3", "fields": {"session_data": "e30:1qee7B:5G914qDMg8aVLnSn4G8l7XbOIkhCQacGvmX1v-c_-y0", "expire_date": "2023-09-22T16:13:49.624Z"}}, {"model": "sessions.session", "pk": "lavfo335xgp19fh1bi6pa2yzqytnb7k7", "fields": {"session_data": "e30:1qdEtt:lQHOai8Ce0yIIfbkuJnA_GsknE6NzT6mkkrWtWfmDGo", "expire_date": "2023-09-18T19:06:17.174Z"}}, {"model": "sessions.session", "pk": "laz91w5hqm1r9g95cnbwtv6ojvuewqej", "fields": {"session_data": "e30:1qbLIc:XRm5Gmpj0Ez0FazHxV88NGv9XRaWbzd2rTsiLODOAHE", "expire_date": "2023-09-13T13:31:58.461Z"}}, {"model": "sessions.session", "pk": "lef3c5i0fy6rif98rfir1g5py6wmy0yi", "fields": {"session_data": "e30:1qcoql:MP13lhS5eBKZb7B9zgWnEidcvq4J-nsiBA-o8Oys3tQ", "expire_date": "2023-09-17T15:17:19.457Z"}}, {"model": "sessions.session", "pk": "lgzwrow3dq42k9kawey7vqotxpzqaib9", "fields": {"session_data": ".eJxVjE0OwiAYBe_C2hCglIpL956B8P1J1dCktCvj3W2TLnQ7M--9VcrrUtLaeE4jqYuy6vTLIOOT6y7oket90jjVZR5B74k-bNO3ifh1Pdq_g5Jb2dYminTd2cY-9JTJGY5DGMQxiJAXFCMbAfKIaL13EKOFyAFcsGzRqM8X-jM4oQ:1qczp9:AtEW-blxlg61brxLp_tAB3YInBF4sfoJ1gsVyqc3_Y8", "expire_date": "2023-09-18T03:00:23.262Z"}}, {"model": "sessions.session", "pk": "lh6h4vvma9sb8brqbczckt49801bmwls", "fields": {"session_data": "e30:1qcrMq:8d6RHbMwZx0IepHetznb0QsAhNpuD19Blh7ejxMFz98", "expire_date": "2023-09-17T17:58:36.248Z"}}, {"model": "sessions.session", "pk": "libt4nwwm6s38641ibw1ev8str3xt786", "fields": {"session_data": "e30:1qciPF:8rxBkDnhNI4RbbuaxNEHEIt0yMNEofN3s95NQ9XPMEE", "expire_date": "2023-09-17T08:24:29.088Z"}}, {"model": "sessions.session", "pk": "lif3dj4ruvgtvswrm7fkzroyb097b61q", "fields": {"session_data": "e30:1qc6D7:ggEXwFWrugFtekg4OqtBpWSk890NtjILZv_5qSE1Dtc", "expire_date": "2023-09-15T15:37:25.613Z"}}, {"model": "sessions.session", "pk": "lifkbzcteo8aj5m9sosqlcgb6u4nwboi", "fields": {"session_data": "e30:1qecTr:hXPbZeu2T4PJW5jglXDqNgsmCqnH9szBRWzxjZ2wtIU", "expire_date": "2023-09-22T14:29:07.099Z"}}, {"model": "sessions.session", "pk": "ll8l1wproju0k0wbavgufy9t1tkh7g0c", "fields": {"session_data": "e30:1qeAMx:tulbI5SOLWpMlfUejfrthbiCBy8zRySj3gbv5EWc3oA", "expire_date": "2023-09-21T08:28:07.454Z"}}, {"model": "sessions.session", "pk": "loyfq0crt4kawjkv0frd8c8nkqw93572", "fields": {"session_data": "e30:1qdZdp:NpV4fhJcGUlykbErhNuf3m5kyG8lHqWq1nTfsxTMc9g", "expire_date": "2023-09-19T17:15:05.895Z"}}, {"model": "sessions.session", "pk": "lpjkhfftabaf4gfuzrrj38brdf9ptq5o", "fields": {"session_data": "e30:1qd8fN:FH9Fkjt0CcSO4I6n9FnGPbyDsruVuadGT-oQmXlo6ps", "expire_date": "2023-09-18T12:26:53.403Z"}}, {"model": "sessions.session", "pk": "lqaqdk25vpp0qasfp9hcewx19tkdouyg", "fields": {"session_data": "e30:1qcvD8:WfE9h4xhbdbASH6jExS9qERbEW_rGwlqkytVoCrHIhI", "expire_date": "2023-09-17T22:04:50.064Z"}}, {"model": "sessions.session", "pk": "lqg4wbvmo2s4cjlqbmaloi4ey8pbdh6h", "fields": {"session_data": "e30:1qcybT:M5-UqMVtaRr8_KPsxhTy_o3tAKpjolcHWGVoArUXkpA", "expire_date": "2023-09-18T01:42:11.761Z"}}, {"model": "sessions.session", "pk": "lr0nkvs9fm4mv9jg1an7b1ioyar3q2pm", "fields": {"session_data": "e30:1qdEB1:bmMdTDs461M-7qwoHnd6XQMyejZVApiQ7NrDE6X-zmY", "expire_date": "2023-09-18T18:19:55.649Z"}}, {"model": "sessions.session", "pk": "ls59mwm5q9jqidu4uptwnszqjeiz97l9", "fields": {"session_data": "e30:1qee7G:SGYbsSbDv6UzGLKUo_wE-hVmgrzK0Yw8wXyQzS-v00Y", "expire_date": "2023-09-22T16:13:54.118Z"}}, {"model": "sessions.session", "pk": "luosmgh4acp829sow84qooplup7uoo6g", "fields": {"session_data": "e30:1qeXDT:G9UaQQmKNzdKx6gOsX0e_xLeGCODp1Fr2M95fMhLsOg", "expire_date": "2023-09-22T08:51:51.064Z"}}, {"model": "sessions.session", "pk": "lwk8uj5exkp5c68f2uidm86of0976f7h", "fields": {"session_data": "e30:1qdbw6:k14OAVsoDzbNigBSLLV7fygEtiWMvWOcdbv4jDMfzbM", "expire_date": "2023-09-19T19:42:06.494Z"}}, {"model": "sessions.session", "pk": "lwllxypoacyy1beu8h7loiluzwqqbikz", "fields": {"session_data": "e30:1qczJT:QUQsDm3bZwKlzh7fwOP2vDLTdsa5AEBYAe34Wn84DoQ", "expire_date": "2023-09-18T02:27:39.465Z"}}, {"model": "sessions.session", "pk": "lwpi7b8subhzdh9tiul3v3lr4r7dr9ck", "fields": {"session_data": "e30:1qcRvt:2JMR9DeaveQYuTp48mjtC59Fqs3IhJ0sLOHQvo7fqPw", "expire_date": "2023-09-16T14:49:05.203Z"}}, {"model": "sessions.session", "pk": "ly9afmugf7dqx9yytn35b2qrs5z9gbhr", "fields": {"session_data": "e30:1qdyQ7:DYka9cOMg-4WuB2KbUOGJz_MFNiBYE6mgmWxltpYvnw", "expire_date": "2023-09-20T19:42:35.326Z"}}, {"model": "sessions.session", "pk": "lycj3jele8pt9xa8fzny3apcnh2hpdrh", "fields": {"session_data": "e30:1qcSnZ:ruQ5VBQ9mmijbIif_RcVtGNRw98-xttlmy4YOZS69jY", "expire_date": "2023-09-16T15:44:33.739Z"}}, {"model": "sessions.session", "pk": "lzwv4005ien8k2er02x2bfoue68swdbp", "fields": {"session_data": "e30:1qe91a:q_68ZURqSxsN10T9A39qg4Thfo25Z8276IRh-Xd5sbA", "expire_date": "2023-09-21T07:01:58.209Z"}}, {"model": "sessions.session", "pk": "m8teqbejnxpmxoo2kiqbzdqhsk6gglw9", "fields": {"session_data": "e30:1qbdjo:M6qZJM0ZVEXRjII7_JL9ejYl05zbCX_DxN-2Ga6AQLU", "expire_date": "2023-09-14T09:13:16.983Z"}}, {"model": "sessions.session", "pk": "mdfnrhlrr7t4cjwzhq5v3eltkktiwnh1", "fields": {"session_data": "e30:1qeIcQ:WvjKiR-je_qCtuGOcUpdNLTrl1T6Sgy-pnMVZyzX4NU", "expire_date": "2023-09-21T17:16:38.890Z"}}, {"model": "sessions.session", "pk": "mex27988x02d60asjjishbxa4to64xlv", "fields": {"session_data": "e30:1qdvQr:Y5wc0DTYXI6NouH1mi85mhne5PMLVTXypAQbNbGe4zo", "expire_date": "2023-09-20T16:31:09.330Z"}}, {"model": "sessions.session", "pk": "mlyt992md8tbw62cwt8xbuhc4wwsfcpy", "fields": {"session_data": "e30:1qdeQq:Mf5yM4dBD-2YXmB1uW2jE2AWTVNNPpKmjvsyKfYGH2U", "expire_date": "2023-09-19T22:22:00.917Z"}}, {"model": "sessions.session", "pk": "mni2hrvmismw7k9thqmcrj7dq52d78tv", "fields": {"session_data": "e30:1qeLw1:EgA27u5Y0ZQtUsln5NFhtdsacfa2_0zDJYxcEfTITZg", "expire_date": "2023-09-21T20:49:05.974Z"}}, {"model": "sessions.session", "pk": "mwb8qrtjotop6rm5ahjsnzx9vn15fw1w", "fields": {"session_data": "e30:1qd85Z:WUc20GXzYL_ShnI63MWYmeJZsU61UIen_XEWPGvf_2Y", "expire_date": "2023-09-18T11:49:53.297Z"}}, {"model": "sessions.session", "pk": "mwbe0njiidawxfflu3tlppxyc56qe6kj", "fields": {"session_data": "e30:1qeSk4:WTzbKYTS45ZaIIx2eObEWUN8x6XshYJOLkN7hjAW_MA", "expire_date": "2023-09-22T04:05:12.327Z"}}, {"model": "sessions.session", "pk": "myd30qebotluox35n49wvetjk9tm92cz", "fields": {"session_data": "e30:1qeOIY:Ylz5LqSMe8LjbHQghlmj0_t1lwCt07k2MumtZqTPdxs", "expire_date": "2023-09-21T23:20:30.032Z"}}, {"model": "sessions.session", "pk": "mys2o739cjflm9f5ditxsgn8oqovmtoj", "fields": {"session_data": "e30:1qeP1M:mXY6-cV9le1yO_FNA1NPD_ptmIIMSTHM9E7IgCqGDfs", "expire_date": "2023-09-22T00:06:48.423Z"}}, {"model": "sessions.session", "pk": "mz54tbwruorzg99qaf1u3b8zdeed8c5b", "fields": {"session_data": "e30:1qbYUr:4Rw5S7gZgtgMk4V7n9cNcfqyPpmx_sajdAi368NBxSE", "expire_date": "2023-09-14T03:37:29.178Z"}}, {"model": "sessions.session", "pk": "mzbd6f1ney64x5pwls24os9hh3mg67gs", "fields": {"session_data": "e30:1qcOjb:_3rvCuhc2jZ7OoGbtahZ6D7qBMnfP6c6uK0oXYRDZPI", "expire_date": "2023-09-16T11:24:11.815Z"}}, {"model": "sessions.session", "pk": "mzisas4vh0tiqgikd19y2oqs08txzflb", "fields": {"session_data": "e30:1qeW2X:-UUKBNm5jhqmPcFG3tpU-gCzljioIzePI7NbtZV9z6I", "expire_date": "2023-09-22T07:36:29.199Z"}}, {"model": "sessions.session", "pk": "n0132wapik6jkois846ydvp950phm4h4", "fields": {"session_data": ".eJxVjE0OwiAYBe_C2hCglIpL956B8P1J1dCktCvj3W2TLnQ7M--9VcrrUtLaeE4jqYuy6vTLIOOT6y7oket90jjVZR5B74k-bNO3ifh1Pdq_g5Jb2dYminTd2cY-9JTJGY5DGMQxiJAXFCMbAfKIaL13EKOFyAFcsGzRqM8X-jM4oQ:1qcl6g:l9mhNNoSLUEXfHy4bU7BTgKj9ZaINWsUyceayLfpZ9A", "expire_date": "2023-09-17T11:17:30.622Z"}}, {"model": "sessions.session", "pk": "n16r6iaedyao8zhxq8f7nmea7q8navxd", "fields": {"session_data": "e30:1qblf9:T3hThh_Z7yITXDy5e05Y4fGhDeMeJnlylWGoEB2C5Vk", "expire_date": "2023-09-14T17:40:59.543Z"}}, {"model": "sessions.session", "pk": "n19e9rd3znw0m2nha4sfq0hmeh386p9b", "fields": {"session_data": "e30:1qdjSG:2-BQCEz1tQ5gQrVq9F8btALHUBu68E4LEbYXI9HPk0g", "expire_date": "2023-09-20T03:43:48.453Z"}}, {"model": "sessions.session", "pk": "n2gvoze2gsxceu2pqd9i4uyan99hz435", "fields": {"session_data": "e30:1qcz5V:3QAJvZyzt1jCbU8h3RHJXaWZGLzq8sYmChLSmeSsSH8", "expire_date": "2023-09-18T02:13:13.226Z"}}, {"model": "sessions.session", "pk": "n482iy1t57mdum8nl2z5r2pu93f3r3bp", "fields": {"session_data": "e30:1qelBS:ZT7gW6n9dLObyeEe4QwB-8fPA1DgWP3YkiLhy1poM7w", "expire_date": "2023-09-22T23:46:42.048Z"}}, {"model": "sessions.session", "pk": "n4hz5upa4bni95p2p191fqataxnx33wz", "fields": {"session_data": "e30:1qe5zz:83wnnTHmp17FS-o2PubgULVANa5LAa0LHkqXaujE9Cw", "expire_date": "2023-09-21T03:48:07.228Z"}}, {"model": "sessions.session", "pk": "nbalg8nq9pcj82aj367u6yz05d4ry8ir", "fields": {"session_data": ".eJxVjEEOgjAQRe_SNWloYSh16d4zNDOdwaKmTSisjHdXEhay_e-9_1YBtzWFrcoSZlYXZVTzvxHGp-Qd8APzvehY8rrMpHdFH7TqW2F5XQ_3dJCwpl9NzrTgsZfe-kE4RsuGkRAYOwTngf0wjSQOTNsZkkmIHMHIiNF6YfX5AgKoOUw:1qb1ZC:f-x4o-LwJtoVnOOG3LMYM5r9lwD5MFd-y4cZsefN0WU", "expire_date": "2023-09-12T16:27:46.089Z"}}, {"model": "sessions.session", "pk": "nduwfktqrvti05hqanrkgm2rtid3paer", "fields": {"session_data": "e30:1qbh9x:xXWHNnNgoOppIxRLiKBSDeABOPFSqbNk39ZcLl_LiFg", "expire_date": "2023-09-14T12:52:29.268Z"}}, {"model": "sessions.session", "pk": "ng1tidd92tiyhegksw4p4rzo8rpt459q", "fields": {"session_data": "e30:1qdexG:HO2lgh7ItMvLaD7M-hFpdS39pw2RiYbu1QQPoIPNh1M", "expire_date": "2023-09-19T22:55:30.364Z"}}, {"model": "sessions.session", "pk": "nhu55s9f5nmw7sfr2f8xl3on7favofk4", "fields": {"session_data": "e30:1qcyMF:qBDpy-DPLe7mx5bftlQXw972qe6Ga_oCayoMLlZfIlI", "expire_date": "2023-09-18T01:26:27.062Z"}}, {"model": "sessions.session", "pk": "nizir4m8zi967184uj1nx0c3hf8g08zx", "fields": {"session_data": "e30:1qeVw0:0rFLpnqyZT7fVmfMG9sMiGDXsttong9BuFvqDPS79HY", "expire_date": "2023-09-22T07:29:44.080Z"}}, {"model": "sessions.session", "pk": "ns5eh6bhljmqj541skzgdsiz4986ze6q", "fields": {"session_data": "e30:1qe1RB:F0gMPMRIL0wLlX4nTWvZGYC2pbQoSfiiZdzpYBlOIG8", "expire_date": "2023-09-20T22:55:53.400Z"}}, {"model": "sessions.session", "pk": "nx5ywwx8b0seivwvos3r3mxz90z7yxpd", "fields": {"session_data": "e30:1qepl5:XRGqFdXaB7VKSnvEyJAOVkx9HBx2IU9LFj7qFt3NPTg", "expire_date": "2023-09-23T04:39:47.992Z"}}, {"model": "sessions.session", "pk": "nxmvu6nap5849k79lu01utzqcxqzctzb", "fields": {"session_data": "e30:1qdUfv:2A3OpOBUjvLyBSF_KBw7MvJ_aHnfopcMyVOnIxFqgjE", "expire_date": "2023-09-19T11:56:55.975Z"}}, {"model": "sessions.session", "pk": "nyqcmy9e1l7usdvzav3aglrknm1xqbsm", "fields": {"session_data": "e30:1qenJC:FkPt01Ug7TqkeFrWPp8V9ynsTVlvfNwCbODHRGREDNw", "expire_date": "2023-09-23T02:02:50.676Z"}}, {"model": "sessions.session", "pk": "nzz718ktamlwfayboz6byo3ce40uohkf", "fields": {"session_data": ".eJxVjEEOgjAQRe_SNWloYSh16d4zNDOdwaKmTSisjHdXEhay_e-9_1YBtzWFrcoSZlYXZVTzvxHGp-Qd8APzvehY8rrMpHdFH7TqW2F5XQ_3dJCwpl9NzrTgsZfe-kE4RsuGkRAYOwTngf0wjSQOTNsZkkmIHMHIiNF6YfX5AgKoOUw:1qbJ89:spr5ib_so1O1FHw30Nvu1IfdJeN47LETSV6IB76e0OA", "expire_date": "2023-09-13T11:13:01.574Z"}}, {"model": "sessions.session", "pk": "o0s987bal2eeeyu4yerm56w62n4ct1v0", "fields": {"session_data": "e30:1qe4fK:vbj0qv4Kr_No8IrPs6ZMNoMUB676kHhIAXtdsFoaNnE", "expire_date": "2023-09-21T02:22:42.193Z"}}, {"model": "sessions.session", "pk": "o1q7bz7r05ls95piube3205tq6bna283", "fields": {"session_data": "e30:1qd60x:MMfmG-jgWV47HI-oqf8qhC1tAQcYsLT93h0SryKHelM", "expire_date": "2023-09-18T09:36:59.754Z"}}, {"model": "sessions.session", "pk": "o3z4tyavnqtzxp1dcm7gffd4ed0fjw1y", "fields": {"session_data": "e30:1qbfET:Fm5m6DHBhoMmsmuVTuQciZ0gubja7dx6jeetaklSxa4", "expire_date": "2023-09-14T10:49:01.174Z"}}, {"model": "sessions.session", "pk": "o6xrbqamusdyapm1gh728zr4lizen80f", "fields": {"session_data": "e30:1qeTTh:pxkmGnhVVxwplDidKmHCVe_jA98-OKo-e74rJPfobvw", "expire_date": "2023-09-22T04:52:21.445Z"}}, {"model": "sessions.session", "pk": "o710d59yw656gno5810acv1h8sy3de1y", "fields": {"session_data": "e30:1qc1jl:S6Ojwc97cBYbUvR1tprRIhNQxeDcmOGOaP6oyztnhEo", "expire_date": "2023-09-15T10:50:49.056Z"}}, {"model": "sessions.session", "pk": "o8jr96kiiybi4us6frrh1h0w52wqdv4n", "fields": {"session_data": "e30:1qd18U:1LFxpmqtA3OmdCQ7ApfZZD0JOaQGaCYVAffZWvDKA-U", "expire_date": "2023-09-18T04:24:26.917Z"}}, {"model": "sessions.session", "pk": "o9ba3k0urxc3qil8hmlx3m688dqxce66", "fields": {"session_data": "e30:1qbR4N:jcJos_DXED5AUmXjsif7yRqQI8_T_sQnieyfOc_eTqc", "expire_date": "2023-09-13T19:41:39.279Z"}}, {"model": "sessions.session", "pk": "o9zal0yksenzvmmvnbrausc2qi36zxvr", "fields": {"session_data": "e30:1qd99x:KLjq0qzW9mvX27KHIJ6brdoc9OQPF16F5eBRGrAyUP0", "expire_date": "2023-09-18T12:58:29.388Z"}}, {"model": "sessions.session", "pk": "oaih1bk0e9q86bxwilifd0g77yg9swj0", "fields": {"session_data": "e30:1qeIxM:OjxT9woVJDgTEdI7qFsPY1d7zQtDoG30who_b_UA0PA", "expire_date": "2023-09-21T17:38:16.634Z"}}, {"model": "sessions.session", "pk": "ogyjjx5zavwr1o1ey9bolxinic6msz6c", "fields": {"session_data": "e30:1qeety:utfTIIX5PBPRoFKLeOO-7He_YCQKxSfWXHjLSPxh4FQ", "expire_date": "2023-09-22T17:04:14.184Z"}}, {"model": "sessions.session", "pk": "oixeap8pc9282gr4d8mhpf6z7x2bmm0g", "fields": {"session_data": "e30:1qdobk:4R4qch4ZO6Tsvpc3w8j9QPXw_rMQkSePcLRDgItkYSA", "expire_date": "2023-09-20T09:13:56.004Z"}}, {"model": "sessions.session", "pk": "oj0y3tudvs4n0j29fvl5glqz3lfb80rc", "fields": {"session_data": "e30:1qenB2:Y99LPUSe8V1hF08o4LzzQTD2BS_GZUReY855gM7pUD8", "expire_date": "2023-09-23T01:54:24.381Z"}}, {"model": "sessions.session", "pk": "olzsbr95cqyrep68n9xw200ghljwqri9", "fields": {"session_data": "e30:1qcN2d:qPCOOGuRe8WXVVqbnawWAttqPYgJdztUF_SpSYamd48", "expire_date": "2023-09-16T09:35:43.978Z"}}, {"model": "sessions.session", "pk": "omisgfk1ehmz1o67ptvgimo2vr52olau", "fields": {"session_data": "e30:1qelfd:EhymRpbHoVh5c030n9igc7WGuFmw7rqdp4c5CBvGS_k", "expire_date": "2023-09-23T00:17:53.330Z"}}, {"model": "sessions.session", "pk": "onukfgrnpizk6d05cfae34a4l85fz70h", "fields": {"session_data": "e30:1qeWbL:9Oi4FCd86uXrImgFxQ8bUCMNMc5qG7OVGOaS9G5xrUw", "expire_date": "2023-09-22T08:12:27.880Z"}}, {"model": "sessions.session", "pk": "oonig2gtjccpy7hdkdkno1tcduswbw5b", "fields": {"session_data": "e30:1qeHA0:wI3SZ0J33P_NcDSxci3dKlvNblwS6We0fFEWBp-5OS0", "expire_date": "2023-09-21T15:43:12.500Z"}}, {"model": "sessions.session", "pk": "oooxi1gldttq5gk1urp94f6qmkms7wm8", "fields": {"session_data": "e30:1qeVut:1PSFYB8pHJ2hYX-gBU0LGRuaQsQ8_vZEpoIi7zLFGoc", "expire_date": "2023-09-22T07:28:35.975Z"}}, {"model": "sessions.session", "pk": "op4r8nqjdl0bgpt4ig7ovwztd4lt3ze5", "fields": {"session_data": "e30:1qegVs:DipdteCsLAWeGBKkIEy_0mm2eOJWR2_XVVWzI-PmJrY", "expire_date": "2023-09-22T18:47:28.311Z"}}, {"model": "sessions.session", "pk": "os8pzk56btzteq2xp448sq4648p1jola", "fields": {"session_data": "e30:1qd991:oKJzss4rsqrMnGv1QszPQgzZaEK1InZSeRTTpy9SHvQ", "expire_date": "2023-09-18T12:57:31.320Z"}}, {"model": "sessions.session", "pk": "osaod5jmv5w22zawy1cqc78vllsetl6c", "fields": {"session_data": "e30:1qdvGR:MIbfEtTzoYCbDt4AzoBT-znWoFvm-2agLcGrY-7lz-0", "expire_date": "2023-09-20T16:20:23.869Z"}}, {"model": "sessions.session", "pk": "oug02ru5hl0aacfux28339eaqs1zt15b", "fields": {"session_data": "e30:1qdzpV:_xcJfxChQahae4fYiVH-00ycnoLggcoc1aLwLJesyLU", "expire_date": "2023-09-20T21:12:53.564Z"}}, {"model": "sessions.session", "pk": "ovbbieyo1zunpci4rj8wrbaa4aa2ou7t", "fields": {"session_data": "e30:1qbhA9:O422HuaYDOkS9iWt1NRz1Mw9raSWuwYXMF6y3ue9XBg", "expire_date": "2023-09-14T12:52:41.426Z"}}, {"model": "sessions.session", "pk": "p33dzqfbqhjmgyf34xw61dh8obgd3jag", "fields": {"session_data": "e30:1qeF9Y:ogFZCRP1FkI0TtGFc-0dbvVHm5cqiJa5eeSoBLDwmv4", "expire_date": "2023-09-21T13:34:36.668Z"}}, {"model": "sessions.session", "pk": "p36h04i3qf8yd3flbu7i8yqi1828y04y", "fields": {"session_data": "e30:1qepFM:A4dLn6XbgRA9OqwC4iz2oH1grH3alAtYhd-M7U62y9g", "expire_date": "2023-09-23T04:07:00.957Z"}}, {"model": "sessions.session", "pk": "p3iv8r3x7rcn3ejpvh641s9ls6pdpczh", "fields": {"session_data": "e30:1qbMzR:lk9W5uWc0q6lmB2rp97qSp6ThiV5o3UHuZ8s43W_npE", "expire_date": "2023-09-13T15:20:17.125Z"}}, {"model": "sessions.session", "pk": "p58enedjsjhan31m8rvic2kebcxw94hb", "fields": {"session_data": "e30:1qcOCX:GHSsKO15EQ74laM3epwYdiFkKxn_Y1ND8KEyr6lPJB0", "expire_date": "2023-09-16T10:50:01.771Z"}}, {"model": "sessions.session", "pk": "p5spul5fnhzmh6jsf5dts404wtayz6u6", "fields": {"session_data": "e30:1qcFf7:0a6lHur4eTISE3QRtpa7onp_87P6w0v8ZofQnaJg5Cc", "expire_date": "2023-09-16T01:42:57.079Z"}}, {"model": "sessions.session", "pk": "p9x29qer86bp11pfdv1fgdwnf1lk7uwk", "fields": {"session_data": "e30:1qbHhX:vbvlL5dXBwxVgEjwW3hDAFKQCHjqmh-6ocJ9bRW6X6Y", "expire_date": "2023-09-13T09:41:27.347Z"}}, {"model": "sessions.session", "pk": "pf8mxjbssq8ot5jvog9hyh2jclybqfsz", "fields": {"session_data": "e30:1qc8gz:X6Ti_6xRVjuGbWqH56-b8YUpV4LSzGQ6en8iHXZEK3g", "expire_date": "2023-09-15T18:16:25.953Z"}}, {"model": "sessions.session", "pk": "pg6kxqjz1gny6cfazzls5czqbgzvnj2t", "fields": {"session_data": "e30:1qeU7i:QtlXFh2jvl28SEobfZOuSRVbVuPye49ZP_K1zspmz-E", "expire_date": "2023-09-22T05:33:42.878Z"}}, {"model": "sessions.session", "pk": "ppsk0mkgdmjdqkqu6niy2k71dxogebtk", "fields": {"session_data": "e30:1qdDoD:sR5mC7y-EcogrNOHjLWyjJnfEv6A6luWzYIpKYEfjIQ", "expire_date": "2023-09-18T17:56:21.231Z"}}, {"model": "sessions.session", "pk": "psl88kwwcx3c0y3715fw08z6c6dcxbvz", "fields": {"session_data": "e30:1qeVuu:ne4IdhHtIWPtGxzIrDGsKo6ms8UnQDUBMY_MLVSpADI", "expire_date": "2023-09-22T07:28:36.994Z"}}, {"model": "sessions.session", "pk": "pwdq5mj7dtv7y2nr8zb8q9fmflmy2e8b", "fields": {"session_data": "e30:1qd0Fc:mmUC7v8A5U4z_mE_QboiB94rQYCxXNvEWR_BlP7sm2w", "expire_date": "2023-09-18T03:27:44.692Z"}}, {"model": "sessions.session", "pk": "pwdw53215l1rnda0rbkvu33grl5kiifj", "fields": {"session_data": "e30:1qbAIa:qS3XqiSVFF8gjaX6ErXdwNpuqo7stC7C2yPhXwI-nJI", "expire_date": "2023-09-13T01:47:12.445Z"}}, {"model": "sessions.session", "pk": "pwl4c49kgc4pyfw414q5o7a3as5eq2bp", "fields": {"session_data": "e30:1qdkNk:KGvlcYJokCTCC-6aDRlmfWbNc_sSAo-J_ax3qGrU7BE", "expire_date": "2023-09-20T04:43:12.560Z"}}, {"model": "sessions.session", "pk": "pxy8ukzxk4nb7slb0x9nbq6qzt0d0883", "fields": {"session_data": "e30:1qcN2e:FOdhHylAAnjSznuAw2uzftdI7a-puoT2Okz6l_wiYgU", "expire_date": "2023-09-16T09:35:44.206Z"}}, {"model": "sessions.session", "pk": "q2sfq5flkcbh0h19at82cw85y8haxxj4", "fields": {"session_data": "e30:1qeVvz:2iyRFTcZ62QxNOwBk9R_ga--xiOhidiXC0k8UJ0Tb9E", "expire_date": "2023-09-22T07:29:43.130Z"}}, {"model": "sessions.session", "pk": "q63qhuysmu88fk74fcrqtn7c1fbhf4d8", "fields": {"session_data": "e30:1qel4l:Nx5WEqD5kTuGdSrkSmKH4l8SZW-FMD97v5PAZ7LNHPE", "expire_date": "2023-09-22T23:39:47.299Z"}}, {"model": "sessions.session", "pk": "q81yzwocdr1mjy9p54na4eej6g66dyhl", "fields": {"session_data": "e30:1qbles:esW2e0Mmw-86Uij8W5DOZaX2hgDwc7qqnplRKMv-yeY", "expire_date": "2023-09-14T17:40:42.220Z"}}, {"model": "sessions.session", "pk": "q844e32wl8f4xv7ialq3x06jr0ogwvm5", "fields": {"session_data": "e30:1qbd79:447BuQl-crDO7X4aunb4Am7CYgcE-chFKfK6mzSifCs", "expire_date": "2023-09-14T08:33:19.253Z"}}, {"model": "sessions.session", "pk": "qaxw3bn9jtvaw32r3nbsclnvpmrhaezq", "fields": {"session_data": "e30:1qeYBD:W_dWLkXCpkrdCZw7LpNGUTzfPeyd3xmaTO14bmbTQZw", "expire_date": "2023-09-22T09:53:35.918Z"}}, {"model": "sessions.session", "pk": "qbwnhsaqygkszrllcgpletq7jceh4kqj", "fields": {"session_data": "e30:1qdSll:nQPbsfR3HZR3QCR9EmMBOqAxwkGF3UweXmDCnJ7o1Ts", "expire_date": "2023-09-19T09:54:49.092Z"}}, {"model": "sessions.session", "pk": "qdg2m9h82wf4lg8axnzoh559kl4dsk5m", "fields": {"session_data": "e30:1qd5D8:UZSjeyQa6156Z70X6ziE2_AUJmA2bbFSi40rgyJkGZo", "expire_date": "2023-09-18T08:45:30.162Z"}}, {"model": "sessions.session", "pk": "qiysuwozyuq7va576l4d89e2aznd664a", "fields": {"session_data": "e30:1qdEHy:qYcgXX9QLBdbX7VgE66W6qJC5ra_G96QwAEAJI0SwLw", "expire_date": "2023-09-18T18:27:06.309Z"}}, {"model": "sessions.session", "pk": "qjlgijmzxj9zq5ithzioipzdu5llkn2l", "fields": {"session_data": "e30:1qeNLk:i50JMCJklOzAKDU2cNdt6tY1vj9jeNHbMAVm6n624ws", "expire_date": "2023-09-21T22:19:44.607Z"}}, {"model": "sessions.session", "pk": "qpgwe9vit7oohgcy3hxmhag0nk2j9xuc", "fields": {"session_data": "e30:1qblf2:7Nv8TjIxXhHmcnWRzYBrwSlcU9ztsvhUB36jatjdgwI", "expire_date": "2023-09-14T17:40:52.851Z"}}, {"model": "sessions.session", "pk": "qugz5gzdj84eavt7lnlgfx4z8o09ql3y", "fields": {"session_data": "e30:1qdjY9:AVmqpdB0eVGwK0A099oFp0yg7FpM1ZIB4mkObpIP7lg", "expire_date": "2023-09-20T03:49:53.572Z"}}, {"model": "sessions.session", "pk": "qveouq6pchdr2nyl8n1uyqqbnsty7vw7", "fields": {"session_data": "e30:1qbFGL:tJQFsNfHKZoa_S_cYrj3ad5Wh25xT4Lp9tZviQysxOM", "expire_date": "2023-09-13T07:05:13.171Z"}}, {"model": "sessions.session", "pk": "qwjhoy4sa2j7kbmcdc7rtby1b8nrstvj", "fields": {"session_data": "e30:1qe8Te:cUfyoaDwt_6ZiDj8aNe_5PbLHpVfSvmxlaL_hfUM05o", "expire_date": "2023-09-21T06:26:54.926Z"}}, {"model": "sessions.session", "pk": "r1c2tm1oi02lwbs2m0clzke3awneyao7", "fields": {"session_data": "e30:1qdgum:FsE8UZ7EHyJ5eCUVK0Ol59uKfriredrTXlCq1TDkDOg", "expire_date": "2023-09-20T01:01:04.883Z"}}, {"model": "sessions.session", "pk": "r1z2kzbbp0obcic7f35pme4e7bbbt355", "fields": {"session_data": "e30:1qd5XC:TneOaMzo1gaBDcov3gDnsYQ6nJHpFPN6Au9UKw1vEEc", "expire_date": "2023-09-18T09:06:14.324Z"}}, {"model": "sessions.session", "pk": "r23ncpr1d85ns77mdynzpf5fegkq9yoh", "fields": {"session_data": ".eJxVjDsOwjAQBe_iGlkJu_GHkp4zWGt7jQPIluKkQtydREqRtG9m3lc4WubslsaTG6O4CRSX4-YpvLlsIL6oPKsMtczT6OWmyJ02-aiRP_fdPR1kanmtyfbBMin2BINFbaFPdAVOJiiKA4Lxmiko1hY77Axoj0mvbkyQ2LD4_QH5Jjh9:1qebMI:oh8_EdsyDUcIp7pvToqvsRdnJ-yWeT0SyCaSZgYzr_M", "expire_date": "2023-09-22T13:17:14.305Z"}}, {"model": "sessions.session", "pk": "r8m2nl6nj4fxq3vql5mlnt5y7uu6uo5m", "fields": {"session_data": "e30:1qcnaO:q1V5eXhD43BcEHC9mjqn7opyCPoVDfEDj02TFdtTxuw", "expire_date": "2023-09-17T13:56:20.705Z"}}, {"model": "sessions.session", "pk": "ra5t2fq5xavd1nvwlu17ie5qkdet4jf7", "fields": {"session_data": "e30:1qeap2:Ugdf07AIZ6WLU-UCeHJp0M5IvStnPTW6G7bUMAeivaQ", "expire_date": "2023-09-22T12:42:52.433Z"}}, {"model": "sessions.session", "pk": "rlmk99i2uvf74woaql5kh95v1wnc4msr", "fields": {"session_data": "e30:1qcqaB:DhaefeR1MXTRtAeJKUeIv2vpQ4yMslmFKW7BTNVwSWM", "expire_date": "2023-09-17T17:08:19.418Z"}}, {"model": "sessions.session", "pk": "rmzhxdv1xia9eaca57mrvb5h3c6llahb", "fields": {"session_data": ".eJxVjEEOgjAQRe_SNWloYSh16d4zNDOdwaKmTSisjHdXEhay_e-9_1YBtzWFrcoSZlYXZVTzvxHGp-Qd8APzvehY8rrMpHdFH7TqW2F5XQ_3dJCwpl9NzrTgsZfe-kE4RsuGkRAYOwTngf0wjSQOTNsZkkmIHMHIiNF6YfX5AgKoOUw:1qakSK:dvbtkSEXk8kvWoOt4Zeo5UkfNpPK6jUad_8hakfsi2Q", "expire_date": "2023-09-11T22:11:32.755Z"}}, {"model": "sessions.session", "pk": "rq0jw7bqcmn1seu6guhshzo6r6206dt4", "fields": {"session_data": "e30:1qdzVC:1I0_i9pkLFUTnlJ1j02wElp90GRUGoJJVFu2S0390VY", "expire_date": "2023-09-20T20:51:54.136Z"}}, {"model": "sessions.session", "pk": "rqli2lcc6ll09ot3dmakqxs3i3oo8058", "fields": {"session_data": "e30:1qbcQf:mZyIf8ODpaMWY6yomnIfL2jSVg5doptvu0EGXqwQx6Q", "expire_date": "2023-09-14T07:49:25.987Z"}}, {"model": "sessions.session", "pk": "rqo6cgxuxib1alfcd9jnv72xm4wtfhd0", "fields": {"session_data": "e30:1qeYoV:npatn-AvbTI4gFSmkNzPZD8vLK7rtLGte7-nyyng15g", "expire_date": "2023-09-22T10:34:11.921Z"}}, {"model": "sessions.session", "pk": "rsi8sfvsiseptibz5q68apqse5nswb7q", "fields": {"session_data": "e30:1qcj72:A8OFWi67-VwD47bfCqLVm2TOqLMphNkxn-JCwtg9YE8", "expire_date": "2023-09-17T09:09:44.461Z"}}, {"model": "sessions.session", "pk": "rtb9sh2atznd4b62rqwketmk4qp3zny6", "fields": {"session_data": "e30:1qdEtp:FtpqATM3QA9tjnU3MDAh1u2ZIZGhGN5WWWskNCSiqes", "expire_date": "2023-09-18T19:06:13.919Z"}}, {"model": "sessions.session", "pk": "ryvkgm0o8xxx2kr9i4zfajrb1la6lxaq", "fields": {"session_data": "e30:1qenEZ:1GU7ieBpKccVfK1-V_F4YG0iT6Xer-9XkGm1loda0ZU", "expire_date": "2023-09-23T01:58:03.391Z"}}, {"model": "sessions.session", "pk": "rzwfzeqnwj2ghuj1wchv5ef1bwlh3vip", "fields": {"session_data": "e30:1qeYHh:ornBywPGGAFY1v3VRh-LzvRQC2f9Ygek6l8DJvX51Gg", "expire_date": "2023-09-22T10:00:17.410Z"}}, {"model": "sessions.session", "pk": "s05qj9uqgvvusg1vfa5cd5w177mebj8c", "fields": {"session_data": "e30:1qeBwx:q8pbWncaJkiwkOuYME_QKm4xzQeTInlqxYWckuclYFE", "expire_date": "2023-09-21T10:09:23.743Z"}}, {"model": "sessions.session", "pk": "s3pjxy7oiioxkceqa1us1qeep8stuvt9", "fields": {"session_data": "e30:1qebLa:4NjbgkQUZ8Nzvikcs70QAeH1PlKZeIRvCOVw77byhuE", "expire_date": "2023-09-22T13:16:30.733Z"}}, {"model": "sessions.session", "pk": "s3to20eim2sef5b84zmk3hsf165lcz9k", "fields": {"session_data": "e30:1qdvQt:khOtLyhJWfB0Y11npgorIb0lRZerDdf1qACiSfe79tw", "expire_date": "2023-09-20T16:31:11.485Z"}}, {"model": "sessions.session", "pk": "s8unikzj7k3gaojcupt6jonksdczhbro", "fields": {"session_data": "e30:1qcSnY:IXutrVTaHIRbu5E9BVFiWBZ1PCBVibSleU3OA5pqk-g", "expire_date": "2023-09-16T15:44:32.618Z"}}, {"model": "sessions.session", "pk": "s9mktp955hkqrp8ga2ov8mr1hvwk5u4z", "fields": {"session_data": ".eJxVjkEOwiAURO_C2jSFUtq6Mu49A_l8vi1aIQI1RuPdLUkXup038zJvpmHJk14SRe0s2zMu2O43NIBX8oXYC_gxVBh8js5UpVJtNFWnYGk-bt0_wQRpKmvs2qE3RiD1skZulVTtWYgWeEtNQ9w0FiXgQBxrqawkSZy4Uh2vkWq5SiONLuUI2QWv6QZuXr0PeLpXuId0KIHzkENcP97Y5wtPykpf:1qejsp:Su3C723Wz3eE-vAcRQ5TYhLFS7eGUfPOHSotqNo8F_Q", "expire_date": "2023-09-22T22:23:23.825Z"}}, {"model": "sessions.session", "pk": "salvrlib938302fo3yj2tedbd6sz3ccj", "fields": {"session_data": "e30:1qeIxN:4QJTSZG3_EDBfjT9PAE9sjzZl0AUacvL_0SChCBxMVY", "expire_date": "2023-09-21T17:38:17.324Z"}}, {"model": "sessions.session", "pk": "seevul7pbo998wok73uql450iwnxzwrs", "fields": {"session_data": "e30:1qeeuC:YRs9rZVkwXHpboX7d78RKmQCwUicfsEFSdMIUaGRrAM", "expire_date": "2023-09-22T17:04:28.422Z"}}, {"model": "sessions.session", "pk": "seruaxqxc4fxsln095cxmfkxcgsksxqw", "fields": {"session_data": "e30:1qbMUT:rMX_f7t_y6EwURx_rxLSMoeJgW7YzffZi_ggPvDE114", "expire_date": "2023-09-13T14:48:17.931Z"}}, {"model": "sessions.session", "pk": "sglxzkduedznsx2df4h1con2a3xdb7p5", "fields": {"session_data": "e30:1qcaWQ:G-LfEbQwR4FzfrNA8VHigKtm8k02wEZQPXdm3mKkPAY", "expire_date": "2023-09-16T23:59:22.627Z"}}, {"model": "sessions.session", "pk": "sizrhpa7bzy5qfpe4si7wrew9yek8h2j", "fields": {"session_data": "e30:1qcSBJ:XMMmvVBW5kqDzex999XfywFIKO_Wi1O_5BCdU30cWCo", "expire_date": "2023-09-16T15:05:01.581Z"}}, {"model": "sessions.session", "pk": "sj4xp4tksw3xj95ouvap8l04eqx2xeup", "fields": {"session_data": "e30:1qdnny:YpJmaYHEpLnjj3CbQ2UqVuChRz5ViSrJXynJeqoz4kc", "expire_date": "2023-09-20T08:22:30.749Z"}}, {"model": "sessions.session", "pk": "stac205stnexvspx4gu7zqu5suzmufce", "fields": {"session_data": "e30:1qcKKz:Ijjyp-7wA304PhWiXYr89bDg_Een--XsKSWCiXJMRtc", "expire_date": "2023-09-16T06:42:29.084Z"}}, {"model": "sessions.session", "pk": "svnublg2afnptx4jblbiu1z0e39se0it", "fields": {"session_data": "e30:1qbAOa:d34H2fOx_Hj31shWsuZQstP_Kp9XZYRV5LVTMC6aaxk", "expire_date": "2023-09-13T01:53:24.241Z"}}, {"model": "sessions.session", "pk": "swysj9xn5z8fohrvnug15int8dippzkh", "fields": {"session_data": ".eJxVjEEOgjAQRe_SNWloYSh16d4zNDOdwaKmTSisjHdXEhay_e-9_1YBtzWFrcoSZlYXZVTzvxHGp-Qd8APzvehY8rrMpHdFH7TqW2F5XQ_3dJCwpl9NzrTgsZfe-kE4RsuGkRAYOwTngf0wjSQOTNsZkkmIHMHIiNF6YfX5AgKoOUw:1qauQa:8HRrzdikFgmLjQpbZwtc2cqwiZ2wu1MaXKtTbDRjOn0", "expire_date": "2023-09-12T08:50:24.518Z"}}, {"model": "sessions.session", "pk": "sxyvjrnfhavx54gao2b9sm9do5p3bj74", "fields": {"session_data": "e30:1qe0kj:gROlIf1vWXZNCHaLzfvaSmKt0Xf0-yp27d9_D2Dct4c", "expire_date": "2023-09-20T22:12:01.105Z"}}, {"model": "sessions.session", "pk": "t2bd2k1fjazv2m3y4aob3e3xn3wrz2yu", "fields": {"session_data": "e30:1qc3Kw:7G52oD2Ct2OrFzXTq76y5qc90NtFRd_4OsGE2-Ox2Eg", "expire_date": "2023-09-15T12:33:18.532Z"}}, {"model": "sessions.session", "pk": "t2xg8c78dhjf0m6dia5stzqu4tvpavqu", "fields": {"session_data": "e30:1qen46:nAj72VClcynVic993HNubFgRxli4b56ab1GKULP52Hk", "expire_date": "2023-09-23T01:47:14.515Z"}}, {"model": "sessions.session", "pk": "t3t7c1wevsdn86aysfnwexna6o3byin5", "fields": {"session_data": ".eJxVjE0OwiAYBe_C2hCglIpL956B8P1J1dCktCvj3W2TLnQ7M--9VcrrUtLaeE4jqYuy6vTLIOOT6y7oket90jjVZR5B74k-bNO3ifh1Pdq_g5Jb2dYminTd2cY-9JTJGY5DGMQxiJAXFCMbAfKIaL13EKOFyAFcsGzRqM8X-jM4oQ:1qdQbq:Kq9pfcQwyr1eSm6g4J9h4LtXdIg56K69BXwBVZGYWSs", "expire_date": "2023-09-19T07:36:26.870Z"}}, {"model": "sessions.session", "pk": "t6e1hc97nqe4w84u01eynoc6gb1denv7", "fields": {"session_data": "e30:1qeXII:lImsUpdFpij7j1y1wwd2OgSZg9ls2EKM1TfooYlfmXg", "expire_date": "2023-09-22T08:56:50.123Z"}}, {"model": "sessions.session", "pk": "th5p617m2rmkn2evvtwl0tudto7cy3h6", "fields": {"session_data": "e30:1qer8M:2A31jCHS0OtIArrZRNdidYslVz0GT5qlBbdUGyvw7gQ", "expire_date": "2023-09-23T06:07:54.341Z"}}, {"model": "sessions.session", "pk": "thg88z8mcnzfcbbzktq0zh1ey5yo24ee", "fields": {"session_data": "e30:1qeIfw:2srfRQrq1FadVhU0aTNxnoIBbuOj70pnxiEbBpO63TQ", "expire_date": "2023-09-21T17:20:16.668Z"}}, {"model": "sessions.session", "pk": "tj9f3xh4mwpfeysopwya9jx10tvuxdwu", "fields": {"session_data": "e30:1qcnu8:WKEb48fw1mLrTicmGcQn5VNev1IXCplGGbXlDuulwDA", "expire_date": "2023-09-17T14:16:44.299Z"}}, {"model": "sessions.session", "pk": "tmzzywxn6zyz07e1c4m3287xxsctdi03", "fields": {"session_data": "e30:1qbBaO:eauWsH_pe4CYmtuvVuur6G_CZKSnFKMVI_TFY2J2LAA", "expire_date": "2023-09-13T03:09:40.045Z"}}, {"model": "sessions.session", "pk": "tofhurthb4360m9hyxzwpk5j335c8sbx", "fields": {"session_data": "e30:1qeNG9:JW02dHYwtVlxql9uUDNsWxUBO3couR6crcdks3dhaBM", "expire_date": "2023-09-21T22:13:57.602Z"}}, {"model": "sessions.session", "pk": "tr36kcpagjwa7b63ea6arl25gf1irxmf", "fields": {"session_data": ".eJxVjEEOgjAQRe_SNWloYSh16d4zNDOdwaKmTSisjHdXEhay_e-9_1YBtzWFrcoSZlYXZVTzvxHGp-Qd8APzvehY8rrMpHdFH7TqW2F5XQ_3dJCwpl9NzrTgsZfe-kE4RsuGkRAYOwTngf0wjSQOTNsZkkmIHMHIiNF6YfX5AgKoOUw:1qauQb:SZdu2r48gnkCTwVIjpX20YdLAItsjp8Dw4ve7KzEsU8", "expire_date": "2023-09-12T08:50:25.168Z"}}, {"model": "sessions.session", "pk": "twx8m1fy56ydo6ywydphxspfjlwtjsd8", "fields": {"session_data": "e30:1qclIv:gWVJUpDl9ZZa-TmqqJAlr9o9-0VK5bcPrRhpvZT8Jic", "expire_date": "2023-09-17T11:30:09.202Z"}}, {"model": "sessions.session", "pk": "tx5nhduoapduh48ck86h5gdwkdacf1l8", "fields": {"session_data": "e30:1qdJ7W:Of4aRFPxUtVpxOygtduqxfXgCzicbMWLLe-DywbNx4Y", "expire_date": "2023-09-18T23:36:38.310Z"}}, {"model": "sessions.session", "pk": "ty9hgvlg3bt4058xqgjaanegvlb1qn2n", "fields": {"session_data": "e30:1qeOqC:C7WqrGosWlg7Y6OdWmNdaK3TR3BQKwn5PncjwcORugU", "expire_date": "2023-09-21T23:55:16.963Z"}}, {"model": "sessions.session", "pk": "u4waktsqi02emmthdwlvqklnu4t4mmff", "fields": {"session_data": "e30:1qeP6k:W8Rut8pGVanf49lTOCzlmN-aog4TSaEjg9ff28V8BDI", "expire_date": "2023-09-22T00:12:22.707Z"}}, {"model": "sessions.session", "pk": "u7bz3v360squdz6c77m7h6nxgwpgy1zt", "fields": {"session_data": "e30:1qekkD:0VmrPFNhQtHpWiK6a-sGJMDxmoB6o0_vUFWAybGC5tU", "expire_date": "2023-09-22T23:18:33.773Z"}}, {"model": "sessions.session", "pk": "u929hxpeicwl0vu0tphgdxh3tcrzkjyl", "fields": {"session_data": "e30:1qeIl9:NpHOB9qLUGZwbNms7YZngERCsa_qmQP04JIvVhz8FDw", "expire_date": "2023-09-21T17:25:39.037Z"}}, {"model": "sessions.session", "pk": "u9lstqyk4xt3n01ec3kcarxumlf00tjl", "fields": {"session_data": "e30:1qeQrG:BWqeE7RxgG-h_J64d4p7UtGAbD_N-05tUCqkntoIg-Q", "expire_date": "2023-09-22T02:04:30.575Z"}}, {"model": "sessions.session", "pk": "uargini6d4lodp2effq2pdoy47nrelml", "fields": {"session_data": "e30:1qdqzV:91-uXaGzjlDkGqxlfAbxYLnSmuU2m5CgZL6gZhglM7w", "expire_date": "2023-09-20T11:46:37.231Z"}}, {"model": "sessions.session", "pk": "ud469ubygptmqvuf1kb4r2dsh51ptx4m", "fields": {"session_data": "e30:1qcCFA:cfJX31YYhxgC7efYWesaM0pRMBYfI13aEUCx6HPIEnA", "expire_date": "2023-09-15T22:03:56.681Z"}}, {"model": "sessions.session", "pk": "uf0nrl6a0dmvhgdsv3lwjfjx9bs8llfv", "fields": {"session_data": "e30:1qcqaA:CblfowK2w0dm_h33-9xi5Hwk-cWQiYz47E11_nE0Qok", "expire_date": "2023-09-17T17:08:18.229Z"}}, {"model": "sessions.session", "pk": "uhdtmz1aroegm99cnlhb9kk3qb48445p", "fields": {"session_data": "e30:1qcaJB:0Q5D70bzvfXWvLugcIqViq-qEAEr0xJouStLLhULLVA", "expire_date": "2023-09-16T23:45:41.761Z"}}, {"model": "sessions.session", "pk": "ul6ae8dd8e45l1ashf4p27g2htkx7psp", "fields": {"session_data": "e30:1qdWYa:wHWScIiuRB1zUExH87qq2_GoWBamtGjQyHCI2b_4mK0", "expire_date": "2023-09-19T13:57:28.229Z"}}, {"model": "sessions.session", "pk": "un9tqke236uko5ykkkp0rd8b9ua01i3v", "fields": {"session_data": "e30:1qeX2q:oDXf8-K4rvn4TTUlSe4aF9jLnbrsrrj9DyP6GL1UR6Q", "expire_date": "2023-09-22T08:40:52.324Z"}}, {"model": "sessions.session", "pk": "urbr0wwfvny3wa4eyv3hvpipqrjgbj78", "fields": {"session_data": "e30:1qc6Fr:iYI8Yo-H_GVNFAlaLz4IrHErDbuayDwC4Jxmv2q1VbI", "expire_date": "2023-09-15T15:40:15.760Z"}}, {"model": "sessions.session", "pk": "urw3b7714l51ud4zjocph7ocx4aev5md", "fields": {"session_data": "e30:1qdjYP:okeM3lQf5KrxJDzyoMHBrEclI5Jh5b5pFQb-62S0jfk", "expire_date": "2023-09-20T03:50:09.084Z"}}, {"model": "sessions.session", "pk": "ush5cbbz3ta1618bwq4b5pdaji0c7gnp", "fields": {"session_data": "e30:1qcvy3:YE0dRTgV48bsVeNkFmOfW5k7F6mqaLEJ5DFJdjRa8q4", "expire_date": "2023-09-17T22:53:19.368Z"}}, {"model": "sessions.session", "pk": "uvay27jnd3c1ir1ywkar55x7eigbxvhx", "fields": {"session_data": "e30:1qbp6W:Cec5E3ha4bYPxFlBMPCNPAQW3uNCt1h_v3R8HV2mrbk", "expire_date": "2023-09-14T21:21:28.085Z"}}, {"model": "sessions.session", "pk": "uvqxe0bedfk1qcofxuir7lpfug8hjmsg", "fields": {"session_data": "e30:1qeWdP:uexV_Hy_GvOo_wJutAgBuTEVyUv_QHnBPO7GOPvndt0", "expire_date": "2023-09-22T08:14:35.041Z"}}, {"model": "sessions.session", "pk": "ux23is2v686npnnve5jfp5vfmhzzpj8j", "fields": {"session_data": "e30:1qen70:TMOqmtSH20sHjCfLZBN7g9XeMisn3kem5gevfLSNS7w", "expire_date": "2023-09-23T01:50:14.467Z"}}, {"model": "sessions.session", "pk": "ux7xbdntfcyvbyl0mhj9nk59hszdk3tr", "fields": {"session_data": ".eJxVjE0OwiAYBe_C2hCglIpL956B8P1J1dCktCvj3W2TLnQ7M--9VcrrUtLaeE4jqYuy6vTLIOOT6y7oket90jjVZR5B74k-bNO3ifh1Pdq_g5Jb2dYminTd2cY-9JTJGY5DGMQxiJAXFCMbAfKIaL13EKOFyAFcsGzRqM8X-jM4oQ:1qeIqZ:7JGcK3wS92hYzjoZkIfo-z4Kom-xzuIMl-XlXoTdmjg", "expire_date": "2023-09-21T17:31:15.360Z"}}, {"model": "sessions.session", "pk": "uzxyvjcflckce4chug7a1o5ojlm67dgh", "fields": {"session_data": "e30:1qbNtR:NR47JNfnsoZhCQ9TtHzERA6aGJoB079j-wDb-p-8R48", "expire_date": "2023-09-13T16:18:09.981Z"}}, {"model": "sessions.session", "pk": "v4nieenjrhfo6x5jmiggw6crwosv83e5", "fields": {"session_data": "e30:1qepz8:9g5iZT8w5shN7z3MLjz1A-f2-wnyaw2Y0pkaY514Dm4", "expire_date": "2023-09-23T04:54:18.826Z"}}, {"model": "sessions.session", "pk": "v8pl6s7l8ukj6so0mwk4li6vjqie21xp", "fields": {"session_data": "e30:1qdjSG:2-BQCEz1tQ5gQrVq9F8btALHUBu68E4LEbYXI9HPk0g", "expire_date": "2023-09-20T03:43:48.145Z"}}, {"model": "sessions.session", "pk": "v93rmbb8a8ymui6z4x1zrp02xn8yy5ua", "fields": {"session_data": "e30:1qeW5y:Nr47H79-ax1ZlraY4hxaFdVHREkncsYIZ19L0CPrir0", "expire_date": "2023-09-22T07:40:02.076Z"}}, {"model": "sessions.session", "pk": "v9vsx8dl7c5anr03iyvvb28we2e42jcw", "fields": {"session_data": "e30:1qbaOe:mNayh5ewPH_ovUoJ5nojVbb4hiTBnL2J6m7vxa7awu4", "expire_date": "2023-09-14T05:39:12.203Z"}}, {"model": "sessions.session", "pk": "vfckfvsfw8smsyutr6jbn9bkuywojhmd", "fields": {"session_data": "e30:1qenKD:5d2ihl4UtMbnyNtw6zCbSxRBcNK1286HUyM0pAMBOUQ", "expire_date": "2023-09-23T02:03:53.066Z"}}, {"model": "sessions.session", "pk": "vgp1t8l2fjylxhaovclwj3ph19sk8p8v", "fields": {"session_data": "e30:1qdzVA:FsBbl2nsMF6IVZ5YJiqTyvu7PsMt-SEK4wbDxc3d-wE", "expire_date": "2023-09-20T20:51:52.890Z"}}, {"model": "sessions.session", "pk": "vhamic8u8d3d39ndejs3rfw570zyv3vk", "fields": {"session_data": "e30:1qczCw:lXTVW6X5xOsNYJP_bBKpAywYSLF4Vd6eX7Mv9O9l-JE", "expire_date": "2023-09-18T02:20:54.011Z"}}, {"model": "sessions.session", "pk": "vhdzbvd4br1ysdz4317ttdq3zb9dl804", "fields": {"session_data": "e30:1qeIdb:zg-rpvf2Gl6zEkm0LbYRixTr27rz7cC2mYy1JKtOwNI", "expire_date": "2023-09-21T17:17:51.326Z"}}, {"model": "sessions.session", "pk": "viwqzbtr6c2u1d8xz4jefttcuxe5uflw", "fields": {"session_data": "e30:1qbaOc:kMs0ZdjsvBBWCISfoXvlDNC6YVHOREb5rZ_EUkiHFmk", "expire_date": "2023-09-14T05:39:10.938Z"}}, {"model": "sessions.session", "pk": "vjboxm32qpxurh8vbsquuzca4r0ckgea", "fields": {"session_data": "e30:1qeW1E:0W9BWpjjreJYysA2uIVzbKFo-pfVVUu9Saj8RUSES0A", "expire_date": "2023-09-22T07:35:08.092Z"}}, {"model": "sessions.session", "pk": "vlx5kh8r7xbqx1lx8lj5d6l0snmq7q8e", "fields": {"session_data": "e30:1qe4LJ:nOJCQIFBxygQNoFaTqHpCwWATxgFT3O9XILNVY3Ejk4", "expire_date": "2023-09-21T02:02:01.513Z"}}, {"model": "sessions.session", "pk": "vq15ccnf9rg4t5savjduex8ntxuqndmf", "fields": {"session_data": "e30:1qeVvs:TrDYAD9BNYS--XuKuNVCC0vR72T_PDdEwTZznm0kHq8", "expire_date": "2023-09-22T07:29:36.568Z"}}, {"model": "sessions.session", "pk": "vrui098sdiqd76sgfotlcyqtjzi4cdh1", "fields": {"session_data": "e30:1qelbT:T1A4YkaAgB7NCnnQS8b1nhuB-PjIAGxd9qp2AFIYdYE", "expire_date": "2023-09-23T00:13:35.236Z"}}, {"model": "sessions.session", "pk": "vu9ooz0d97zun0v1o7pjk3tftf804iw6", "fields": {"session_data": "e30:1qdgSE:EtCBdAMBGY2UdmqYAWDZADA4KIeCDNDncDD6-37ncRI", "expire_date": "2023-09-20T00:31:34.892Z"}}, {"model": "sessions.session", "pk": "vvwh630i03fllrkde8y7yd5c5k1ne3ch", "fields": {"session_data": "e30:1qeJPX:e_JvUqhrmnhaEhvhYojDGIE1T4KhsRpgUS3n5Oax1gw", "expire_date": "2023-09-21T18:07:23.773Z"}}, {"model": "sessions.session", "pk": "vxs7hjm4x94zsqi0759x1ynm5nwgymh2", "fields": {"session_data": "e30:1qblfG:zlkxK_P-qnoM_pp7buPrA0fsFW7eIJjtsoLB0yNyZ8g", "expire_date": "2023-09-14T17:41:06.028Z"}}, {"model": "sessions.session", "pk": "vz51ptms8mck50gfwqokuxjt8jxhtron", "fields": {"session_data": "e30:1qcnXP:drpoSqWH0Lxklb3e4-T66BwR--IWw08EWzgnCHfcON8", "expire_date": "2023-09-17T13:53:15.630Z"}}, {"model": "sessions.session", "pk": "w254td5l7n1wp4a4n5jtly9lvobwwsvm", "fields": {"session_data": "e30:1qcXn2:jvyHXqBkRzHwQPPGh2bwBzaTqO5yZFMUD9C_DveYVmk", "expire_date": "2023-09-16T21:04:20.379Z"}}, {"model": "sessions.session", "pk": "w5msnf25n3nttex2ts16fa9wsl18p0j9", "fields": {"session_data": "e30:1qeSjy:JukfwJBIIieZRZQNUif4Po7zKoZuQATHTDlElrcCaTo", "expire_date": "2023-09-22T04:05:06.503Z"}}, {"model": "sessions.session", "pk": "w695q6pfjw7emji76q00vc1vz3mn7iuj", "fields": {"session_data": "e30:1qeVvv:zDTSEAM3wJJOFLCBlLrH9JKWZ74hI1a5OKutiYXIXE4", "expire_date": "2023-09-22T07:29:39.115Z"}}, {"model": "sessions.session", "pk": "w869bo8f4v5ob7xc1zzd2xnzgo6yx0z5", "fields": {"session_data": "e30:1qc2nE:rrRMVis3WdmICm2olkiPXJOu87_Fa8ZTYZqhzEO4AYM", "expire_date": "2023-09-15T11:58:28.280Z"}}, {"model": "sessions.session", "pk": "w8y3h5u9dmz7bcfirs06ccwwra4lp3ec", "fields": {"session_data": "e30:1qcZzk:UjzsQvQJwRjJ8_zCnbSvEevNErqx3XHmqAml9rgM5fQ", "expire_date": "2023-09-16T23:25:36.058Z"}}, {"model": "sessions.session", "pk": "wfsmdcmtofyqbkdak9xh7uy60ev783w2", "fields": {"session_data": "e30:1qdvGi:4P9ZwPAzryKrbKYOPff-YzwswOPlGMKWnzT2D9LSaDk", "expire_date": "2023-09-20T16:20:40.388Z"}}, {"model": "sessions.session", "pk": "whpk3rd5tnte2kgvn4xwuitskf5z91ie", "fields": {"session_data": "e30:1qeDy7:LbCE6rFfJPATn8hAVnniUnPYZxLJnjn5dkU9dnUyRi0", "expire_date": "2023-09-21T12:18:43.405Z"}}, {"model": "sessions.session", "pk": "wlfbia3vci4757j4cr8kc4bd8xcrvfau", "fields": {"session_data": "e30:1qcqCm:JZg1TxbninWpv9Pzhtg5OqP1U_eAZTKbiod8W6mkT4I", "expire_date": "2023-09-17T16:44:08.145Z"}}, {"model": "sessions.session", "pk": "woonihqgwgi1o5paudo4a5e3wo05r9cc", "fields": {"session_data": "e30:1qbEKk:Dp9BEiYiSmozXOOHMB_NLlRVc2sc9Lr02yE6S3wayO4", "expire_date": "2023-09-13T06:05:42.560Z"}}, {"model": "sessions.session", "pk": "wqf55q5kywfuvy5vv1bclruq0121v72e", "fields": {"session_data": "e30:1qdoPg:hzbisn585F_eVi5C55o48F2BRFeu7mQ55NEzt0YLt7c", "expire_date": "2023-09-20T09:01:28.160Z"}}, {"model": "sessions.session", "pk": "wwk8k2jyax4ngnpnlgg7earzoqeitgu6", "fields": {"session_data": "e30:1qd0Zi:PcX6CnjxShWHCSXUUc_N3GD6K4SEeR0Ce_-WYXRtrSM", "expire_date": "2023-09-18T03:48:30.200Z"}}, {"model": "sessions.session", "pk": "wx70bjo1iiva1yf0n3s2wlyk6eegggrx", "fields": {"session_data": "e30:1qc7gk:lMj4-kkp2VRvxcnIXXa3lpbV8lG9R1ef5oZEUX-EWAA", "expire_date": "2023-09-15T17:12:06.508Z"}}, {"model": "sessions.session", "pk": "x0fkb9a7uqpaegk1kjcgujg4d8jkjhpi", "fields": {"session_data": "e30:1qdVRW:5keHm8Jqp6z5qMfY7kHYfzT_cKpw6oScFtUgEy6P9cU", "expire_date": "2023-09-19T12:46:06.640Z"}}, {"model": "sessions.session", "pk": "x4b5r16hphjnq0jwwd3z971wikhq5ajn", "fields": {"session_data": "e30:1qd7gE:tWeLkiID_xoRhWYxfGdODR2cnnrriTzwhsHuoCNNOD0", "expire_date": "2023-09-18T11:23:42.094Z"}}, {"model": "sessions.session", "pk": "x631sen8r1p6xvcsdlijspbu6o4bov2l", "fields": {"session_data": "e30:1qeYBK:7uBhbMqaRcINuuMNsjZKxPE75V1B7JQf7rNSxLUn-Hc", "expire_date": "2023-09-22T09:53:42.781Z"}}, {"model": "sessions.session", "pk": "x72kjt9ljpmmdbl24me2ngdcgvtfh2nn", "fields": {"session_data": "e30:1qc6Dc:DnrIGyhnoRo8-LCr3bNi68aIGbqHBZMMbT2W9RfgpSc", "expire_date": "2023-09-15T15:37:56.543Z"}}, {"model": "sessions.session", "pk": "x8hojkhzql3x08uvmferltfnjf5d561a", "fields": {"session_data": "e30:1qeYz2:GaqH9uQtUEq4r_GV3ONSWD7R6cZr3dJ_oTckZcUWggY", "expire_date": "2023-09-22T10:45:04.726Z"}}, {"model": "sessions.session", "pk": "xb03b758yjfbvz7ikk6mp8dnczdjt4y4", "fields": {"session_data": "e30:1qcORp:a1eOh-izl4IeHDY3u_OcpVoXYgFiGh_j0OBXXb7Odd4", "expire_date": "2023-09-16T11:05:49.599Z"}}, {"model": "sessions.session", "pk": "xc5j64hl0o895abifw7q36qg09qpgeq1", "fields": {"session_data": "e30:1qbccb:OcpyUZK2Ehh8TuD93fjjb0dwbSS1utlmNcxLU3j4ZI8", "expire_date": "2023-09-14T08:01:45.554Z"}}, {"model": "sessions.session", "pk": "xe5gbxm48kxlszusllzw410rh3npk1yx", "fields": {"session_data": "e30:1qcRvt:2JMR9DeaveQYuTp48mjtC59Fqs3IhJ0sLOHQvo7fqPw", "expire_date": "2023-09-16T14:49:05.501Z"}}, {"model": "sessions.session", "pk": "xewp07235sqe3kof8d4xfprrl5k9n2m8", "fields": {"session_data": "e30:1qeBBQ:slRXu1Q42-uPv4vemDckALGBkmjcQUWnzQGDJ2dkfv0", "expire_date": "2023-09-21T09:20:16.186Z"}}, {"model": "sessions.session", "pk": "xhlb112f7a0lur1qvlw8b8t5g89gw649", "fields": {"session_data": "e30:1qdVtp:3ReL4zd3aYP6Je2nUoPF8PpOnrvRC9poRLQlxCWfhBU", "expire_date": "2023-09-19T13:15:21.148Z"}}, {"model": "sessions.session", "pk": "xhr24o1wunmcg8gdayhkyvnvon7ijns2", "fields": {"session_data": ".eJxVjEEOgjAQRe_SNWloYSh16d4zNDOdwaKmTSisjHdXEhay_e-9_1YBtzWFrcoSZlYXZVTzvxHGp-Qd8APzvehY8rrMpHdFH7TqW2F5XQ_3dJCwpl9NzrTgsZfe-kE4RsuGkRAYOwTngf0wjSQOTNsZkkmIHMHIiNF6YfX5AgKoOUw:1qbG0W:kH_9YrHF2eGPV48T56nn4NyP0BsYDWGAlqVPyLNGJaI", "expire_date": "2023-09-13T07:52:56.559Z"}}, {"model": "sessions.session", "pk": "xihkinw4emwbucuh0b0h07i08x79ljq1", "fields": {"session_data": "e30:1qcnaN:-cURiF9asbmIVO9gm-3jFjCVR6nVfS_e_3CRcuxBd_E", "expire_date": "2023-09-17T13:56:19.360Z"}}, {"model": "sessions.session", "pk": "xjryp0degoxx2kmgg1d8togod27v99g3", "fields": {"session_data": "e30:1qbpTI:AsLAQP1MgSRGVlDBaqSR5Cv90WxE0b7JjkIVbJ7OlSM", "expire_date": "2023-09-14T21:45:00.853Z"}}, {"model": "sessions.session", "pk": "xka3c0cr4be9s6c6c98vt5xf3gwejtu9", "fields": {"session_data": "e30:1qd21a:ALh_JeyIzb652aUz7m_FIYwUYIGJQEZp2XascPOBfrM", "expire_date": "2023-09-18T05:21:22.496Z"}}, {"model": "sessions.session", "pk": "xl6414ivc78b33s1p42703o6nndz22re", "fields": {"session_data": "e30:1qdURv:-I8HACr9xQQ0E5AwJ5SpRvJnskmB_8E3MKeuCBdazko", "expire_date": "2023-09-19T11:42:27.056Z"}}, {"model": "sessions.session", "pk": "xm55bpbawtf0o9xvnr0unfo0kho55f7i", "fields": {"session_data": "e30:1qbYUp:uwAxOMLF2q2Z0oSFWKXSs5fWs71rpGwLXoL9yh-cDAs", "expire_date": "2023-09-14T03:37:27.500Z"}}, {"model": "sessions.session", "pk": "xnqn1kso69s1bfyfc4bl18b94152kl7k", "fields": {"session_data": "e30:1qchzW:3GNGjvP8ujyOewDXJhHABLcBgoBK7nE7R-9DroACYDY", "expire_date": "2023-09-17T07:57:54.582Z"}}, {"model": "sessions.session", "pk": "xomas0sg50s5yu0vwf2w7l059jeb5m59", "fields": {"session_data": "e30:1qdgSD:t5JcMbCIr6UNwjn68gz5yTORJA2YNJnK0nSf_shGDkI", "expire_date": "2023-09-20T00:31:33.637Z"}}, {"model": "sessions.session", "pk": "xp6zayervr46gdyg7jvz55ve9itdlrjz", "fields": {"session_data": "e30:1qcNzs:nE5NYGCzdVPHnHpiptEA52q9ST29DYTTqVmHgv9nf-U", "expire_date": "2023-09-16T10:36:56.462Z"}}, {"model": "sessions.session", "pk": "xqzw8uzqhwfk135b8qgv6l59yrh4j9yc", "fields": {"session_data": "e30:1qcUJS:YevhSxrgL3u29FvYxMGaZ-8x1oYv3T2AIMjCkXcddis", "expire_date": "2023-09-16T17:21:34.109Z"}}, {"model": "sessions.session", "pk": "xsl4ds4jjfm23x3v846zvm9qzzhdopb3", "fields": {"session_data": "e30:1qdjP6:ecxfGSVwJunU9A4eHViuEcXY0RFDOB8WgQyxlVT5aqI", "expire_date": "2023-09-20T03:40:32.371Z"}}, {"model": "sessions.session", "pk": "xtb763fahdmr2q9b0h21o8arqutdyad4", "fields": {"session_data": "e30:1qeVw1:MJKh-46QrDl9caov4_oTJn1ZZh4EiQi2juLQ3RDJGLs", "expire_date": "2023-09-22T07:29:45.097Z"}}, {"model": "sessions.session", "pk": "xtx4vx4xzyl3ofj9w8w4uzp8nyktmeac", "fields": {"session_data": "e30:1qeWzi:s1faNapdeECu8DOzISTis3tY4Wzj_X2GiOKmlMCVXd4", "expire_date": "2023-09-22T08:37:38.738Z"}}, {"model": "sessions.session", "pk": "xyzk5d2pnbay036klp510wvt7g1oex5o", "fields": {"session_data": "e30:1qeVvr:CzqYrr2Su2VSKO4F3KDlSH40q0Hn421Mv5KrjgCloC0", "expire_date": "2023-09-22T07:29:35.109Z"}}, {"model": "sessions.session", "pk": "xzfv7xraw79i0z5yr77fi6n7zeibn9cz", "fields": {"session_data": "e30:1qeWCX:1PxEWBHjrs9vex1q_ueVdlHNe4JBxt78pf894xSPvHg", "expire_date": "2023-09-22T07:46:49.609Z"}}, {"model": "sessions.session", "pk": "xzsj0ilj98ggyeje5721lrkiggyfao5h", "fields": {"session_data": "e30:1qd0u0:PRMPRmLJ2NGOdSNvmuVaH9NHYbkKGZxO_OQSIuhVy2g", "expire_date": "2023-09-18T04:09:28.368Z"}}, {"model": "sessions.session", "pk": "y1cl3sxrk7ym6y7oz6ntxik085um97b2", "fields": {"session_data": "e30:1qbJwo:pJX1dp9r1AP9U-j3iy0api5DyGfiQkgQTq1WPFwdTzw", "expire_date": "2023-09-13T12:05:22.620Z"}}, {"model": "sessions.session", "pk": "y1mi01ktqk0c2ii38hoyrei3djm9857u", "fields": {"session_data": "e30:1qdLtH:Hzk5yIEIKXd2IQdDPTFOvC77ufhD9Rfj_rI-YRr4YVs", "expire_date": "2023-09-19T02:34:07.986Z"}}, {"model": "sessions.session", "pk": "y20taz8lwshdqgjrs5j4t6qtpz8gtule", "fields": {"session_data": "e30:1qe0kk:4k6b5V33XKkmo_U5dDddI3WWVMGO2wjFxseIJqX-MC0", "expire_date": "2023-09-20T22:12:02.334Z"}}, {"model": "sessions.session", "pk": "y521kcbe0xwdqh8bjbb4bdt3p9u5vs02", "fields": {"session_data": ".eJxVjE0OwiAYBe_C2hCglIpL956B8P1J1dCktCvj3W2TLnQ7M--9VcrrUtLaeE4jqYuy6vTLIOOT6y7oket90jjVZR5B74k-bNO3ifh1Pdq_g5Jb2dYminTd2cY-9JTJGY5DGMQxiJAXFCMbAfKIaL13EKOFyAFcsGzRqM8X-jM4oQ:1qcl8F:y775i4u2loYPZRzeI5G6ZNPZmz-Sm4hA00xzAfDa6Wk", "expire_date": "2023-09-17T11:19:07.088Z"}}, {"model": "sessions.session", "pk": "y53bolgn6wz8s82k8k3w04mt1ft95mnh", "fields": {"session_data": "e30:1qd57r:9IWvHIt3yDOk8hK_RfAzRyplIbDrJT6EGaqIQatg3Ik", "expire_date": "2023-09-18T08:40:03.422Z"}}, {"model": "sessions.session", "pk": "y6trhyqln55to52gghvn76ss4ihe63ny", "fields": {"session_data": "e30:1qc643:a3go_2imoCkl3qHELPV7h0_fL8CF1BPkqQw9XaFQa6g", "expire_date": "2023-09-15T15:28:03.648Z"}}, {"model": "sessions.session", "pk": "y6zwwy1dd3l45i29qnomw4yy7ra56wa9", "fields": {"session_data": "e30:1qdm6v:8IQBSnRXe4GeLOrveadEX1Mzmg609y8rvqIMUxfDKW0", "expire_date": "2023-09-20T06:33:57.137Z"}}, {"model": "sessions.session", "pk": "yau9f12hq0qvehz676lzs3c3p13tdd6y", "fields": {"session_data": "e30:1qeW7B:l9SN7kKtsBcF2ptC07SQyx68j89sf2ThLylDmp7f7kU", "expire_date": "2023-09-22T07:41:17.130Z"}}, {"model": "sessions.session", "pk": "yc3j8itsvq7cm7cu06bpogpwfosm245f", "fields": {"session_data": "e30:1qdnUo:9jk59xgqVaNB1mWmhP3zGjG-JtyxWn6FDVWsX0wbLak", "expire_date": "2023-09-20T08:02:42.779Z"}}, {"model": "sessions.session", "pk": "yjwquf4dw403rqxy9umycdl9a6znnkpm", "fields": {"session_data": "e30:1qcUa2:viKlWNwOt4mBooKwz36VT4aIQUTHEkDcRmy8Yg_bQq8", "expire_date": "2023-09-16T17:38:42.868Z"}}, {"model": "sessions.session", "pk": "ykx2n77dn3lnkrd7guwe0aof843dxyq1", "fields": {"session_data": "e30:1qc6Dg:t3qyRaIiPqiwCf5gK7i-zxuYGZWVU7VkaEtSFT9U1hk", "expire_date": "2023-09-15T15:38:00.481Z"}}, {"model": "sessions.session", "pk": "ylv9ltekcgk098vsa76yuos4pfw5d8yh", "fields": {"session_data": "e30:1qbI9O:kV932ufcspRJn1MPTu0z4Y_ElbzEM_cd5NGownKEZVk", "expire_date": "2023-09-13T10:10:14.210Z"}}, {"model": "sessions.session", "pk": "yoayseajwbjq267ymwwmphjbz5cxi9ap", "fields": {"session_data": ".eJxVjEEOgjAQRe_SNWloYSh16d4zNDOdwaKmTSisjHdXEhay_e-9_1YBtzWFrcoSZlYXZVTzvxHGp-Qd8APzvehY8rrMpHdFH7TqW2F5XQ_3dJCwpl9NzrTgsZfe-kE4RsuGkRAYOwTngf0wjSQOTNsZkkmIHMHIiNF6YfX5AgKoOUw:1qbFlT:e2w277K_QTKmwCLWES4gagFkMzh17FQ6AMOAR7DsKlM", "expire_date": "2023-09-13T07:37:23.775Z"}}, {"model": "sessions.session", "pk": "yucq9b2cd511u9e0h8yiqjkwzsvxe3qp", "fields": {"session_data": "e30:1qeJb6:tJsI46_F1hgwcJ895sEdBhY1fwu4BtsDD7pRtmCZC2U", "expire_date": "2023-09-21T18:19:20.999Z"}}, {"model": "sessions.session", "pk": "z2baixvhxb5jzkjrn8ppn76tj5q2m8bl", "fields": {"session_data": "e30:1qcNK8:HP2ABYr3Rn2l4W9DiCQbqzcrgq7toXibUYbPTVucqgE", "expire_date": "2023-09-16T09:53:48.467Z"}}, {"model": "sessions.session", "pk": "z2ialcx4185pn4cwhl4td7fkdqx4fe83", "fields": {"session_data": "e30:1qcN5i:QPaWOjD0DC9keH1IjMDKM68OvTTyoHcpBfBKk-Z3Mdw", "expire_date": "2023-09-16T09:38:54.719Z"}}, {"model": "sessions.session", "pk": "z4apy8yib488p9jop8rykziu65a8sih8", "fields": {"session_data": "e30:1qd21X:8hnhTx1GJ1UMm7Z1kddfu_9wblaDQeiQCSDv_WMiOjU", "expire_date": "2023-09-18T05:21:19.743Z"}}, {"model": "sessions.session", "pk": "z7rfq9yhu8jediecewmy6sy02gw3dk7o", "fields": {"session_data": "e30:1qboFE:wNEQ5TppS5acf1I4QfRiWuTRxfjeHxFdHjr7QqbJPWc", "expire_date": "2023-09-14T20:26:24.919Z"}}, {"model": "sessions.session", "pk": "zbrhk7guoy1m9k4j6dhcyqsqavsh5lia", "fields": {"session_data": "e30:1qeVw0:0rFLpnqyZT7fVmfMG9sMiGDXsttong9BuFvqDPS79HY", "expire_date": "2023-09-22T07:29:44.599Z"}}, {"model": "sessions.session", "pk": "zdzhl0kx0g7i48734fh7wy7ffxr99cep", "fields": {"session_data": ".eJxVjDsOwjAQBe_iGlkJu_GHkp4zWGt7jQPIluKkQtydREqRtG9m3lc4WubslsaTG6O4CRSX4-YpvLlsIL6oPKsMtczT6OWmyJ02-aiRP_fdPR1kanmtyfbBMin2BINFbaFPdAVOJiiKA4Lxmiko1hY77Axoj0mvbkyQ2LD4_QH5Jjh9:1qcoOo:V0tqwmbujJRUoi8i6XlaHmQIPVgF3pAcOZ5cR-O66Pk", "expire_date": "2023-09-17T14:48:26.447Z"}}, {"model": "sessions.session", "pk": "ze6zp8ohq70hlu9ldgsjmo83hksl03gk", "fields": {"session_data": "e30:1qd3pp:jPCMvK9Y_wFLzSYkHb3S3JbUMrIUoyd5nFejKTrN7e0", "expire_date": "2023-09-18T07:17:21.528Z"}}, {"model": "sessions.session", "pk": "zeha9a4krfrjt94knmb5j2zmmdfw9lxl", "fields": {"session_data": "e30:1qdyQ8:xT7KKJorulFYnVJMbNmNe12t_6vSQCGfA-4_lvAs_nA", "expire_date": "2023-09-20T19:42:36.609Z"}}, {"model": "sessions.session", "pk": "zeqfdno5n0gxodywk1ozjhiwhtkti5yh", "fields": {"session_data": "e30:1qdTrp:tmEa4vhBUi5IqXFbMo1iZoKjGSacH2IZcxD5isEU6YA", "expire_date": "2023-09-19T11:05:09.822Z"}}, {"model": "sessions.session", "pk": "zfnxqmfzgogx98dy131je3iwia4pm78l", "fields": {"session_data": "e30:1qdjHN:3PCTvo_PWZiOojHsBI2Zjru52vHG2qP3pj0cFVVYMU0", "expire_date": "2023-09-20T03:32:33.042Z"}}, {"model": "sessions.session", "pk": "zgnfb6sts7w4samn0wa220l8s1aqj4cu", "fields": {"session_data": "e30:1qcytK:HXCwU8ygGdH7kwPDMns48oeT2uWH7YanA9xBtNjBh-4", "expire_date": "2023-09-18T02:00:38.586Z"}}, {"model": "sessions.session", "pk": "zgqll2kow26b0sl7031fh9w5vkjqfy6k", "fields": {"session_data": "e30:1qeQw0:A9RLJIvkfa5O-Pq8EL8K3ZvZaz7NdgBFkCz8PlvlgOQ", "expire_date": "2023-09-22T02:09:24.232Z"}}, {"model": "sessions.session", "pk": "ziyncavmswiod12mhhvn48r34glx3vnf", "fields": {"session_data": "e30:1qciDr:QWpoaBR7djFDPhJ564dCt3DF35CFlYziK4rzQrQCSkE", "expire_date": "2023-09-17T08:12:43.633Z"}}, {"model": "sessions.session", "pk": "zpjykdp0gb5trrnc1002l8bg79exeiii", "fields": {"session_data": "e30:1qeYdn:Y8Ojygc1iBciTQk8iU3NhfWGXEzcC6H-Hx3iLbgVT9s", "expire_date": "2023-09-22T10:23:07.644Z"}}, {"model": "sessions.session", "pk": "zpumk2omzzg1mgcgg42dydnx1xesb2s8", "fields": {"session_data": "e30:1qdzpS:SjSJ0xAkUEAwt-otpnOKL5gYtWFvCZPE0TEsxVcSgSY", "expire_date": "2023-09-20T21:12:50.458Z"}}, {"model": "sessions.session", "pk": "zqfkcu31zxjluc744tefmiyql796azfb", "fields": {"session_data": "e30:1qbcQe:WHAbGApPjo_icONIedZ0mtwtBqgSWtgFF6aRCLRmEM0", "expire_date": "2023-09-14T07:49:24.304Z"}}, {"model": "sessions.session", "pk": "zreo2w5owlfz8xs58gy019ycd7pd0bm6", "fields": {"session_data": "e30:1qc2ZV:J5qjlk3vj2pTvNfWvBZOcRXqaeeRxuOXd52R2PCRwy0", "expire_date": "2023-09-15T11:44:17.933Z"}}, {"model": "sessions.session", "pk": "zzc0x2rpmibl4e7l7r9d3wvsj98hhuzu", "fields": {"session_data": "e30:1qcMKv:4v9N9SFRZTRdgXy1G2EkKaSASu53g0o4ijOiEf9M714", "expire_date": "2023-09-16T08:50:33.214Z"}}, {"model": "sites.site", "pk": 1, "fields": {"domain": "aahaglobal.com", "name": "aahaglobal.com"}}, {"model": "main.state", "pk": "5fe02380-2148-4d16-aa6d-6bc499c8a4a2", "fields": {"created_at": "2023-09-07T10:32:45.281Z", "updated_at": "2023-09-07T10:32:45.281Z", "created_by": null, "name": "Kerala"}}, {"model": "main.district", "pk": "1608844b-5ee2-4c91-9139-bd774034c48c", "fields": {"created_at": "2023-09-07T10:34:59.490Z", "updated_at": "2023-09-07T10:34:59.490Z", "created_by": null, "state": "5fe02380-2148-4d16-aa6d-6bc499c8a4a2", "name": "Kannur"}}, {"model": "main.district", "pk": "1c09f33f-e5c6-4a7c-9215-5be020ec62d6", "fields": {"created_at": "2023-09-07T10:34:59.485Z", "updated_at": "2023-09-07T10:34:59.485Z", "created_by": null, "state": "5fe02380-2148-4d16-aa6d-6bc499c8a4a2", "name": "Kozhikode"}}, {"model": "main.district", "pk": "33c46b6a-5e1e-4c38-8822-76efa4e4c075", "fields": {"created_at": "2023-09-07T10:34:59.476Z", "updated_at": "2023-09-07T10:34:59.476Z", "created_by": null, "state": "5fe02380-2148-4d16-aa6d-6bc499c8a4a2", "name": "Ernakulam"}}, {"model": "main.district", "pk": "34f48c9f-8325-4702-9449-0cb8a6eeb394", "fields": {"created_at": "2023-09-07T10:34:59.469Z", "updated_at": "2023-09-07T10:34:59.469Z", "created_by": null, "state": "5fe02380-2148-4d16-aa6d-6bc499c8a4a2", "name": "Alappuzha"}}, {"model": "main.district", "pk": "407a6cf7-118e-4b8a-a60e-190a5e0cfe20", "fields": {"created_at": "2023-09-07T10:34:59.487Z", "updated_at": "2023-09-07T10:34:59.487Z", "created_by": null, "state": "5fe02380-2148-4d16-aa6d-6bc499c8a4a2", "name": "Wayanad"}}, {"model": "main.district", "pk": "41f135c3-e74c-40a6-af19-eab41c8ddcba", "fields": {"created_at": "2023-09-07T10:34:59.478Z", "updated_at": "2023-09-07T10:34:59.478Z", "created_by": null, "state": "5fe02380-2148-4d16-aa6d-6bc499c8a4a2", "name": "Thrissur"}}, {"model": "main.district", "pk": "68104ba4-2c10-4ad4-bf30-65bf5eff504a", "fields": {"created_at": "2023-09-07T10:34:59.463Z", "updated_at": "2023-09-07T10:34:59.463Z", "created_by": null, "state": "5fe02380-2148-4d16-aa6d-6bc499c8a4a2", "name": "Kollam"}}, {"model": "main.district", "pk": "9598f73f-4888-4c04-8c57-75363904d09a", "fields": {"created_at": "2023-09-07T10:34:59.492Z", "updated_at": "2023-09-07T10:34:59.492Z", "created_by": null, "state": "5fe02380-2148-4d16-aa6d-6bc499c8a4a2", "name": "Kasaragod"}}, {"model": "main.district", "pk": "ace17640-ec71-40b4-ac01-589dff97718f", "fields": {"created_at": "2023-09-07T10:34:59.461Z", "updated_at": "2023-09-07T10:34:59.461Z", "created_by": null, "state": "5fe02380-2148-4d16-aa6d-6bc499c8a4a2", "name": "Thiruvananthapuram"}}, {"model": "main.district", "pk": "b84f159a-a721-4f08-83f1-a393b8636a69", "fields": {"created_at": "2023-09-07T10:34:59.471Z", "updated_at": "2023-09-07T10:34:59.471Z", "created_by": null, "state": "5fe02380-2148-4d16-aa6d-6bc499c8a4a2", "name": "Kottayam"}}, {"model": "main.district", "pk": "bb01579c-e114-463b-a939-908da24d6a49", "fields": {"created_at": "2023-09-07T10:34:59.480Z", "updated_at": "2023-09-07T10:34:59.480Z", "created_by": null, "state": "5fe02380-2148-4d16-aa6d-6bc499c8a4a2", "name": "Palakkad"}}, {"model": "main.district", "pk": "ce5bc62f-bb49-4f9d-89ac-eeb3ee693067", "fields": {"created_at": "2023-09-07T10:33:00.616Z", "updated_at": "2023-09-07T10:33:00.616Z", "created_by": null, "state": "5fe02380-2148-4d16-aa6d-6bc499c8a4a2", "name": "Malappuram"}}, {"model": "main.district", "pk": "d30b2edc-30d8-495a-9b9f-d3caf326b616", "fields": {"created_at": "2023-09-07T10:34:59.474Z", "updated_at": "2023-09-07T10:34:59.474Z", "created_by": null, "state": "5fe02380-2148-4d16-aa6d-6bc499c8a4a2", "name": "Idukki"}}, {"model": "main.district", "pk": "f439384a-bbb0-412f-8fc7-d1045e18ee1c", "fields": {"created_at": "2023-09-07T10:34:59.466Z", "updated_at": "2023-09-07T10:34:59.466Z", "created_by": null, "state": "5fe02380-2148-4d16-aa6d-6bc499c8a4a2", "name": "Pathanamthitta"}}, {"model": "main.restaurant", "pk": "02d23abd-6f2a-47aa-b7e2-b4b25437788a", "fields": {"created_at": "2023-09-04T09:08:31.851Z", "updated_at": "2023-09-04T09:08:31.857Z", "created_by": null, "user": 8, "name": "Skyfort", "logo": "restaurant_logos/1706549.png", "phone": "1111111111", "district": null, "address": "Yeye", "is_blocked": false, "facebook_url": null, "instagram_url": null, "youtube_url": null, "twitter_url": null, "feature_image": "1", "feature_description": null}}, {"model": "main.restaurant", "pk": "3d44aba9-e11c-4c50-aa35-eafc7e6394e0", "fields": {"created_at": "2023-08-31T01:27:59.762Z", "updated_at": "2023-09-01T10:00:50.746Z", "created_by": null, "user": 5, "name": "Ahalya cafe", "logo": "restaurant_logos/images_-_2023-03-13T145949.754.jpeg", "phone": "9633391085", "district": null, "address": "Oo", "is_blocked": false, "facebook_url": null, "instagram_url": null, "youtube_url": null, "twitter_url": null, "feature_image": "1", "feature_description": null}}, {"model": "main.restaurant", "pk": "81456e14-73c5-4321-82db-3d14af9b96d2", "fields": {"created_at": "2023-09-08T22:23:27.393Z", "updated_at": "2023-09-08T22:23:27.396Z", "created_by": null, "user": 12, "name": "Nicole Petty", "logo": "", "phone": "+1 (922) 149-1927", "district": "b84f159a-a721-4f08-83f1-a393b8636a69", "address": "Non quod minim quo f", "is_blocked": false, "facebook_url": "https://www.tojiwonusehy.me", "instagram_url": "https://www.xujip.com", "youtube_url": "https://www.raninevowyd.cc", "twitter_url": "https://www.laziwaryjifep.com.au", "feature_image": "", "feature_description": null}}, {"model": "main.restaurant", "pk": "88d5643e-18c1-46fb-b57e-cde9c0af90a1", "fields": {"created_at": "2023-09-03T15:02:46.938Z", "updated_at": "2023-09-03T15:02:46.940Z", "created_by": null, "user": 7, "name": "Hello Restaurant", "logo": "", "phone": "808080808080", "district": null, "address": "Hello", "is_blocked": false, "facebook_url": null, "instagram_url": null, "youtube_url": null, "twitter_url": null, "feature_image": "1", "feature_description": null}}, {"model": "main.restaurant", "pk": "b7f84a63-4ec6-48c7-926f-042b5d9b052e", "fields": {"created_at": "2023-09-05T02:19:58.801Z", "updated_at": "2023-09-09T00:15:06.883Z", "created_by": null, "user": 10, "name": "Avanthika palace", "logo": "restaurant_logos/images_14.jpeg", "phone": "8714053286", "district": "ce5bc62f-bb49-4f9d-89ac-eeb3ee693067", "address": "Sjsk", "is_blocked": false, "facebook_url": "https://www.facebook.com/help/668969529866328", "instagram_url": "https://www.instagram.com", "youtube_url": "https://www.YouTube.com", "twitter_url": "https://www.Twitter.com/", "feature_image": "None/images_32.jpeg", "feature_description": "Whhehehehe\r\nNsjsjeje\r\nJsjejjeieidjb\r\nSjejjririri"}}, {"model": "main.restaurant", "pk": "c81c4a00-f3ed-4fa0-965c-404b6982a2f2", "fields": {"created_at": "2023-08-28T21:30:05.303Z", "updated_at": "2023-09-03T15:01:20.159Z", "created_by": null, "user": 4, "name": "Spice Hut Indian Restaurant", "logo": "restaurant_logos/logo.png", "phone": "+1 (863) 826-7663", "district": null, "address": "In et labore quis ni", "is_blocked": false, "facebook_url": "https://facebook.com", "instagram_url": null, "youtube_url": null, "twitter_url": null, "feature_image": "1", "feature_description": null}}, {"model": "main.restaurant", "pk": "cce21e16-04ff-4a32-ba28-a14196e5f439", "fields": {"created_at": "2023-09-02T08:53:31.978Z", "updated_at": "2023-09-02T08:53:31.981Z", "created_by": null, "user": 6, "name": "Freya Ramos", "logo": "", "phone": "+1 (421) 688-7449", "district": null, "address": "Veniam et aliqua E", "is_blocked": false, "facebook_url": "https://www.nicyredyvoci.info", "instagram_url": "https://www.puzalim.me.uk", "youtube_url": "https://www.mygiqaxohez.co.uk", "twitter_url": "https://www.zil.co.uk", "feature_image": "1", "feature_description": null}}, {"model": "main.restaurant", "pk": "f74a00bf-6d4c-457c-b55f-87cd5e2b3a46", "fields": {"created_at": "2023-09-08T22:18:40.951Z", "updated_at": "2023-09-08T22:18:40.961Z", "created_by": null, "user": 11, "name": "Jaquelyn Gutierrez", "logo": "", "phone": "+1 (605) 435-7002", "district": "407a6cf7-118e-4b8a-a60e-190a5e0cfe20", "address": "Est consequat Simi", "is_blocked": false, "facebook_url": "https://www.wuf.in", "instagram_url": "https://www.monoweqytaxihi.cm", "youtube_url": "https://www.dijigybavaxohe.me.uk", "twitter_url": "https://www.fyfaf.com", "feature_image": "", "feature_description": null}}, {"model": "main.defaultcategory", "pk": "123fc0fc-f51d-4343-a8a6-0dee66bf2801", "fields": {"created_at": "2023-08-28T20:39:15.873Z", "updated_at": "2023-08-28T20:39:15.873Z", "created_by": null, "name": "Burger", "image": "category_images/Burger.png", "description": ""}}, {"model": "main.defaultcategory", "pk": "4478a398-3565-4920-b595-709470b97b0b", "fields": {"created_at": "2023-08-28T20:39:15.875Z", "updated_at": "2023-08-28T20:39:15.875Z", "created_by": null, "name": "Steak", "image": "category_images/Steak.png", "description": ""}}, {"model": "main.defaultcategory", "pk": "5db456a5-de7c-4665-b5c9-930be3c73700", "fields": {"created_at": "2023-08-28T20:39:15.877Z", "updated_at": "2023-08-28T20:39:15.877Z", "created_by": null, "name": "Breakfast", "image": "category_images/Breakfast.png", "description": ""}}, {"model": "main.defaultcategory", "pk": "5eecabc5-b0ad-4592-abf5-c3990148eae8", "fields": {"created_at": "2023-08-28T20:39:15.876Z", "updated_at": "2023-08-28T22:17:16.138Z", "created_by": null, "name": "Softdrinks", "image": "category_images/Softdrinks_13WIwra.png", "description": ""}}, {"model": "main.defaultcategory", "pk": "942bf2d9-6ed4-43ea-a7a9-a1faf2e33fb4", "fields": {"created_at": "2023-08-28T20:39:15.871Z", "updated_at": "2023-08-28T20:39:15.871Z", "created_by": null, "name": "Fries", "image": "category_images/Fries.png", "description": ""}}, {"model": "main.defaultcategory", "pk": "a91f35f8-54fa-41d1-a345-e1bf3371be3c", "fields": {"created_at": "2023-08-28T20:39:15.878Z", "updated_at": "2023-08-28T20:39:15.878Z", "created_by": null, "name": "Salad", "image": "category_images/Salad.png", "description": ""}}, {"model": "main.defaultcategory", "pk": "c22d3f46-2742-4cea-a9d3-b4215288cbe3", "fields": {"created_at": "2023-08-28T20:39:15.872Z", "updated_at": "2023-08-28T20:39:15.872Z", "created_by": null, "name": "Pizza", "image": "category_images/Pizza.png", "description": ""}}, {"model": "main.defaultcategory", "pk": "ecc61c79-4648-420a-aca7-a7ed287deab8", "fields": {"created_at": "2023-08-28T20:39:15.874Z", "updated_at": "2023-08-28T20:39:15.874Z", "created_by": null, "name": "Sandwich", "image": "category_images/Sandwich.png", "description": ""}}, {"model": "main.defaultcategory", "pk": "f37f76ea-e857-4900-991b-1f387e3d8bb9", "fields": {"created_at": "2023-08-28T20:39:15.874Z", "updated_at": "2023-08-28T20:39:15.874Z", "created_by": null, "name": "Coffee", "image": "category_images/Coffee.png", "description": ""}}, {"model": "main.category", "pk": "04155ba9-97a7-48b5-a6ac-22ed57c32cb1", "fields": {"created_at": "2023-08-29T16:26:41.376Z", "updated_at": "2023-08-29T20:19:44.459Z", "created_by": null, "restaurant": "c81c4a00-f3ed-4fa0-965c-404b6982a2f2", "name": "Breakfast", "image": "category_images/Breakfast.png", "description": "Breakfast is the first meal of the day usually eaten in the morning. The word in English refers to breaking the fasting period of the previous night."}}, {"model": "main.category", "pk": "04b254b4-ae94-4564-bc3d-9e644e832f0e", "fields": {"created_at": "2023-09-08T22:23:27.406Z", "updated_at": "2023-09-08T22:23:27.406Z", "created_by": null, "restaurant": "81456e14-73c5-4321-82db-3d14af9b96d2", "name": "Pizza", "image": "category_images/Pizza.png", "description": ""}}, {"model": "main.category", "pk": "09750e4b-ff07-41c9-b0bb-d624a6fa7174", "fields": {"created_at": "2023-09-03T15:02:46.955Z", "updated_at": "2023-09-03T15:02:46.955Z", "created_by": null, "restaurant": "88d5643e-18c1-46fb-b57e-cde9c0af90a1", "name": "Steak", "image": "category_images/Steak.png", "description": ""}}, {"model": "main.category", "pk": "0cf21869-d5b9-45a8-ac02-4260b8aae6fe", "fields": {"created_at": "2023-08-28T22:13:34.822Z", "updated_at": "2023-08-28T22:13:34.822Z", "created_by": null, "restaurant": "c81c4a00-f3ed-4fa0-965c-404b6982a2f2", "name": "Fries", "image": "category_images/Fries.png", "description": ""}}, {"model": "main.category", "pk": "0e3f31b7-2f26-4477-991e-7e633e5fe1ad", "fields": {"created_at": "2023-09-05T02:19:58.811Z", "updated_at": "2023-09-05T02:19:58.811Z", "created_by": null, "restaurant": "b7f84a63-4ec6-48c7-926f-042b5d9b052e", "name": "Coffee", "image": "category_images/Coffee.png", "description": ""}}, {"model": "main.category", "pk": "10291570-884d-4adf-a186-92203bd9a92f", "fields": {"created_at": "2023-09-08T22:18:40.990Z", "updated_at": "2023-09-08T22:18:40.990Z", "created_by": null, "restaurant": "f74a00bf-6d4c-457c-b55f-87cd5e2b3a46", "name": "Softdrinks", "image": "category_images/Softdrinks_13WIwra.png", "description": ""}}, {"model": "main.category", "pk": "126771ab-e86c-49c0-aedd-d64c375136af", "fields": {"created_at": "2023-08-29T16:26:41.370Z", "updated_at": "2023-08-29T16:26:41.371Z", "created_by": null, "restaurant": "c81c4a00-f3ed-4fa0-965c-404b6982a2f2", "name": "Burger", "image": "category_images/Burger.png", "description": ""}}, {"model": "main.category", "pk": "159e3a91-2450-4f88-a815-db3511d16fa9", "fields": {"created_at": "2023-09-08T22:18:40.971Z", "updated_at": "2023-09-08T22:18:40.971Z", "created_by": null, "restaurant": "f74a00bf-6d4c-457c-b55f-87cd5e2b3a46", "name": "Breakfast", "image": "category_images/Breakfast.png", "description": ""}}, {"model": "main.category", "pk": "1e43b8ca-eed6-4136-978c-c80ac5a9b54c", "fields": {"created_at": "2023-09-08T22:23:27.403Z", "updated_at": "2023-09-08T22:23:27.403Z", "created_by": null, "restaurant": "81456e14-73c5-4321-82db-3d14af9b96d2", "name": "Burger", "image": "category_images/Burger.png", "description": ""}}, {"model": "main.category", "pk": "21620f6d-d183-4c34-9495-840d761b53f4", "fields": {"created_at": "2023-09-08T02:06:23.845Z", "updated_at": "2023-09-09T01:44:35.927Z", "created_by": null, "restaurant": "b7f84a63-4ec6-48c7-926f-042b5d9b052e", "name": "Beverages", "image": "category_images/images_60.jpeg", "description": ""}}, {"model": "main.category", "pk": "23ac328d-dab7-443f-b435-a7bd7bfc9766", "fields": {"created_at": "2023-08-28T22:13:34.831Z", "updated_at": "2023-08-28T22:13:34.831Z", "created_by": null, "restaurant": "c81c4a00-f3ed-4fa0-965c-404b6982a2f2", "name": "Salad", "image": "category_images/Salad.png", "description": ""}}, {"model": "main.category", "pk": "24be3bb7-ac64-4b68-b68d-ba992afa5119", "fields": {"created_at": "2023-09-08T22:23:27.409Z", "updated_at": "2023-09-08T22:23:27.409Z", "created_by": null, "restaurant": "81456e14-73c5-4321-82db-3d14af9b96d2", "name": "Sandwich", "image": "category_images/Sandwich.png", "description": ""}}, {"model": "main.category", "pk": "27dc02ef-8754-4f8a-bb02-fb8a4c9d658c", "fields": {"created_at": "2023-09-03T15:02:46.949Z", "updated_at": "2023-09-03T15:02:46.949Z", "created_by": null, "restaurant": "88d5643e-18c1-46fb-b57e-cde9c0af90a1", "name": "Coffee", "image": "category_images/Coffee.png", "description": ""}}, {"model": "main.category", "pk": "2df63c94-fdf1-4817-b6bb-09309ed3d8e2", "fields": {"created_at": "2023-09-07T09:49:59.642Z", "updated_at": "2023-09-09T02:08:00.701Z", "created_by": null, "restaurant": "b7f84a63-4ec6-48c7-926f-042b5d9b052e", "name": "Special Combo", "image": "category_images/images_61-01.jpeg", "description": ""}}, {"model": "main.category", "pk": "3216ff4c-1a40-4427-b7b9-e996bc626809", "fields": {"created_at": "2023-09-03T15:02:46.945Z", "updated_at": "2023-09-03T15:02:46.945Z", "created_by": null, "restaurant": "88d5643e-18c1-46fb-b57e-cde9c0af90a1", "name": "Breakfast", "image": "category_images/Breakfast.png", "description": ""}}, {"model": "main.category", "pk": "359822ab-96dc-4c8e-ad13-468d56f1931b", "fields": {"created_at": "2023-09-03T15:02:46.954Z", "updated_at": "2023-09-03T15:02:46.954Z", "created_by": null, "restaurant": "88d5643e-18c1-46fb-b57e-cde9c0af90a1", "name": "Softdrinks", "image": "category_images/Softdrinks_13WIwra.png", "description": ""}}, {"model": "main.category", "pk": "3611e33e-2b59-418f-b38a-28865b445d17", "fields": {"created_at": "2023-09-04T09:08:31.871Z", "updated_at": "2023-09-04T09:08:31.871Z", "created_by": null, "restaurant": "02d23abd-6f2a-47aa-b7e2-b4b25437788a", "name": "Fries", "image": "category_images/Fries.png", "description": ""}}, {"model": "main.category", "pk": "3958fc24-e6af-4597-84e2-a096afeebd07", "fields": {"created_at": "2023-09-08T22:18:40.993Z", "updated_at": "2023-09-08T22:18:40.993Z", "created_by": null, "restaurant": "f74a00bf-6d4c-457c-b55f-87cd5e2b3a46", "name": "Steak", "image": "category_images/Steak.png", "description": ""}}, {"model": "main.category", "pk": "3a49d96b-bc0a-4b2d-b879-e4653167adbb", "fields": {"created_at": "2023-09-04T09:08:31.875Z", "updated_at": "2023-09-04T09:08:31.875Z", "created_by": null, "restaurant": "02d23abd-6f2a-47aa-b7e2-b4b25437788a", "name": "Sandwich", "image": "category_images/Sandwich.png", "description": ""}}, {"model": "main.category", "pk": "3b11d240-4647-421d-8b79-ef52f0fe3a00", "fields": {"created_at": "2023-08-29T16:26:41.371Z", "updated_at": "2023-08-29T16:26:41.371Z", "created_by": null, "restaurant": "c81c4a00-f3ed-4fa0-965c-404b6982a2f2", "name": "Sandwich", "image": "category_images/Sandwich.png", "description": ""}}, {"model": "main.category", "pk": "3b754e3d-2e7b-4488-825b-06274f84389b", "fields": {"created_at": "2023-09-05T02:19:58.812Z", "updated_at": "2023-09-05T02:19:58.812Z", "created_by": null, "restaurant": "b7f84a63-4ec6-48c7-926f-042b5d9b052e", "name": "Fries", "image": "category_images/Fries.png", "description": ""}}, {"model": "main.category", "pk": "3d86db2c-2b37-45d6-b310-455d2778a4c5", "fields": {"created_at": "2023-09-08T22:23:27.401Z", "updated_at": "2023-09-08T22:23:27.401Z", "created_by": null, "restaurant": "81456e14-73c5-4321-82db-3d14af9b96d2", "name": "Breakfast", "image": "category_images/Breakfast.png", "description": ""}}, {"model": "main.category", "pk": "3f734be1-60ba-416b-96e7-3e87d7b8fb23", "fields": {"created_at": "2023-09-08T22:23:27.411Z", "updated_at": "2023-09-08T22:23:27.411Z", "created_by": null, "restaurant": "81456e14-73c5-4321-82db-3d14af9b96d2", "name": "Steak", "image": "category_images/Steak.png", "description": ""}}, {"model": "main.category", "pk": "40443047-d93d-4148-8a11-a5e046d4084d", "fields": {"created_at": "2023-09-08T22:18:40.981Z", "updated_at": "2023-09-08T22:18:40.981Z", "created_by": null, "restaurant": "f74a00bf-6d4c-457c-b55f-87cd5e2b3a46", "name": "Coffee", "image": "category_images/Coffee.png", "description": ""}}, {"model": "main.category", "pk": "4156236e-afc7-4b2c-b951-a221b6926c9d", "fields": {"created_at": "2023-09-08T22:23:27.410Z", "updated_at": "2023-09-08T22:23:27.410Z", "created_by": null, "restaurant": "81456e14-73c5-4321-82db-3d14af9b96d2", "name": "Softdrinks", "image": "category_images/Softdrinks_13WIwra.png", "description": ""}}, {"model": "main.category", "pk": "4a4b3104-0bea-47d5-92f2-555ec0ef1aaa", "fields": {"created_at": "2023-09-04T09:08:31.863Z", "updated_at": "2023-09-04T09:08:31.863Z", "created_by": null, "restaurant": "02d23abd-6f2a-47aa-b7e2-b4b25437788a", "name": "Breakfast", "image": "category_images/Breakfast.png", "description": ""}}, {"model": "main.category", "pk": "5a389cd2-fcdb-463e-a06e-2759790e7c62", "fields": {"created_at": "2023-08-31T13:25:19.131Z", "updated_at": "2023-08-31T13:25:19.134Z", "created_by": null, "restaurant": "3d44aba9-e11c-4c50-aa35-eafc7e6394e0", "name": "Chilli pepper", "image": "category_images/20KITCH1-articleLarge.jpg", "description": "6 cups thinly sliced bell pepper or other sweet pepper\r\n2 cups thinly sliced red onion\r\n1 jalapeo pepper, thinly sliced\r\n2 garlic cloves, minced\r\n3 tablespoons olive oil"}}, {"model": "main.category", "pk": "5b0404ba-7ee8-41cc-8f10-1d688c021a3a", "fields": {"created_at": "2023-09-08T22:18:40.989Z", "updated_at": "2023-09-08T22:18:40.989Z", "created_by": null, "restaurant": "f74a00bf-6d4c-457c-b55f-87cd5e2b3a46", "name": "Sandwich", "image": "category_images/Sandwich.png", "description": ""}}, {"model": "main.category", "pk": "5cd79e51-1e4d-4aff-8712-0bcd6589e7a8", "fields": {"created_at": "2023-09-08T22:23:27.404Z", "updated_at": "2023-09-08T22:23:27.404Z", "created_by": null, "restaurant": "81456e14-73c5-4321-82db-3d14af9b96d2", "name": "Coffee", "image": "category_images/Coffee.png", "description": ""}}, {"model": "main.category", "pk": "632de1b8-fe06-45ef-b6a3-9e1be9fb091e", "fields": {"created_at": "2023-08-29T16:26:41.373Z", "updated_at": "2023-08-29T16:26:41.373Z", "created_by": null, "restaurant": "c81c4a00-f3ed-4fa0-965c-404b6982a2f2", "name": "Coffee", "image": "category_images/Coffee.png", "description": ""}}, {"model": "main.category", "pk": "65d645af-7edf-4753-b435-f8b4aac062e4", "fields": {"created_at": "2023-09-04T09:09:56.870Z", "updated_at": "2023-09-04T09:09:56.874Z", "created_by": null, "restaurant": "02d23abd-6f2a-47aa-b7e2-b4b25437788a", "name": "Ice cream", "image": "category_images/tasty-colorful-ice-cream-cup-with-syrups-and-fruits-on-transparent-backg_zBgX77j.png", "description": "Tt"}}, {"model": "main.category", "pk": "68d0a680-cc17-4b13-a6f5-e15161d27198", "fields": {"created_at": "2023-08-31T13:21:24.723Z", "updated_at": "2023-08-31T13:21:24.727Z", "created_by": null, "restaurant": "3d44aba9-e11c-4c50-aa35-eafc7e6394e0", "name": "Pizza", "image": "category_images/images_1_1.jpeg", "description": "J"}}, {"model": "main.category", "pk": "6a51d4bc-1e7e-4ab0-b245-6be612b1954b", "fields": {"created_at": "2023-09-08T22:18:40.984Z", "updated_at": "2023-09-08T22:18:40.984Z", "created_by": null, "restaurant": "f74a00bf-6d4c-457c-b55f-87cd5e2b3a46", "name": "Fries", "image": "category_images/Fries.png", "description": ""}}, {"model": "main.category", "pk": "6a94f826-6f05-4eca-80a7-fd3aef0e769d", "fields": {"created_at": "2023-09-05T02:19:58.815Z", "updated_at": "2023-09-05T02:19:58.815Z", "created_by": null, "restaurant": "b7f84a63-4ec6-48c7-926f-042b5d9b052e", "name": "Sandwich", "image": "category_images/Sandwich.png", "description": ""}}, {"model": "main.category", "pk": "6eab37de-e369-492f-9b02-49d4224ed28f", "fields": {"created_at": "2023-09-07T14:09:46.725Z", "updated_at": "2023-09-09T01:59:24.562Z", "created_by": null, "restaurant": "b7f84a63-4ec6-48c7-926f-042b5d9b052e", "name": "Noodles", "image": "category_images/noodles-5464945-4558180_ozg9YIV.webp", "description": ""}}, {"model": "main.category", "pk": "716ee7a0-a387-4f21-8bbc-517e09ab50eb", "fields": {"created_at": "2023-08-28T22:13:34.828Z", "updated_at": "2023-08-28T22:13:34.828Z", "created_by": null, "restaurant": "c81c4a00-f3ed-4fa0-965c-404b6982a2f2", "name": "Steak", "image": "category_images/Steak.png", "description": ""}}, {"model": "main.category", "pk": "72f5c0da-2188-41a4-a5bf-f5b2b08342de", "fields": {"created_at": "2023-09-05T02:19:58.817Z", "updated_at": "2023-09-05T02:19:58.817Z", "created_by": null, "restaurant": "b7f84a63-4ec6-48c7-926f-042b5d9b052e", "name": "Steak", "image": "category_images/Steak.png", "description": ""}}, {"model": "main.category", "pk": "73735475-8d22-4003-a5fa-3136ba567afa", "fields": {"created_at": "2023-09-05T02:19:58.810Z", "updated_at": "2023-09-05T02:19:58.810Z", "created_by": null, "restaurant": "b7f84a63-4ec6-48c7-926f-042b5d9b052e", "name": "Burger", "image": "category_images/Burger.png", "description": ""}}, {"model": "main.category", "pk": "7d65a49d-7adc-418d-95af-cdeb01583e3f", "fields": {"created_at": "2023-09-04T09:08:31.872Z", "updated_at": "2023-09-04T09:08:31.872Z", "created_by": null, "restaurant": "02d23abd-6f2a-47aa-b7e2-b4b25437788a", "name": "Pizza", "image": "category_images/Pizza.png", "description": ""}}, {"model": "main.category", "pk": "82ba8526-b701-4b98-8236-c15a578134bf", "fields": {"created_at": "2023-09-04T09:08:31.877Z", "updated_at": "2023-09-04T09:08:31.877Z", "created_by": null, "restaurant": "02d23abd-6f2a-47aa-b7e2-b4b25437788a", "name": "Softdrinks", "image": "category_images/Softdrinks_13WIwra.png", "description": ""}}, {"model": "main.category", "pk": "8cf2d80d-51e8-46a1-99a1-06103f20b029", "fields": {"created_at": "2023-08-28T22:13:34.829Z", "updated_at": "2023-08-28T22:17:24.490Z", "created_by": null, "restaurant": "c81c4a00-f3ed-4fa0-965c-404b6982a2f2", "name": "Softdrinks", "image": "category_images/Softdrinks_8n80ADn.png", "description": ""}}, {"model": "main.category", "pk": "8edffdca-2643-478c-a230-9f9396e13944", "fields": {"created_at": "2023-09-08T22:18:40.985Z", "updated_at": "2023-09-08T22:18:40.985Z", "created_by": null, "restaurant": "f74a00bf-6d4c-457c-b55f-87cd5e2b3a46", "name": "Pizza", "image": "category_images/Pizza.png", "description": ""}}, {"model": "main.category", "pk": "8f91b325-88f3-46e7-8a4c-cacf614b99e8", "fields": {"created_at": "2023-09-04T09:08:31.880Z", "updated_at": "2023-09-04T09:08:31.880Z", "created_by": null, "restaurant": "02d23abd-6f2a-47aa-b7e2-b4b25437788a", "name": "Steak", "image": "category_images/Steak.png", "description": ""}}, {"model": "main.category", "pk": "92417ec9-5fac-49c1-ae2f-eb297c46b6d2", "fields": {"created_at": "2023-09-07T08:26:51.927Z", "updated_at": "2023-09-09T01:47:11.968Z", "created_by": null, "restaurant": "b7f84a63-4ec6-48c7-926f-042b5d9b052e", "name": "Biriyani", "image": "category_images/IMG_20230909_071648.jpg", "description": ""}}, {"model": "main.category", "pk": "9680e8c1-4bb4-47b7-8be6-08f6753c2b09", "fields": {"created_at": "2023-09-08T22:18:40.974Z", "updated_at": "2023-09-08T22:18:40.974Z", "created_by": null, "restaurant": "f74a00bf-6d4c-457c-b55f-87cd5e2b3a46", "name": "Burger", "image": "category_images/Burger.png", "description": ""}}, {"model": "main.category", "pk": "96b15c45-aaa7-4f90-8e3d-011d7ed935b1", "fields": {"created_at": "2023-09-05T02:19:58.809Z", "updated_at": "2023-09-05T02:19:58.809Z", "created_by": null, "restaurant": "b7f84a63-4ec6-48c7-926f-042b5d9b052e", "name": "Breakfast", "image": "category_images/Breakfast.png", "description": ""}}, {"model": "main.category", "pk": "98e81142-fc27-49c1-b2cc-0f8344572c41", "fields": {"created_at": "2023-09-08T22:18:40.988Z", "updated_at": "2023-09-08T22:18:40.988Z", "created_by": null, "restaurant": "f74a00bf-6d4c-457c-b55f-87cd5e2b3a46", "name": "Salad", "image": "category_images/Salad.png", "description": ""}}, {"model": "main.category", "pk": "99426c55-286c-4544-9d9b-5d0cc15bfe3b", "fields": {"created_at": "2023-09-08T22:23:27.405Z", "updated_at": "2023-09-08T22:23:27.405Z", "created_by": null, "restaurant": "81456e14-73c5-4321-82db-3d14af9b96d2", "name": "Fries", "image": "category_images/Fries.png", "description": ""}}, {"model": "main.category", "pk": "994585e9-8b2a-415f-bd13-fb7626eebb06", "fields": {"created_at": "2023-09-02T09:01:24.783Z", "updated_at": "2023-09-02T09:01:24.787Z", "created_by": null, "restaurant": "cce21e16-04ff-4a32-ba28-a14196e5f439", "name": "Hedwig Frye", "image": "category_images/macarons-2548827_640.jpg", "description": "Deserunt sapiente vo"}}, {"model": "main.category", "pk": "9c610678-668e-414b-8636-987fd9e6f4dc", "fields": {"created_at": "2023-08-28T22:13:34.823Z", "updated_at": "2023-08-28T22:13:34.823Z", "created_by": null, "restaurant": "c81c4a00-f3ed-4fa0-965c-404b6982a2f2", "name": "Pizza", "image": "category_images/Pizza.png", "description": ""}}, {"model": "main.category", "pk": "9d2bf433-4d28-4732-aab4-b96300c9d121", "fields": {"created_at": "2023-09-05T02:19:58.816Z", "updated_at": "2023-09-05T02:19:58.816Z", "created_by": null, "restaurant": "b7f84a63-4ec6-48c7-926f-042b5d9b052e", "name": "Softdrinks", "image": "category_images/Softdrinks_13WIwra.png", "description": ""}}, {"model": "main.category", "pk": "b0164c5e-6952-4b3e-ac93-177743888597", "fields": {"created_at": "2023-09-03T15:02:46.951Z", "updated_at": "2023-09-03T15:02:46.951Z", "created_by": null, "restaurant": "88d5643e-18c1-46fb-b57e-cde9c0af90a1", "name": "Pizza", "image": "category_images/Pizza.png", "description": ""}}, {"model": "main.category", "pk": "b5d069bb-e596-4519-a110-463cb8f86a8d", "fields": {"created_at": "2023-09-04T09:08:31.865Z", "updated_at": "2023-09-04T09:08:31.865Z", "created_by": null, "restaurant": "02d23abd-6f2a-47aa-b7e2-b4b25437788a", "name": "Burger", "image": "category_images/Burger.png", "description": ""}}, {"model": "main.category", "pk": "bde292b9-7f27-4aab-9076-425ae125e3e5", "fields": {"created_at": "2023-09-03T15:02:46.953Z", "updated_at": "2023-09-03T15:02:46.953Z", "created_by": null, "restaurant": "88d5643e-18c1-46fb-b57e-cde9c0af90a1", "name": "Sandwich", "image": "category_images/Sandwich.png", "description": ""}}, {"model": "main.category", "pk": "be7c9a59-ef50-4a26-908a-480596d69c16", "fields": {"created_at": "2023-09-03T15:02:46.952Z", "updated_at": "2023-09-03T15:02:46.952Z", "created_by": null, "restaurant": "88d5643e-18c1-46fb-b57e-cde9c0af90a1", "name": "Salad", "image": "category_images/Salad.png", "description": ""}}, {"model": "main.category", "pk": "c312dbf0-d297-4249-8d80-2cf3714795b9", "fields": {"created_at": "2023-09-04T09:08:31.874Z", "updated_at": "2023-09-04T09:08:31.874Z", "created_by": null, "restaurant": "02d23abd-6f2a-47aa-b7e2-b4b25437788a", "name": "Salad", "image": "category_images/Salad.png", "description": ""}}, {"model": "main.category", "pk": "c98e46b3-2ce0-4ea9-99e8-f379c3be6bca", "fields": {"created_at": "2023-09-04T09:27:22.229Z", "updated_at": "2023-09-04T09:27:22.232Z", "created_by": null, "restaurant": "c81c4a00-f3ed-4fa0-965c-404b6982a2f2", "name": "T", "image": "category_images/qrcode.png", "description": "Y"}}, {"model": "main.category", "pk": "e6a9e256-bb5a-4357-a754-34c168e0e77a", "fields": {"created_at": "2023-09-05T02:19:58.813Z", "updated_at": "2023-09-05T02:19:58.813Z", "created_by": null, "restaurant": "b7f84a63-4ec6-48c7-926f-042b5d9b052e", "name": "Pizza", "image": "category_images/Pizza.png", "description": ""}}, {"model": "main.category", "pk": "e9677910-2b3e-4a18-9dcd-dfdd2331b375", "fields": {"created_at": "2023-09-01T18:53:56.836Z", "updated_at": "2023-09-01T18:53:56.839Z", "created_by": null, "restaurant": "3d44aba9-e11c-4c50-aa35-eafc7e6394e0", "name": "Hh", "image": "category_images/download_18.jpeg", "description": "Hh"}}, {"model": "main.category", "pk": "ecc021cf-5d49-425c-a8ca-a3d41c111d9c", "fields": {"created_at": "2023-09-08T22:23:27.408Z", "updated_at": "2023-09-08T22:23:27.408Z", "created_by": null, "restaurant": "81456e14-73c5-4321-82db-3d14af9b96d2", "name": "Salad", "image": "category_images/Salad.png", "description": ""}}, {"model": "main.category", "pk": "ee518547-7ad9-4bcb-a0f4-b0cf77039891", "fields": {"created_at": "2023-09-03T15:02:46.950Z", "updated_at": "2023-09-03T15:02:46.950Z", "created_by": null, "restaurant": "88d5643e-18c1-46fb-b57e-cde9c0af90a1", "name": "Fries", "image": "category_images/Fries.png", "description": ""}}, {"model": "main.category", "pk": "f406ad4d-265a-4f53-814c-507f4a9b567a", "fields": {"created_at": "2023-09-04T09:08:31.868Z", "updated_at": "2023-09-04T09:08:31.868Z", "created_by": null, "restaurant": "02d23abd-6f2a-47aa-b7e2-b4b25437788a", "name": "Coffee", "image": "category_images/Coffee.png", "description": ""}}, {"model": "main.category", "pk": "f8a65bfc-6e55-4fc4-8cdd-54f098e853bc", "fields": {"created_at": "2023-09-05T02:19:58.814Z", "updated_at": "2023-09-05T02:19:58.814Z", "created_by": null, "restaurant": "b7f84a63-4ec6-48c7-926f-042b5d9b052e", "name": "Salad", "image": "category_images/Salad.png", "description": ""}}, {"model": "main.subcategory", "pk": "012a4c6b-0983-4e34-90d0-50ddb351d7ca", "fields": {"created_at": "2023-09-08T01:43:09.121Z", "updated_at": "2023-09-08T01:43:09.123Z", "created_by": null, "category": "6eab37de-e369-492f-9b02-49d4224ed28f", "name": "Chicken Noodles", "description": "bowl full of warm and freshly made noodles can turn your whole day upside down if you had been ..."}}, {"model": "main.subcategory", "pk": "05dbdcc6-4793-4cf0-b1b2-db708bb8c066", "fields": {"created_at": "2023-08-29T16:27:53.668Z", "updated_at": "2023-08-29T16:27:53.668Z", "created_by": null, "category": "04155ba9-97a7-48b5-a6ac-22ed57c32cb1", "name": "Breakfast Sandwiches", "description": ""}}, {"model": "main.subcategory", "pk": "1d1bcf2d-c323-43e4-b53f-c183f4139255", "fields": {"created_at": "2023-09-07T14:04:42.718Z", "updated_at": "2023-09-07T14:04:42.720Z", "created_by": null, "category": "92417ec9-5fac-49c1-ae2f-eb297c46b6d2", "name": "Egg Biriyani", "description": ""}}, {"model": "main.subcategory", "pk": "2476b4ac-6bd7-4eef-8f99-d080e3f25823", "fields": {"created_at": "2023-09-08T08:16:33.652Z", "updated_at": "2023-09-08T08:16:33.654Z", "created_by": null, "category": "21620f6d-d183-4c34-9495-840d761b53f4", "name": "Coffee", "description": "Caffeine is the first thing that comes to mind when you think about coffee. But coffee also contains antioxidants and other active substances that may reduce internal inflammati"}}, {"model": "main.subcategory", "pk": "26447a06-3c5d-47f7-96df-105ec1f325a3", "fields": {"created_at": "2023-09-08T08:40:22.536Z", "updated_at": "2023-09-08T08:40:22.538Z", "created_by": null, "category": "21620f6d-d183-4c34-9495-840d761b53f4", "name": "Apple Juice", "description": "Might Support Heart Health. Apple juice and apples have been proven in a study conducted by UC Davis School of Medicine to reduce the risk of heart disease. ..."}}, {"model": "main.subcategory", "pk": "2cc81321-f4d6-42a4-94c3-f3d690d90804", "fields": {"created_at": "2023-09-04T09:10:43.750Z", "updated_at": "2023-09-04T09:10:43.756Z", "created_by": null, "category": "65d645af-7edf-4753-b435-f8b4aac062e4", "name": "Yy", "description": "Yy"}}, {"model": "main.subcategory", "pk": "37db5a9d-0628-42ef-8658-83ead06702fe", "fields": {"created_at": "2023-09-07T08:27:56.068Z", "updated_at": "2023-09-07T08:27:56.070Z", "created_by": null, "category": "92417ec9-5fac-49c1-ae2f-eb297c46b6d2", "name": "Chicken biriyani", "description": "Chicken Biryani is a savory chicken and rice dish that includes layers of chicken, rice, and aromatics that are steamed together. The bottom layer of rice absorbs all the chicken juices as it cooks, giving it a tender texture and rich flavor, while the top layer of rice turns out white and fluffy"}}, {"model": "main.subcategory", "pk": "3eb3c2b1-5a68-4783-96dc-2b27aab5b273", "fields": {"created_at": "2023-09-08T08:32:12.096Z", "updated_at": "2023-09-08T08:32:12.098Z", "created_by": null, "category": "21620f6d-d183-4c34-9495-840d761b53f4", "name": "Grape Juice", "description": "Grape juice is a good source of several important nutrients, including vitamin C, manganese, and antioxidants. It's also linked to several health benefits. For example, it may support heart health, immune function, and digestive health. However, it's also high in sugar and has less fiber than whole fruits"}}, {"model": "main.subcategory", "pk": "4b2b3062-e232-442b-a2e5-1061ed3160d2", "fields": {"created_at": "2023-09-08T08:33:29.420Z", "updated_at": "2023-09-08T08:33:29.421Z", "created_by": null, "category": "21620f6d-d183-4c34-9495-840d761b53f4", "name": "Mango Juice", "description": "Mango juice is abundant in potassium and magnesium, two nutrients that assist in regulating blood pressure in the body. Daily mango juice can help one stay fit, maintain blood pressure, and manage hypertension. Drinking mango juice also ensures enough fluid to keep it balanced."}}, {"model": "main.subcategory", "pk": "4dec3597-bc16-48d5-9fec-62305d48a1eb", "fields": {"created_at": "2023-08-29T16:27:53.670Z", "updated_at": "2023-08-29T16:27:53.670Z", "created_by": null, "category": "04155ba9-97a7-48b5-a6ac-22ed57c32cb1", "name": "Pastries & Croissants", "description": ""}}, {"model": "main.subcategory", "pk": "50ef44ad-4775-45e8-8e65-421c5a73a2bc", "fields": {"created_at": "2023-09-04T09:28:44.375Z", "updated_at": "2023-09-04T09:28:44.378Z", "created_by": null, "category": "c98e46b3-2ce0-4ea9-99e8-f379c3be6bca", "name": "Tt", "description": "Tt"}}, {"model": "main.subcategory", "pk": "5babb778-2080-4b1c-b46b-92e32020e85c", "fields": {"created_at": "2023-09-05T02:38:44.577Z", "updated_at": "2023-09-05T02:38:44.580Z", "created_by": null, "category": "73735475-8d22-4003-a5fa-3136ba567afa", "name": "Portobello mushroom burger", "description": "Portobello mushrooms are a large, meaty variety of mushrooms with a rich, savory flavor and dense, toothsome texture. They're typically served grilled, broiled, stuffed, and as a meat substitute in sandwiches and burgers"}}, {"model": "main.subcategory", "pk": "5f43061a-dcc1-48b5-9ea7-5c213f64f8b1", "fields": {"created_at": "2023-09-08T08:37:06.116Z", "updated_at": "2023-09-08T08:37:06.119Z", "created_by": null, "category": "21620f6d-d183-4c34-9495-840d761b53f4", "name": "Lemon Juice", "description": "Lemon juice has many uses, from culinary to medicinal. Lemons are used all over the world in desserts, drinks, sauces, dips, and as a garnish for meat and fish dishes. Lemon juice is a natural cleaner and stain remover. Lemon oil provides the fragrance for perfumes, soaps, and skin creams"}}, {"model": "main.subcategory", "pk": "64f09d1c-b874-42ff-874d-26a37b55c8e6", "fields": {"created_at": "2023-09-08T08:06:37.114Z", "updated_at": "2023-09-08T08:06:37.117Z", "created_by": null, "category": "21620f6d-d183-4c34-9495-840d761b53f4", "name": "Lemon Tea", "description": "Lemon tea is prepared using black tea or green tea and by adding the right amount of lemon juice to it. When you add lemon juice to your tea, it changes the colour of tea. This effect is known as the bathochromic shift, and it also changes the taste of the tea. This unique taste makes it a wonderful cup of drink."}}, {"model": "main.subcategory", "pk": "65370308-5b69-48a1-b8b8-88e1379980ab", "fields": {"created_at": "2023-09-07T13:59:40.240Z", "updated_at": "2023-09-07T13:59:40.242Z", "created_by": null, "category": "92417ec9-5fac-49c1-ae2f-eb297c46b6d2", "name": "Beef Biriyani", "description": "Beef Biryani is a rice-based dish made with spices, rice (usually basmati) and beef, mutton, fish, eggs, or vegetables. Beef Biryani is a rice-based dish made with spices, rice (usually basmati) and beef, mutton, fish, eggs, or vegetables."}}, {"model": "main.subcategory", "pk": "6f6cc9e4-264c-4c69-87a9-268559894d27", "fields": {"created_at": "2023-09-07T09:36:45.317Z", "updated_at": "2023-09-07T09:36:45.319Z", "created_by": null, "category": "92417ec9-5fac-49c1-ae2f-eb297c46b6d2", "name": "Veg Biriyani", "description": "Biryani (/brjni/) is a mixed rice dish originating among the Muslims of South Asia and Iran. It is made with spices, vegetables, rice, and usually some type of meat (chicken, beef, goat, lamb, prawn, or fish). In some cases without any meat, and sometimes with eggs and potatoes."}}, {"model": "main.subcategory", "pk": "7a86cfa9-ea8b-4766-a269-c4fe49cf3deb", "fields": {"created_at": "2023-09-08T08:14:02.592Z", "updated_at": "2023-09-08T08:14:02.595Z", "created_by": null, "category": "21620f6d-d183-4c34-9495-840d761b53f4", "name": "Tea", "description": "Observational research has found that tea consumption of 2-3 cups daily is associated with a reduced risk of premature death, heart disease, stroke, and type 2 diabetes."}}, {"model": "main.subcategory", "pk": "8214d5d3-c7e8-4e73-aa94-a1c6eb787fdc", "fields": {"created_at": "2023-09-07T13:55:55.694Z", "updated_at": "2023-09-07T13:55:55.696Z", "created_by": null, "category": "92417ec9-5fac-49c1-ae2f-eb297c46b6d2", "name": "Prawn Biriyani", "description": "Prawn biryani is a dish made with layered rice and curried prawns spiced up with aromatic spices and cooked using the dum technique for a unique flavour. The 'Dum' or 'Dum Pukht' style of cooking this easy prawn biryani recipe calls for a heavy bottomed vessel with a lid."}}, {"model": "main.subcategory", "pk": "85549dba-e753-49d1-81da-ddd91c9bec93", "fields": {"created_at": "2023-09-05T02:25:34.006Z", "updated_at": "2023-09-05T02:25:34.008Z", "created_by": null, "category": "73735475-8d22-4003-a5fa-3136ba567afa", "name": "Veg Burger", "description": ""}}, {"model": "main.subcategory", "pk": "88eadeef-3662-4bea-a533-49eecd5e58f1", "fields": {"created_at": "2023-09-07T14:11:12.234Z", "updated_at": "2023-09-07T14:11:12.237Z", "created_by": null, "category": "6eab37de-e369-492f-9b02-49d4224ed28f", "name": "Veg-Noodles", "description": "Veg Noodles or Vegetable noodles is a simple yet delicious Indo-Chinese recipe where boiled noodles ..."}}, {"model": "main.subcategory", "pk": "9427d29a-964c-4196-934a-f64ea328708a", "fields": {"created_at": "2023-09-08T08:18:04.601Z", "updated_at": "2023-09-08T08:18:04.605Z", "created_by": null, "category": "21620f6d-d183-4c34-9495-840d761b53f4", "name": "Black Coffee", "description": "Black coffee boosts our metabolism rate by up to 50 percent and helps in burning excess body fat. It reduces the risk of cardiovascular diseases like stroke. Black coffee provides essential nutrients like Vitamin B2, B3, B5, Manganese, and Potassium. Black coffee helps in reducing the risk of gout by up to 60 percent."}}, {"model": "main.subcategory", "pk": "9d6c60e0-b3cf-4bbc-98ee-c0b808471ea2", "fields": {"created_at": "2023-08-29T16:27:53.671Z", "updated_at": "2023-08-29T16:27:53.671Z", "created_by": null, "category": "04155ba9-97a7-48b5-a6ac-22ed57c32cb1", "name": "Smoothie Bowls", "description": ""}}, {"model": "main.subcategory", "pk": "a0be2512-6816-43eb-b92a-38c034fb19b8", "fields": {"created_at": "2023-09-08T08:34:45.398Z", "updated_at": "2023-09-08T08:34:45.399Z", "created_by": null, "category": "21620f6d-d183-4c34-9495-840d761b53f4", "name": "Avocado juice", "description": "Avocado is a delicious and versatile fruit that also happens to be incredibly healthy. This buttery fruit is full of good-for-you monounsaturated fats, but with zero cholesterol."}}, {"model": "main.subcategory", "pk": "a69b249f-2d9f-4d60-a30b-862ded86721f", "fields": {"created_at": "2023-08-29T16:27:53.667Z", "updated_at": "2023-08-29T16:27:53.667Z", "created_by": null, "category": "04155ba9-97a7-48b5-a6ac-22ed57c32cb1", "name": "Fresh Fruits & Yogurt Parfaits", "description": ""}}, {"model": "main.subcategory", "pk": "af4818b3-eb16-4e50-9e8d-41ae3edd71cc", "fields": {"created_at": "2023-08-29T16:27:53.665Z", "updated_at": "2023-08-29T16:27:53.665Z", "created_by": null, "category": "04155ba9-97a7-48b5-a6ac-22ed57c32cb1", "name": "Cereals & Granola", "description": ""}}, {"model": "main.subcategory", "pk": "b2ca748d-6078-4842-9edb-9b9a4495fd27", "fields": {"created_at": "2023-09-08T08:38:25.688Z", "updated_at": "2023-09-08T08:38:25.690Z", "created_by": null, "category": "21620f6d-d183-4c34-9495-840d761b53f4", "name": "Mint Lime Juice", "description": "One of the best, healthy, and delicious drinks to sip during the scorching summers to revive your senses, Mint Juice is a scrumptious and wholesome concoction of mint leaves, lemon juice, sugar, salt and sometimes spices, and acts as a natural coolant for the body."}}, {"model": "main.subcategory", "pk": "cade2d42-97e5-4e5d-8501-ef33c7737cf6", "fields": {"created_at": "2023-08-29T16:27:53.663Z", "updated_at": "2023-08-29T16:27:53.663Z", "created_by": null, "category": "04155ba9-97a7-48b5-a6ac-22ed57c32cb1", "name": "Pancakes & Waffles", "description": ""}}, {"model": "main.subcategory", "pk": "d0a6a8e7-1b05-48b2-b286-9a4a45512f78", "fields": {"created_at": "2023-08-29T16:27:53.669Z", "updated_at": "2023-08-29T16:27:53.669Z", "created_by": null, "category": "04155ba9-97a7-48b5-a6ac-22ed57c32cb1", "name": "Breakfast Bowls", "description": ""}}, {"model": "main.subcategory", "pk": "d69da516-2308-4595-ad7f-ad8cdc514bc4", "fields": {"created_at": "2023-08-29T16:27:53.664Z", "updated_at": "2023-08-29T16:27:53.664Z", "created_by": null, "category": "04155ba9-97a7-48b5-a6ac-22ed57c32cb1", "name": "Breakfast Burritos", "description": ""}}, {"model": "main.subcategory", "pk": "de568d7f-7c11-47c3-b5a0-68a6f0274e8f", "fields": {"created_at": "2023-09-08T08:39:26.820Z", "updated_at": "2023-09-08T08:39:26.823Z", "created_by": null, "category": "21620f6d-d183-4c34-9495-840d761b53f4", "name": "Orange Juice", "description": "Orange juice is a liquid extract of the orange tree fruit, produced by squeezing or reaming oranges. It comes in several different varieties, including blood orange, navel oranges, valencia orange, clementine, and tangerine."}}, {"model": "main.subcategory", "pk": "f36cb6db-4e38-4750-bc64-7481f4088ac6", "fields": {"created_at": "2023-08-29T16:27:53.666Z", "updated_at": "2023-08-29T16:27:53.666Z", "created_by": null, "category": "04155ba9-97a7-48b5-a6ac-22ed57c32cb1", "name": "Toasts & Bagels", "description": ""}}, {"model": "main.product", "pk": "056be75d-7b2b-4c0d-a403-db0d4916df40", "fields": {"created_at": "2023-09-08T08:40:49.445Z", "updated_at": "2023-09-08T23:19:25.093Z", "created_by": null, "subcategory": "26447a06-3c5d-47f7-96df-105ec1f325a3", "name": "Apple Juice", "description": "Might Support Heart Health. Apple juice and apples have been proven in a study conducted by UC Davis School of Medicine to reduce the risk of heart disease. ...", "ingredients": "", "price": "50.00", "image": "product_images/images_43.jpeg", "is_popular": false, "is_vegetarian": false, "display_foodtype": false}}, {"model": "main.product", "pk": "0588623f-8245-47cc-a7a1-0f3d23927da8", "fields": {"created_at": "2023-08-29T20:31:03.082Z", "updated_at": "2023-09-03T14:33:14.251Z", "created_by": null, "subcategory": "d0a6a8e7-1b05-48b2-b286-9a4a45512f78", "name": "Pancakes", "description": "Indulge in the delightful and timeless comfort of homemade pancakes with our irresistible recipe. These golden-brown discs of fluffy goodness are a classic breakfast staple that never fails to bring joy to the table. With their tender texture and enticing aroma, our pancakes are the perfect canvas for your favorite toppings, whether it's a drizzle of maple syrup, a dollop of creamy butter, a sprinkle of fresh berries, or a handful of crunchy nuts. Whether you're enjoying a lazy weekend morning or a quick weekday treat, these pancakes are sure to brighten your day with their warm and inviting taste.", "ingredients": "1 cup all-purpose flour\n2 tablespoons granulated sugar\n1 teaspoon baking powder\n1/2 teaspoon baking soda\n1/4 teaspoon salt\n3/4 cup buttermilk\n1/4 cup milk\n1 large egg\n2 tablespoons unsalted butter, melted\n1 teaspoon vanilla extract\nCooking spray or additional butter for greasing the pan", "price": "100.00", "image": "product_images/pancakes-2291908_1280_EUTjE4K.jpg", "is_popular": true, "is_vegetarian": true, "display_foodtype": true}}, {"model": "main.product", "pk": "0d0457d9-b8e9-420f-bc1d-6311cb838196", "fields": {"created_at": "2023-09-07T14:05:28.518Z", "updated_at": "2023-09-07T14:06:51.012Z", "created_by": null, "subcategory": "1d1bcf2d-c323-43e4-b53f-c183f4139255", "name": "EGG Biriyani", "description": "Easy and quick yet impressive, this royal dish has eggs ...", "ingredients": "Basmati rice\r\nEggs\r\nOnion\r\nGreen chillies (slit)\r\nBay leaf", "price": "150.00", "image": "product_images/images_30_phqX2KK.jpeg", "is_popular": false, "is_vegetarian": false, "display_foodtype": true}}, {"model": "main.product", "pk": "2532365d-44cd-492c-97da-b80d76045329", "fields": {"created_at": "2023-08-29T20:31:03.086Z", "updated_at": "2023-09-03T14:33:14.244Z", "created_by": null, "subcategory": "d0a6a8e7-1b05-48b2-b286-9a4a45512f78", "name": "Icecream", "description": "Indulge in the delightful and timeless comfort of homemade pancakes with our irresistible recipe. These golden-brown discs of fluffy goodness are a classic breakfast staple that never fails to bring joy to the table. With their tender texture and enticing aroma, our pancakes are the perfect canvas for your favorite toppings, whether it's a drizzle of maple syrup, a dollop of creamy butter, a sprinkle of fresh berries, or a handful of crunchy nuts. Whether you're enjoying a lazy weekend morning or a quick weekday treat, these pancakes are sure to brighten your day with their warm and inviting taste.", "ingredients": "1 cup all-purpose flour\r\n2 tablespoons granulated sugar\r\n1 teaspoon baking powder\r\n1/2 teaspoon baking soda\r\n1/4 teaspoon salt\r\n3/4 cup buttermilk\r\n1/4 cup milk\r\n1 large egg\r\n2 tablespoons unsalted butter, melted\r\n1 teaspoon vanilla extract\r\nCooking spray or additional butter for greasing the pan", "price": "100.00", "image": "product_images/ice-cream-1274894_640.jpg", "is_popular": true, "is_vegetarian": true, "display_foodtype": true}}, {"model": "main.product", "pk": "2549fa56-4880-4eb0-8a19-a3e283825c86", "fields": {"created_at": "2023-09-04T09:11:28.879Z", "updated_at": "2023-09-04T09:13:44.050Z", "created_by": null, "subcategory": "2cc81321-f4d6-42a4-94c3-f3d690d90804", "name": "Ty", "description": "Yy", "ingredients": "Yy", "price": "120.00", "image": "product_images/purepng.com-ice-creamice-creamcreamfrozensweet-1411527618737ynzly.png", "is_popular": true, "is_vegetarian": true, "display_foodtype": true}}, {"model": "main.product", "pk": "36bdcaf5-7994-488f-ade7-15f8a7e9865f", "fields": {"created_at": "2023-09-08T01:44:05.604Z", "updated_at": "2023-09-08T01:44:43.438Z", "created_by": null, "subcategory": "012a4c6b-0983-4e34-90d0-50ddb351d7ca", "name": "Chicken Noodles", "description": "bowl full of warm and freshly made noodles can turn your whole day upside down if you had been ...", "ingredients": "250 grams egg noodles\r\n1 tablespoon garlic\r\n1/2 cup onion\r\n1 tablespoon spring onion whites\r\n2 tablespoon carrot", "price": "250.00", "image": "product_images/images_33.jpeg", "is_popular": false, "is_vegetarian": false, "display_foodtype": true}}, {"model": "main.product", "pk": "386d04e1-0f03-4f9a-8406-960c71b7ce27", "fields": {"created_at": "2023-09-07T13:57:05.432Z", "updated_at": "2023-09-07T13:57:05.432Z", "created_by": null, "subcategory": "8214d5d3-c7e8-4e73-aa94-a1c6eb787fdc", "name": "Prawn Biriyani", "description": "Prawn biryani is a dish made with layered rice and curried prawns spiced up with aromatic spices and cooked using the dum technique for a unique flavour. The 'Dum' or 'Dum Pukht' style of cooking this easy prawn biryani recipe calls for a heavy bottomed vessel with a lid.", "ingredients": "Biryani requires high-quality ingredients such as aged basmati rice, ghee, curd, saffron, powdered and whole spices, vegetables or meat etc. For example, using fresh ginger and garlic paste instead of store bought plays a huge role in the final flavor of the dish!", "price": "280.00", "image": "product_images/images_28.jpeg", "is_popular": true, "is_vegetarian": false, "display_foodtype": true}}, {"model": "main.product", "pk": "4a511d06-4457-4195-9ee5-fda6404b6193", "fields": {"created_at": "2023-09-08T08:33:00.584Z", "updated_at": "2023-09-08T23:43:13.265Z", "created_by": null, "subcategory": "3eb3c2b1-5a68-4783-96dc-2b27aab5b273", "name": "Grape Juice", "description": "Grape juice is a good source of several important nutrients, including vitamin C, manganese, and antioxidants. It's also linked to several health benefits. For example, it may support heart health, immune function, and digestive health. However, it's also high in sugar and has less fiber than whole fruits", "ingredients": "", "price": "50.00", "image": "product_images/images_39.jpeg", "is_popular": true, "is_vegetarian": false, "display_foodtype": false}}, {"model": "main.product", "pk": "53f4dc85-ce1f-4233-8d33-cca3b3e8b030", "fields": {"created_at": "2023-09-08T08:39:52.926Z", "updated_at": "2023-09-08T08:39:52.926Z", "created_by": null, "subcategory": "de568d7f-7c11-47c3-b5a0-68a6f0274e8f", "name": "Orange Juice", "description": "Orange juice is a liquid extract of the orange tree fruit, produced by squeezing or reaming oranges. It comes in several different varieties, including blood orange, navel oranges, valencia orange, clementine, and tangerine.", "ingredients": "", "price": "50.00", "image": "product_images/images_42.jpeg", "is_popular": true, "is_vegetarian": true, "display_foodtype": true}}, {"model": "main.product", "pk": "5e562a47-cb54-406b-91fe-5a18e41c70d9", "fields": {"created_at": "2023-08-29T20:31:03.084Z", "updated_at": "2023-09-03T14:33:14.248Z", "created_by": null, "subcategory": "d0a6a8e7-1b05-48b2-b286-9a4a45512f78", "name": "Macarons", "description": "Indulge in the delightful and timeless comfort of homemade pancakes with our irresistible recipe. These golden-brown discs of fluffy goodness are a classic breakfast staple that never fails to bring joy to the table. With their tender texture and enticing aroma, our pancakes are the perfect canvas for your favorite toppings, whether it's a drizzle of maple syrup, a dollop of creamy butter, a sprinkle of fresh berries, or a handful of crunchy nuts. Whether you're enjoying a lazy weekend morning or a quick weekday treat, these pancakes are sure to brighten your day with their warm and inviting taste.", "ingredients": "1 cup all-purpose flour\r\n2 tablespoons granulated sugar\r\n1 teaspoon baking powder\r\n1/2 teaspoon baking soda\r\n1/4 teaspoon salt\r\n3/4 cup buttermilk\r\n1/4 cup milk\r\n1 large egg\r\n2 tablespoons unsalted butter, melted\r\n1 teaspoon vanilla extract\r\nCooking spray or additional butter for greasing the pan", "price": "100.00", "image": "product_images/macarons-2548827_640.jpg", "is_popular": true, "is_vegetarian": true, "display_foodtype": true}}, {"model": "main.product", "pk": "67f03bb1-9535-41a7-a51a-04a9f29146f9", "fields": {"created_at": "2023-08-29T20:31:03.085Z", "updated_at": "2023-09-03T14:33:14.258Z", "created_by": null, "subcategory": "d0a6a8e7-1b05-48b2-b286-9a4a45512f78", "name": "Salmon", "description": "Indulge in the delightful and timeless comfort of homemade pancakes with our irresistible recipe. These golden-brown discs of fluffy goodness are a classic breakfast staple that never fails to bring joy to the table. With their tender texture and enticing aroma, our pancakes are the perfect canvas for your favorite toppings, whether it's a drizzle of maple syrup, a dollop of creamy butter, a sprinkle of fresh berries, or a handful of crunchy nuts. Whether you're enjoying a lazy weekend morning or a quick weekday treat, these pancakes are sure to brighten your day with their warm and inviting taste.", "ingredients": "1 cup all-purpose flour\r\n2 tablespoons granulated sugar\r\n1 teaspoon baking powder\r\n1/2 teaspoon baking soda\r\n1/4 teaspoon salt\r\n3/4 cup buttermilk\r\n1/4 cup milk\r\n1 large egg\r\n2 tablespoons unsalted butter, melted\r\n1 teaspoon vanilla extract\r\nCooking spray or additional butter for greasing the pan", "price": "100.00", "image": "product_images/salmon-518032_640.jpg", "is_popular": true, "is_vegetarian": true, "display_foodtype": true}}, {"model": "main.product", "pk": "6f3e3d5b-4e74-4f62-b4cc-bec44d4be940", "fields": {"created_at": "2023-09-07T14:00:44.645Z", "updated_at": "2023-09-07T14:00:44.645Z", "created_by": null, "subcategory": "65370308-5b69-48a1-b8b8-88e1379980ab", "name": "Beef Biriyani", "description": "Beef Biryani is a rice-based dish made with spices, rice (usually basmati) and beef, mutton, fish, eggs, or vegetables. Beef Biryani is a rice-based dish made with spices, rice (usually basmati) and beef, mutton, fish, eggs, or vegetables.", "ingredients": "Beef Biryani is a rice-based dish made with spices, rice (usually basmati) and beef, mutton, fish, eggs, or vegetables. The name is derived from the Persian word berya(n), which means \"fried\" or \"roasted\". Alternative spellings include biriani, biriyani, buriyani, beryani or beriani.", "price": "200.00", "image": "product_images/images_29.jpeg", "is_popular": true, "is_vegetarian": false, "display_foodtype": true}}, {"model": "main.product", "pk": "78098cf0-43a1-41f9-a0d5-f0bbbc239c86", "fields": {"created_at": "2023-09-05T02:40:40.310Z", "updated_at": "2023-09-05T02:42:37.031Z", "created_by": null, "subcategory": "5babb778-2080-4b1c-b46b-92e32020e85c", "name": "Portobello mushroom burger", "description": "Portobello mushrooms are a large, meaty variety of mushrooms with a rich, savory flavor and dense, toothsome texture. They're typically served grilled, broiled, stuffed, and as a meat substitute in sandwiches and burgers.", "ingredients": "portobello mushrooms\r\n4 Brioche Burger Buns, split\r\n250g haloumi, thinly sliced\r\n1 baby gem lettuce, shredded\r\n cup roasted red pepper strips, drained", "price": "180.00", "image": "product_images/portobello-mushroom-burger_thecozyapron_1.jpg", "is_popular": true, "is_vegetarian": true, "display_foodtype": true}}, {"model": "main.product", "pk": "7ec06e4a-2140-4ec4-b566-54fa3cdbbefa", "fields": {"created_at": "2023-08-29T20:31:03.081Z", "updated_at": "2023-09-03T14:33:14.230Z", "created_by": null, "subcategory": "d0a6a8e7-1b05-48b2-b286-9a4a45512f78", "name": "Asparagus", "description": "Indulge in the delightful and timeless comfort of homemade pancakes with our irresistible recipe. These golden-brown discs of fluffy goodness are a classic breakfast staple that never fails to bring joy to the table. With their tender texture and enticing aroma, our pancakes are the perfect canvas for your favorite toppings, whether it's a drizzle of maple syrup, a dollop of creamy butter, a sprinkle of fresh berries, or a handful of crunchy nuts. Whether you're enjoying a lazy weekend morning or a quick weekday treat, these pancakes are sure to brighten your day with their warm and inviting taste.", "ingredients": "1 cup all-purpose flour\r\n2 tablespoons granulated sugar\r\n1 teaspoon baking powder\r\n1/2 teaspoon baking soda\r\n1/4 teaspoon salt\r\n3/4 cup buttermilk\r\n1/4 cup milk\r\n1 large egg\r\n2 tablespoons unsalted butter, melted\r\n1 teaspoon vanilla extract\r\nCooking spray or additional butter for greasing the pan", "price": "100.00", "image": "product_images/asparagus-2169305_640.jpg", "is_popular": true, "is_vegetarian": true, "display_foodtype": true}}, {"model": "main.product", "pk": "86e7eab2-6c06-4f73-aa8b-0aeda017203c", "fields": {"created_at": "2023-09-07T08:29:50.798Z", "updated_at": "2023-09-07T08:29:50.798Z", "created_by": null, "subcategory": "37db5a9d-0628-42ef-8658-83ead06702fe", "name": "Chicken biriyani", "description": "Chicken Biryani is a savory chicken and rice dish that includes layers of chicken, rice, and aromatics that are steamed together. The bottom layer of rice absorbs all the chicken juices as it cooks, giving it a tender texture and rich flavor, while the top layer of rice turns out white and fluffy", "ingredients": "The spices and condiments used in biryani may include fennel seeds, ghee (clarified butter), nutmeg, mace, pepper, cloves, cardamom, cinnamon, bay leaves, coriander, mint, ginger, onions, tomatoes, green chilies, and garlic.", "price": "250.00", "image": "product_images/images_21.jpeg", "is_popular": true, "is_vegetarian": false, "display_foodtype": true}}, {"model": "main.product", "pk": "959956c3-ad15-43b0-a37b-93e9582e7d45", "fields": {"created_at": "2023-09-07T14:12:40.777Z", "updated_at": "2023-09-08T01:45:01.475Z", "created_by": null, "subcategory": "88eadeef-3662-4bea-a533-49eecd5e58f1", "name": "Veg Noodles", "description": "Veg Noodles or Vegetable noodles is a simple yet delicious Indo-Chinese recipe where boiled noodles ...", "ingredients": "300 grams noodles\r\n3-4 tablespoon oil (for cooking)\r\n1 tablespoon ginger (minced)\r\n1 tablespoon garlic (minced)\r\n1-2 green chili (slit vertically )", "price": "180.00", "image": "product_images/images_31.jpeg", "is_popular": true, "is_vegetarian": true, "display_foodtype": true}}, {"model": "main.product", "pk": "9669a876-ddbb-4df5-8ee2-2feac8525ded", "fields": {"created_at": "2023-09-08T08:19:10.473Z", "updated_at": "2023-09-08T08:19:10.473Z", "created_by": null, "subcategory": "9427d29a-964c-4196-934a-f64ea328708a", "name": "Black Coffee", "description": "Black coffee boosts our metabolism rate by up to 50 percent and helps in burning excess body fat. It reduces the risk of cardiovascular diseases like stroke. Black coffee provides essential nutrients like Vitamin B2, B3, B5, Manganese, and Potassium. Black coffee helps in reducing the risk of gout by up to 60 percent.", "ingredients": "", "price": "15.00", "image": "product_images/images_38.jpeg", "is_popular": true, "is_vegetarian": true, "display_foodtype": true}}, {"model": "main.product", "pk": "9dbe0d84-6502-4f2f-9c07-57ff94817f96", "fields": {"created_at": "2023-09-08T08:17:00.025Z", "updated_at": "2023-09-08T08:17:00.025Z", "created_by": null, "subcategory": "2476b4ac-6bd7-4eef-8f99-d080e3f25823", "name": "Coffee", "description": "Caffeine is the first thing that comes to mind when you think about coffee. But coffee also contains antioxidants and other active substances that may reduce internal inflammati", "ingredients": "", "price": "20.00", "image": "product_images/images_37.jpeg", "is_popular": false, "is_vegetarian": false, "display_foodtype": true}}, {"model": "main.product", "pk": "a08037ee-43ab-4e08-a4ec-c891a6360804", "fields": {"created_at": "2023-09-05T02:27:11.015Z", "updated_at": "2023-09-05T02:33:56.724Z", "created_by": null, "subcategory": "85549dba-e753-49d1-81da-ddd91c9bec93", "name": "Veggie Burger", "description": "A veggie burger is a hamburger made with a patty that does not contain meat, or the patty of such a hamburger. The patty may be made from ingredients like beans (especially soybeans and tofu), nuts, grains, seeds, or fungi such as mushrooms or mycoprotein.", "ingredients": "250 grams potatoes ((2 large or 2 cups cubed))\r\n2 medium carrots ((1 heaped cup cubed))\r\n cup beans (finely chopped (6 to 8 No))\r\n cup peas ((fresh or frozen))\r\n1 inch ginger ((1  tsp ginger paste or  tsp dry ginger p", "price": "160.00", "image": "product_images/images_3.jpeg", "is_popular": true, "is_vegetarian": true, "display_foodtype": true}}, {"model": "main.product", "pk": "a43b8c24-981e-48d9-816a-94549897f4ff", "fields": {"created_at": "2023-09-08T08:36:23.302Z", "updated_at": "2023-09-08T23:18:30.689Z", "created_by": null, "subcategory": "a0be2512-6816-43eb-b92a-38c034fb19b8", "name": "Avocado Juice", "description": "Avocado is a delicious and versatile fruit that also happens to be incredibly healthy. This buttery fruit is full of good-for-you monounsaturated fats, but with zero cholesterol.", "ingredients": "", "price": "60.00", "image": "product_images/images_44.jpeg", "is_popular": false, "is_vegetarian": false, "display_foodtype": false}}, {"model": "main.product", "pk": "c627d456-0bc9-4cab-ad68-15639e1311dd", "fields": {"created_at": "2023-09-08T08:38:54.777Z", "updated_at": "2023-09-08T08:38:54.777Z", "created_by": null, "subcategory": "b2ca748d-6078-4842-9edb-9b9a4495fd27", "name": "Mint Lime Juice", "description": "One of the best, healthy, and delicious drinks to sip during the scorching summers to revive your senses, Mint Juice is a scrumptious and wholesome concoction of mint leaves, lemon juice, sugar, salt and sometimes spices, and acts as a natural coolant for the body.", "ingredients": "", "price": "30.00", "image": "product_images/images_41.jpeg", "is_popular": true, "is_vegetarian": true, "display_foodtype": true}}, {"model": "main.product", "pk": "ceee690f-85a4-4330-adad-45a7c73fdc23", "fields": {"created_at": "2023-09-08T08:37:35.155Z", "updated_at": "2023-09-08T08:37:35.155Z", "created_by": null, "subcategory": "5f43061a-dcc1-48b5-9ea7-5c213f64f8b1", "name": "Lemon Juice", "description": "Lemon juice has many uses, from culinary to medicinal. Lemons are used all over the world in desserts, drinks, sauces, dips, and as a garnish for meat and fish dishes. Lemon juice is a natural cleaner and stain remover. Lemon oil provides the fragrance for perfumes, soaps, and skin creams", "ingredients": "", "price": "25.00", "image": "product_images/images_40.jpeg", "is_popular": false, "is_vegetarian": true, "display_foodtype": true}}, {"model": "main.product", "pk": "da77c916-29a6-4dba-a020-673b6a937245", "fields": {"created_at": "2023-08-29T20:31:03.080Z", "updated_at": "2023-09-03T14:33:14.239Z", "created_by": null, "subcategory": "d0a6a8e7-1b05-48b2-b286-9a4a45512f78", "name": "Cakes", "description": "Indulge in the delightful and timeless comfort of homemade pancakes with our irresistible recipe. These golden-brown discs of fluffy goodness are a classic breakfast staple that never fails to bring joy to the table. With their tender texture and enticing aroma, our pancakes are the perfect canvas for your favorite toppings, whether it's a drizzle of maple syrup, a dollop of creamy butter, a sprinkle of fresh berries, or a handful of crunchy nuts. Whether you're enjoying a lazy weekend morning or a quick weekday treat, these pancakes are sure to brighten your day with their warm and inviting taste.", "ingredients": "1 cup all-purpose flour\r\n2 tablespoons granulated sugar\r\n1 teaspoon baking powder\r\n1/2 teaspoon baking soda\r\n1/4 teaspoon salt\r\n3/4 cup buttermilk\r\n1/4 cup milk\r\n1 large egg\r\n2 tablespoons unsalted butter, melted\r\n1 teaspoon vanilla extract\r\nCooking spray or additional butter for greasing the pan", "price": "100.00", "image": "product_images/cake-1971552_640.jpg", "is_popular": true, "is_vegetarian": true, "display_foodtype": true}}, {"model": "main.product", "pk": "da9ab8ae-2712-4776-b8e9-3b965be4c16b", "fields": {"created_at": "2023-09-08T08:07:26.324Z", "updated_at": "2023-09-08T08:07:26.324Z", "created_by": null, "subcategory": "64f09d1c-b874-42ff-874d-26a37b55c8e6", "name": "Lemon Tea", "description": "Lemon tea is prepared using black tea or green tea and by adding the right amount of lemon juice to it. When you add lemon juice to your tea, it changes the colour of tea. This effect is known as the bathochromic shift, and it also changes the taste of the tea. This unique taste makes it a wonderful cup of drink.", "ingredients": "", "price": "15.00", "image": "product_images/images_36.jpeg", "is_popular": true, "is_vegetarian": false, "display_foodtype": true}}, {"model": "main.product", "pk": "db37d760-7a7e-4303-84d3-d4677b80d005", "fields": {"created_at": "2023-09-08T08:34:05.768Z", "updated_at": "2023-09-08T08:34:05.768Z", "created_by": null, "subcategory": "4b2b3062-e232-442b-a2e5-1061ed3160d2", "name": "Mango Juice", "description": "Mango juice is abundant in potassium and magnesium, two nutrients that assist in regulating blood pressure in the body. Daily mango juice can help one stay fit, maintain blood pressure, and manage hypertension. Drinking mango juice also ensures enough fluid to keep it balanced.", "ingredients": "", "price": "50.00", "image": "product_images/download_2.jpeg", "is_popular": false, "is_vegetarian": true, "display_foodtype": true}}, {"model": "main.product", "pk": "ea0c2159-dd8e-4148-810e-e67587c62317", "fields": {"created_at": "2023-09-07T09:38:44.664Z", "updated_at": "2023-09-07T09:38:44.664Z", "created_by": null, "subcategory": "6f6cc9e4-264c-4c69-87a9-268559894d27", "name": "Vegetable Biriyani", "description": "Biryani (/brjni/) is a mixed rice dish originating among the Muslims of South Asia and Iran. It is made with spices, vegetables, rice, and usually some type of meat (chicken, beef, goat, lamb, prawn, or fish). In some cases without any meat, and sometimes with eggs and potatoes.", "ingredients": "like to add a variety of vegetables when making this vegetarian dish. In this recipe, I have added a mix of cauliflower, onions, potatoes, carrots, french beans, bell pepper (capsicum), button mushrooms and green peas. You can even add aubergines, cabbage, broccoli,", "price": "200.00", "image": "product_images/images_22.jpeg", "is_popular": true, "is_vegetarian": true, "display_foodtype": true}}, {"model": "main.product", "pk": "ec69d63f-e6e3-435d-9ba8-270043ebefa7", "fields": {"created_at": "2023-09-08T08:14:31.551Z", "updated_at": "2023-09-08T08:14:31.551Z", "created_by": null, "subcategory": "7a86cfa9-ea8b-4766-a269-c4fe49cf3deb", "name": "Tea", "description": "Observational research has found that tea consumption of 2-3 cups daily is associated with a reduced risk of premature death, heart disease, stroke, and type 2 diabetes.", "ingredients": "", "price": "10.00", "image": "product_images/milk-tea-recipe.jpg", "is_popular": false, "is_vegetarian": false, "display_foodtype": true}}, {"model": "main.product", "pk": "f4587dc3-f27c-4568-947b-1a1115af8eee", "fields": {"created_at": "2023-08-29T16:28:15.282Z", "updated_at": "2023-09-03T14:33:14.235Z", "created_by": null, "subcategory": "d0a6a8e7-1b05-48b2-b286-9a4a45512f78", "name": "Breakfast", "description": "Indulge in the delightful and timeless comfort of homemade pancakes with our irresistible recipe. These golden-brown discs of fluffy goodness are a classic breakfast staple that never fails to bring joy to the table. With their tender texture and enticing aroma, our pancakes are the perfect canvas for your favorite toppings, whether it's a drizzle of maple syrup, a dollop of creamy butter, a sprinkle of fresh berries, or a handful of crunchy nuts. Whether you're enjoying a lazy weekend morning or a quick weekday treat, these pancakes are sure to brighten your day with their warm and inviting taste.", "ingredients": "1 cup all-purpose flour\r\n2 tablespoons granulated sugar\r\n1 teaspoon baking powder\r\n1/2 teaspoon baking soda\r\n1/4 teaspoon salt\r\n3/4 cup buttermilk\r\n1/4 cup milk\r\n1 large egg\r\n2 tablespoons unsalted butter, melted\r\n1 teaspoon vanilla extract\r\nCooking spray or additional butter for greasing the pan", "price": "100.00", "image": "product_images/breakfast-1804457_640.jpg", "is_popular": true, "is_vegetarian": false, "display_foodtype": true}}, {"model": "main.option", "pk": "09aa09d3-ac11-4298-b8f8-c49326837511", "fields": {"created_at": "2023-09-05T02:40:40.315Z", "updated_at": "2023-09-05T02:40:40.315Z", "created_by": null, "product": "78098cf0-43a1-41f9-a0d5-f0bbbc239c86", "name": "Full", "price": "180.00"}}, {"model": "main.option", "pk": "0b2b4ca7-fb91-4b8a-b580-dc7726ade6dc", "fields": {"created_at": "2023-09-08T08:14:31.555Z", "updated_at": "2023-09-08T08:14:31.555Z", "created_by": null, "product": "ec69d63f-e6e3-435d-9ba8-270043ebefa7", "name": "Full", "price": "10.00"}}, {"model": "main.option", "pk": "0b3cc31f-65db-4943-890d-a5387b5e689a", "fields": {"created_at": "2023-08-30T11:44:30.827Z", "updated_at": "2023-08-30T11:44:30.827Z", "created_by": null, "product": "7ec06e4a-2140-4ec4-b566-54fa3cdbbefa", "name": "Quarter", "price": "100.00"}}, {"model": "main.option", "pk": "1226f813-84db-4f38-9b82-6774d95cc339", "fields": {"created_at": "2023-09-08T01:44:05.619Z", "updated_at": "2023-09-08T01:44:05.619Z", "created_by": null, "product": "36bdcaf5-7994-488f-ade7-15f8a7e9865f", "name": "Full", "price": "150.00"}}, {"model": "main.option", "pk": "12bb96fc-e514-4e93-a795-b3b4570fd12a", "fields": {"created_at": "2023-08-30T12:25:14.074Z", "updated_at": "2023-08-30T12:25:14.074Z", "created_by": null, "product": "da77c916-29a6-4dba-a020-673b6a937245", "name": "Full", "price": "100.00"}}, {"model": "main.option", "pk": "12fca08b-e403-4ca9-bdf2-b718619d4ee9", "fields": {"created_at": "2023-09-08T08:07:26.329Z", "updated_at": "2023-09-08T08:07:26.329Z", "created_by": null, "product": "da9ab8ae-2712-4776-b8e9-3b965be4c16b", "name": "Full", "price": "15.00"}}, {"model": "main.option", "pk": "17b71354-4583-44cf-9c2a-45d04e0a9b86", "fields": {"created_at": "2023-09-08T08:39:52.930Z", "updated_at": "2023-09-08T08:39:52.930Z", "created_by": null, "product": "53f4dc85-ce1f-4233-8d33-cca3b3e8b030", "name": "Full", "price": "50.00"}}, {"model": "main.option", "pk": "26271256-a977-4817-a8db-8ca933588838", "fields": {"created_at": "2023-09-07T14:05:28.522Z", "updated_at": "2023-09-07T14:05:28.522Z", "created_by": null, "product": "0d0457d9-b8e9-420f-bc1d-6311cb838196", "name": "Full", "price": "150.00"}}, {"model": "main.option", "pk": "325053e8-9a07-4b74-9832-704ab16756c6", "fields": {"created_at": "2023-08-30T11:44:48.111Z", "updated_at": "2023-08-30T11:44:48.111Z", "created_by": null, "product": "7ec06e4a-2140-4ec4-b566-54fa3cdbbefa", "name": "Half", "price": "200.00"}}, {"model": "main.option", "pk": "371e9810-b8bd-43c3-9037-f04ac771035b", "fields": {"created_at": "2023-09-07T13:57:05.439Z", "updated_at": "2023-09-07T13:57:05.439Z", "created_by": null, "product": "386d04e1-0f03-4f9a-8406-960c71b7ce27", "name": "Full", "price": "280.00"}}, {"model": "main.option", "pk": "3a3f1f62-395e-4ad0-b7d0-448fb2390604", "fields": {"created_at": "2023-09-08T08:36:23.306Z", "updated_at": "2023-09-08T08:36:23.306Z", "created_by": null, "product": "a43b8c24-981e-48d9-816a-94549897f4ff", "name": "Full", "price": "60.00"}}, {"model": "main.option", "pk": "3fc2d648-a7bb-4f03-8244-ac06e8b7efb5", "fields": {"created_at": "2023-09-05T02:27:11.024Z", "updated_at": "2023-09-05T02:27:11.024Z", "created_by": null, "product": "a08037ee-43ab-4e08-a4ec-c891a6360804", "name": "Full", "price": "160.00"}}, {"model": "main.option", "pk": "44ef068b-1243-4c27-971c-2ae32e757243", "fields": {"created_at": "2023-09-09T00:17:41.554Z", "updated_at": "2023-09-09T00:17:41.555Z", "created_by": null, "product": "386d04e1-0f03-4f9a-8406-960c71b7ce27", "name": "Quarter", "price": "80.00"}}, {"model": "main.option", "pk": "6cfc6cde-4b2d-4eac-8b2a-064ca5e2d0c7", "fields": {"created_at": "2023-09-03T14:33:14.238Z", "updated_at": "2023-09-03T14:33:14.238Z", "created_by": null, "product": "f4587dc3-f27c-4568-947b-1a1115af8eee", "name": "Full", "price": "100.00"}}, {"model": "main.option", "pk": "75f189a5-566a-4311-b27b-13b1b28cbf58", "fields": {"created_at": "2023-09-03T14:33:14.246Z", "updated_at": "2023-09-03T14:33:14.246Z", "created_by": null, "product": "2532365d-44cd-492c-97da-b80d76045329", "name": "Full", "price": "100.00"}}, {"model": "main.option", "pk": "79ced1ee-b715-4070-b1b4-71df88481429", "fields": {"created_at": "2023-09-07T14:00:44.648Z", "updated_at": "2023-09-07T14:00:44.648Z", "created_by": null, "product": "6f3e3d5b-4e74-4f62-b4cc-bec44d4be940", "name": "Full", "price": "200.00"}}, {"model": "main.option", "pk": "85131dec-7047-415a-96df-a6265cb7d80a", "fields": {"created_at": "2023-09-04T09:11:28.885Z", "updated_at": "2023-09-04T09:11:28.885Z", "created_by": null, "product": "2549fa56-4880-4eb0-8a19-a3e283825c86", "name": "Full", "price": "120.00"}}, {"model": "main.option", "pk": "908a9ed0-d3e2-4c3a-8461-7bf87636fcb0", "fields": {"created_at": "2023-09-07T14:12:40.785Z", "updated_at": "2023-09-07T14:12:40.785Z", "created_by": null, "product": "959956c3-ad15-43b0-a37b-93e9582e7d45", "name": "Full", "price": "250.00"}}, {"model": "main.option", "pk": "9096ba20-143f-4a57-94ba-2084ecb86a9c", "fields": {"created_at": "2023-09-08T08:17:00.030Z", "updated_at": "2023-09-08T08:17:00.030Z", "created_by": null, "product": "9dbe0d84-6502-4f2f-9c07-57ff94817f96", "name": "Full", "price": "20.00"}}, {"model": "main.option", "pk": "91d6677c-79df-4254-8672-b3adb7d408bb", "fields": {"created_at": "2023-09-08T08:19:10.476Z", "updated_at": "2023-09-08T08:19:10.476Z", "created_by": null, "product": "9669a876-ddbb-4df5-8ee2-2feac8525ded", "name": "Full", "price": "15.00"}}, {"model": "main.option", "pk": "932eeae0-55fe-4d60-b6e8-ac7d74b034e5", "fields": {"created_at": "2023-09-03T14:33:14.250Z", "updated_at": "2023-09-03T14:33:14.250Z", "created_by": null, "product": "5e562a47-cb54-406b-91fe-5a18e41c70d9", "name": "Full", "price": "100.00"}}, {"model": "main.option", "pk": "957241a5-5982-42d2-82d5-3838cf536725", "fields": {"created_at": "2023-09-08T08:54:32.851Z", "updated_at": "2023-09-08T08:54:32.853Z", "created_by": null, "product": "056be75d-7b2b-4c0d-a403-db0d4916df40", "name": ".", "price": "50.00"}}, {"model": "main.option", "pk": "9f893e21-15a2-4340-91df-ebc92414a471", "fields": {"created_at": "2023-09-08T23:42:21.660Z", "updated_at": "2023-09-08T23:42:21.662Z", "created_by": null, "product": "4a511d06-4457-4195-9ee5-fda6404b6193", "name": "Juice", "price": "50.00"}}, {"model": "main.option", "pk": "b75bd098-e391-4392-a08f-93a1bc54da13", "fields": {"created_at": "2023-09-09T00:17:24.601Z", "updated_at": "2023-09-09T00:17:24.603Z", "created_by": null, "product": "386d04e1-0f03-4f9a-8406-960c71b7ce27", "name": "Half", "price": "150.00"}}, {"model": "main.option", "pk": "b8ff2247-a648-4de4-b77e-76849f6e6d1e", "fields": {"created_at": "2023-09-03T14:33:14.253Z", "updated_at": "2023-09-03T14:33:14.253Z", "created_by": null, "product": "0588623f-8245-47cc-a7a1-0f3d23927da8", "name": "Full", "price": "100.00"}}, {"model": "main.option", "pk": "dbdc82cc-981c-4f87-9329-020a6ae55059", "fields": {"created_at": "2023-09-08T08:37:35.160Z", "updated_at": "2023-09-08T08:37:35.160Z", "created_by": null, "product": "ceee690f-85a4-4330-adad-45a7c73fdc23", "name": "Full", "price": "25.00"}}, {"model": "main.option", "pk": "dd0500c3-016e-4f4e-b2c6-5ce131d3cea2", "fields": {"created_at": "2023-09-03T14:33:14.260Z", "updated_at": "2023-09-03T14:33:14.260Z", "created_by": null, "product": "67f03bb1-9535-41a7-a51a-04a9f29146f9", "name": "Full", "price": "100.00"}}, {"model": "main.option", "pk": "e8f49377-7877-4181-9331-7efd1e7a80f7", "fields": {"created_at": "2023-09-08T08:34:05.773Z", "updated_at": "2023-09-08T08:34:05.773Z", "created_by": null, "product": "db37d760-7a7e-4303-84d3-d4677b80d005", "name": "Full", "price": "50.00"}}, {"model": "main.option", "pk": "e94edb6c-b3d2-44a1-bc60-a31a951e61ee", "fields": {"created_at": "2023-08-30T11:44:48.111Z", "updated_at": "2023-08-30T11:44:48.111Z", "created_by": null, "product": "7ec06e4a-2140-4ec4-b566-54fa3cdbbefa", "name": "Full", "price": "400.00"}}, {"model": "main.option", "pk": "ea73866a-6446-4568-82c5-a9946c19cfac", "fields": {"created_at": "2023-09-07T08:29:50.802Z", "updated_at": "2023-09-07T08:29:50.802Z", "created_by": null, "product": "86e7eab2-6c06-4f73-aa8b-0aeda017203c", "name": "Full", "price": "250.00"}}, {"model": "main.option", "pk": "f181930e-2388-4d15-9837-a92a1cfacb78", "fields": {"created_at": "2023-09-07T17:25:27.961Z", "updated_at": "2023-09-07T17:25:27.964Z", "created_by": null, "product": "6f3e3d5b-4e74-4f62-b4cc-bec44d4be940", "name": "Half", "price": "130.00"}}, {"model": "main.option", "pk": "f6731dc9-e715-4a87-818e-b51cf3c9cb93", "fields": {"created_at": "2023-09-07T09:38:44.668Z", "updated_at": "2023-09-07T09:38:44.668Z", "created_by": null, "product": "ea0c2159-dd8e-4148-810e-e67587c62317", "name": "Full", "price": "200.00"}}, {"model": "main.option", "pk": "fcf365fb-e474-4d2b-810e-33c6b13fcc17", "fields": {"created_at": "2023-09-08T08:38:54.781Z", "updated_at": "2023-09-08T08:38:54.781Z", "created_by": null, "product": "c627d456-0bc9-4cab-ad68-15639e1311dd", "name": "Full", "price": "30.00"}}, {"model": "main.banner", "pk": 11, "fields": {"restaurant": "cce21e16-04ff-4a32-ba28-a14196e5f439", "image": "banners/rice.png"}}, {"model": "main.banner", "pk": 14, "fields": {"restaurant": "b7f84a63-4ec6-48c7-926f-042b5d9b052e", "image": "banners/images_14_SmEavnX.jpeg"}}, {"model": "main.cataloguead", "pk": 7, "fields": {"image": "catalogue/ads/images_27.jpeg", "display_upto": "2023-09-30", "display_in": ["cce21e16-04ff-4a32-ba28-a14196e5f439", "c81c4a00-f3ed-4fa0-965c-404b6982a2f2"]}}, {"model": "main.cataloguead", "pk": 8, "fields": {"image": "catalogue/ads/images_26_uBmmo9P.jpeg", "display_upto": "2023-09-29", "display_in": ["cce21e16-04ff-4a32-ba28-a14196e5f439"]}}, {"model": "main.cataloguead", "pk": 9, "fields": {"image": "catalogue/ads/images_25.jpeg", "display_upto": "2023-09-30", "display_in": ["b7f84a63-4ec6-48c7-926f-042b5d9b052e"]}}, {"model": "main.checkoutad", "pk": 1, "fields": {"image": "checkout/ads/images_27.jpeg", "display_upto": "2023-09-30", "display_in": ["b7f84a63-4ec6-48c7-926f-042b5d9b052e"]}}, {"model": "main.checkoutad", "pk": 2, "fields": {"image": "checkout/ads/images_26.jpeg", "display_upto": "2023-09-30", "display_in": ["c81c4a00-f3ed-4fa0-965c-404b6982a2f2"]}}, {"model": "main.productad", "pk": 5, "fields": {"image": "product/ads/images_-_2023-03-16T114241.387.jpeg", "display_upto": "2023-09-09", "display_in": []}}, {"model": "main.productad", "pk": 6, "fields": {"image": "product/ads/images_26.jpeg", "display_upto": "2023-09-09", "display_in": []}}, {"model": "main.productad", "pk": 7, "fields": {"image": "product/ads/images_25.jpeg", "display_upto": "2023-09-09", "display_in": []}}, {"model": "main.productad", "pk": 8, "fields": {"image": "product/ads/banner.png", "display_upto": "2023-09-30", "display_in": ["b7f84a63-4ec6-48c7-926f-042b5d9b052e"]}}, {"model": "main.productad", "pk": 9, "fields": {"image": "product/ads/images_18.jpeg", "display_upto": "2023-09-30", "display_in": ["c81c4a00-f3ed-4fa0-965c-404b6982a2f2"]}}, {"model": "main.cartitem", "pk": 10, "fields": {"restaurant": "b7f84a63-4ec6-48c7-926f-042b5d9b052e", "session_key": "qg6583118zcgun0hcoena85p8hdu6xd9", "product": "09aa09d3-ac11-4298-b8f8-c49326837511", "quantity": 2}}, {"model": "main.cartitem", "pk": 11, "fields": {"restaurant": "b7f84a63-4ec6-48c7-926f-042b5d9b052e", "session_key": "qg6583118zcgun0hcoena85p8hdu6xd9", "product": "3fc2d648-a7bb-4f03-8244-ac06e8b7efb5", "quantity": 3}}, {"model": "main.cartitem", "pk": 14, "fields": {"restaurant": "b7f84a63-4ec6-48c7-926f-042b5d9b052e", "session_key": "4wwcji6www6qamktf5aic427ekheikqx", "product": "3fc2d648-a7bb-4f03-8244-ac06e8b7efb5", "quantity": 11}}, {"model": "main.cartitem", "pk": 15, "fields": {"restaurant": "b7f84a63-4ec6-48c7-926f-042b5d9b052e", "session_key": "4wwcji6www6qamktf5aic427ekheikqx", "product": "09aa09d3-ac11-4298-b8f8-c49326837511", "quantity": 9}}, {"model": "main.cartitem", "pk": 17, "fields": {"restaurant": "c81c4a00-f3ed-4fa0-965c-404b6982a2f2", "session_key": "4wwcji6www6qamktf5aic427ekheikqx", "product": "e94edb6c-b3d2-44a1-bc60-a31a951e61ee", "quantity": 7}}, {"model": "main.cartitem", "pk": 18, "fields": {"restaurant": "c81c4a00-f3ed-4fa0-965c-404b6982a2f2", "session_key": "4wwcji6www6qamktf5aic427ekheikqx", "product": "325053e8-9a07-4b74-9832-704ab16756c6", "quantity": 5}}, {"model": "main.cartitem", "pk": 19, "fields": {"restaurant": "c81c4a00-f3ed-4fa0-965c-404b6982a2f2", "session_key": "4wwcji6www6qamktf5aic427ekheikqx", "product": "0b3cc31f-65db-4943-890d-a5387b5e689a", "quantity": 3}}, {"model": "main.cartitem", "pk": 20, "fields": {"restaurant": "c81c4a00-f3ed-4fa0-965c-404b6982a2f2", "session_key": "4wwcji6www6qamktf5aic427ekheikqx", "product": "75f189a5-566a-4311-b27b-13b1b28cbf58", "quantity": 3}}, {"model": "main.cartitem", "pk": 21, "fields": {"restaurant": "b7f84a63-4ec6-48c7-926f-042b5d9b052e", "session_key": "qwjhoy4sa2j7kbmcdc7rtby1b8nrstvj", "product": "09aa09d3-ac11-4298-b8f8-c49326837511", "quantity": 2}}, {"model": "main.cartitem", "pk": 29, "fields": {"restaurant": "c81c4a00-f3ed-4fa0-965c-404b6982a2f2", "session_key": "rmwcbsvzbbe95qde1k95j0tx2b0v13ng", "product": "325053e8-9a07-4b74-9832-704ab16756c6", "quantity": 2}}, {"model": "main.cartitem", "pk": 30, "fields": {"restaurant": "b7f84a63-4ec6-48c7-926f-042b5d9b052e", "session_key": "n6zul4192u1noqpk5ea9q2fqa6odqteo", "product": "79ced1ee-b715-4070-b1b4-71df88481429", "quantity": 1}}, {"model": "main.cartitem", "pk": 31, "fields": {"restaurant": "b7f84a63-4ec6-48c7-926f-042b5d9b052e", "session_key": "n6zul4192u1noqpk5ea9q2fqa6odqteo", "product": "908a9ed0-d3e2-4c3a-8461-7bf87636fcb0", "quantity": 1}}, {"model": "main.cartitem", "pk": 35, "fields": {"restaurant": "b7f84a63-4ec6-48c7-926f-042b5d9b052e", "session_key": "3a7ymv8wu9w1fegtwp1m92j80ns091zd", "product": "79ced1ee-b715-4070-b1b4-71df88481429", "quantity": 2}}, {"model": "main.cartitem", "pk": 36, "fields": {"restaurant": "b7f84a63-4ec6-48c7-926f-042b5d9b052e", "session_key": "3a7ymv8wu9w1fegtwp1m92j80ns091zd", "product": "f181930e-2388-4d15-9837-a92a1cfacb78", "quantity": 1}}, {"model": "main.cartitem", "pk": 38, "fields": {"restaurant": "b7f84a63-4ec6-48c7-926f-042b5d9b052e", "session_key": "d3ofolowbtbqlyplybgbqs1aariy50wx", "product": "79ced1ee-b715-4070-b1b4-71df88481429", "quantity": 1}}, {"model": "main.cartitem", "pk": 39, "fields": {"restaurant": "b7f84a63-4ec6-48c7-926f-042b5d9b052e", "session_key": "d3ofolowbtbqlyplybgbqs1aariy50wx", "product": "ea73866a-6446-4568-82c5-a9946c19cfac", "quantity": 2}}, {"model": "main.cartitem", "pk": 40, "fields": {"restaurant": "b7f84a63-4ec6-48c7-926f-042b5d9b052e", "session_key": "d3ofolowbtbqlyplybgbqs1aariy50wx", "product": "09aa09d3-ac11-4298-b8f8-c49326837511", "quantity": 2}}, {"model": "main.cartitem", "pk": 41, "fields": {"restaurant": "b7f84a63-4ec6-48c7-926f-042b5d9b052e", "session_key": "d3ofolowbtbqlyplybgbqs1aariy50wx", "product": "908a9ed0-d3e2-4c3a-8461-7bf87636fcb0", "quantity": 1}}, {"model": "main.cartitem", "pk": 50, "fields": {"restaurant": "b7f84a63-4ec6-48c7-926f-042b5d9b052e", "session_key": "nv4ttyfvuiqbx26yyibacs8e1nkcgdgf", "product": "0b2b4ca7-fb91-4b8a-b580-dc7726ade6dc", "quantity": 1}}, {"model": "main.cartitem", "pk": 51, "fields": {"restaurant": "b7f84a63-4ec6-48c7-926f-042b5d9b052e", "session_key": "nv4ttyfvuiqbx26yyibacs8e1nkcgdgf", "product": "17b71354-4583-44cf-9c2a-45d04e0a9b86", "quantity": 1}}, {"model": "main.cartitem", "pk": 52, "fields": {"restaurant": "b7f84a63-4ec6-48c7-926f-042b5d9b052e", "session_key": "nv4ttyfvuiqbx26yyibacs8e1nkcgdgf", "product": "fcf365fb-e474-4d2b-810e-33c6b13fcc17", "quantity": 1}}, {"model": "main.cartitem", "pk": 55, "fields": {"restaurant": "b7f84a63-4ec6-48c7-926f-042b5d9b052e", "session_key": "u5wg0rgiaovumg31o3jgkqz0pg3cmxe0", "product": "9f893e21-15a2-4340-91df-ebc92414a471", "quantity": 1}}, {"model": "main.cartitem", "pk": 62, "fields": {"restaurant": "b7f84a63-4ec6-48c7-926f-042b5d9b052e", "session_key": "igmlmnht4xzmuw4vy425e3fe6prelp53", "product": "fcf365fb-e474-4d2b-810e-33c6b13fcc17", "quantity": 28}}, {"model": "main.notification", "pk": 3, "fields": {"restaurant": "b7f84a63-4ec6-48c7-926f-042b5d9b052e", "notification": "Good morning..  Welcome to Avanthika palace"}}, {"model": "main.notification", "pk": 5, "fields": {"restaurant": "c81c4a00-f3ed-4fa0-965c-404b6982a2f2", "notification": "Hi"}}]